strain	date	source	genbank_acc
a/americancrow/ia/25002028001original/2025	2025-01-16	ncbi	PV336228.1
a/americancrow/pa/25002235001original/2025	2025-01-13	ncbi	PV336236.1
a/americancrow/pa/25002235002original/2025	2025-01-13	ncbi	PV336244.1
a/americanwigeon/az/25001910001original/2025	2025-01-04	ncbi	PV336252.1
a/americanwoodcock/ar/25003125001original/2025	2025-01-13	ncbi	PV336213.1
a/avian/ne/25003247001original/2025	2025-01-27	ncbi	PV336260.1
a/baldeagle/fl/25002422001original/2025	2025-01-20	ncbi	PV336268.1
a/baldeagle/fl/25003208002original/2025	2025-01-27	ncbi	PV336276.1
a/baldeagle/mi/25003067004original/2025	2025-01-23	ncbi	PV336284.1
a/baldeagle/ny/25002322001original/2025	2025-01-17	ncbi	PV336292.1
a/baldeagle/ohio/oh255320/2025	2025-02-05	ncbi	PV449008.1
a/baldeagle/pa/25002238001original/2025	2025-01-13	ncbi	PV336300.1
a/baldeagle/pa/25002239001original/2025	2025-01-15	ncbi	PV336308.1
a/baldeagle/pa/25002838001original/2025	2025-01-18	ncbi	PV336316.1
a/baldeagle/sc/25003364001original/2025	2025-01-24	ncbi	PV336324.1
a/barnowl/ca/25003273002original/2025	2025-01-17	ncbi	PV336332.1
a/blackcrownednightheron/ca/25003270001original/2025	2025-01-17	ncbi	PV336340.1
a/burrowingowl/ca/25003486001original/2025	2025-01-17	ncbi	PV336372.1
a/cacklinggoose/co/25002314001original/2025	2025-01-18	ncbi	PV336380.1
a/canadagoose/co/25001845001original/2025	2025-01-13	ncbi	PV336388.1
a/canadagoose/ct/25002429001original/2025	2025-01-22	ncbi	PV336396.1
a/canadagoose/ky/25003126001original/2025	2025-01-13	ncbi	PV336404.1
a/canadagoose/ma/25003321001original/2025	2025-01-27	ncbi	PV336412.1
a/canadagoose/mi/25002363002original/2025	2025-01-16	ncbi	PV336420.1
a/canadagoose/mi/25002665002original/2025	2025-01-22	ncbi	PV336428.1
a/canadagoose/mi/25003067002original/2025	2025-01-23	ncbi	PV336436.1
a/canadagoose/nd/25003472001original/2025	2025-01-27	ncbi	PV336444.1
a/canadagoose/nd/25003472003original/2025	2025-01-27	ncbi	PV336452.1
a/canadagoose/nd/25003472004original/2025	2025-01-27	ncbi	PV336460.1
a/canadagoose/ny/25002144001original/2025	2025-01-15	ncbi	PV336468.1
a/canadagoose/ny/25002144002original/2025	2025-01-15	ncbi	PV336476.1
a/canadagoose/ny/25002331001original/2025	2025-01-18	ncbi	PV336484.1
a/canadagoose/ny/25002736001original/2025	2025-01-21	ncbi	PV336492.1
a/canadagoose/ny/25002739001original/2025	2025-01-23	ncbi	PV336500.1
a/canadagoose/ny/25002918001original/2025	2025-01-21	ncbi	PV336508.1
a/canadagoose/ny/25002919001original/2025	2025-01-21	ncbi	PV336516.1
a/canadagoose/ny/25002920001original/2025	2025-01-21	ncbi	PV336524.1
a/canadagoose/ny/25002920002original/2025	2025-01-21	ncbi	PV336532.1
a/canadagoose/ny/25002921001original/2025	2025-01-21	ncbi	PV336540.1
a/canadagoose/ny/25002921002original/2025	2025-01-21	ncbi	PV336548.1
a/canadagoose/ny/25002921003original/2025	2025-01-21	ncbi	PV336556.1
a/canadagoose/ny/25002922001original/2025	2025-01-21	ncbi	PV336564.1
a/canadagoose/ny/25002924001original/2025	2025-01-24	ncbi	PV336572.1
a/canadagoose/ny/25003224001original/2025	2025-01-24	ncbi	PV336580.1
a/canadagoose/pa/25002842001original/2025	2025-01-18	ncbi	PV336588.1
a/canadagoose/pa/25003374001original/2025	2025-01-28	ncbi	PV336190.1
a/canadagoose/pa/25003377001original/2025	2025-01-28	ncbi	PV336596.1
a/canadagoose/tn/25003129001original/2025	2025-01-02	ncbi	PV336604.1
a/canadagoose/ut/25002900001original/2025	2025-01-21	ncbi	PV336612.1
a/canadagoose/wv/25001893001original/2025	2025-01-02	ncbi	PV336620.1
a/canadagoose/wv/25001893002original/2025	2025-01-02	ncbi	PV336628.1
a/chicken/az/25003936002original/2025	2025-02-03	ncbi	PV396379.1
a/chicken/az/25003936003original/2025	2025-02-03	ncbi	PV396387.1
a/chicken/az/25005798001original/2025	2025-02-13	ncbi	PV457288.1
a/chicken/az/25005798002original/2025	2025-02-13	ncbi	PV457296.1
a/chicken/az/25005798003original/2025	2025-02-13	ncbi	PV457304.1
a/chicken/az/25005798004original/2025	2025-02-13	ncbi	PV457312.1
a/chicken/az/25005798005original/2025	2025-02-13	ncbi	PV457320.1
a/chicken/az/25005798006original/2025	2025-02-13	ncbi	PV457328.1
a/chicken/az/25005798007original/2025	2025-02-13	ncbi	PV457336.1
a/chicken/az/25015760001original/2025	2025-05-16	ncbi	PV847381.1
a/chicken/az/25015760002original/2025	2025-05-16	ncbi	PV847389.1
a/chicken/az/25015760003original/2025	2025-05-16	ncbi	PV847397.1
a/chicken/az/25015760004original/2025	2025-05-16	ncbi	PV847405.1
a/chicken/az/25015760005original/2025	2025-05-16	ncbi	PV847413.1
a/chicken/az/25015760006original/2025	2025-05-16	ncbi	PV847421.1
a/chicken/az/25015760008original/2025	2025-05-16	ncbi	PV847429.1
a/chicken/az/25015760009original/2025	2025-05-16	ncbi	PV847437.1
a/chicken/az/25015760010original/2025	2025-05-16	ncbi	PV847445.1
a/chicken/az/25015760012original/2025	2025-05-16	ncbi	PV847453.1
a/chicken/az/25015760014original/2025	2025-05-16	ncbi	PV847461.1
a/chicken/az/25015760015original/2025	2025-05-16	ncbi	PV847469.1
a/chicken/az/25015760016original/2025	2025-05-16	ncbi	PV847477.1
a/chicken/az/25015760017original/2025	2025-05-16	ncbi	PV847485.1
a/chicken/az/25015760018original/2025	2025-05-16	ncbi	PV847493.1
a/chicken/az/25015760019original/2025	2025-05-16	ncbi	PV847501.1
a/chicken/az/25015760020original/2025	2025-05-16	ncbi	PV847509.1
a/chicken/az/25016339001original/2025	2025-05-22	ncbi	PV904709.1
a/chicken/az/25016339002original/2025	2025-05-22	ncbi	PV904717.1
a/chicken/az/25016339003original/2025	2025-05-22	ncbi	PV904725.1
a/chicken/az/25016339004original/2025	2025-05-22	ncbi	PV904733.1
a/chicken/az/25016339005original/2025	2025-05-22	ncbi	PV904741.1
a/chicken/az/25016339006original/2025	2025-05-22	ncbi	PV904749.1
a/chicken/az/25016339007original/2025	2025-05-22	ncbi	PV904757.1
a/chicken/az/25016339008original/2025	2025-05-22	ncbi	PV904765.1
a/chicken/az/25016339009original/2025	2025-05-22	ncbi	PV904773.1
a/chicken/az/25016340001original/2025	2025-05-22	ncbi	PV950263.1
a/chicken/az/25016340002original/2025	2025-05-22	ncbi	PV950271.1
a/chicken/az/25016837001original/2025	2025-05-29	ncbi	PV950279.1
a/chicken/az/25016837002original/2025	2025-05-29	ncbi	PV950287.1
a/chicken/az/25017017001original/2025	2025-05-31	ncbi	PV950295.1
a/chicken/az/25017017002original/2025	2025-05-31	ncbi	PV950303.1
a/chicken/az/25017017003original/2025	2025-05-31	ncbi	PV950311.1
a/chicken/az/25017017004original/2025	2025-05-31	ncbi	PV950319.1
a/chicken/az/25017017005original/2025	2025-05-31	ncbi	PV950327.1
a/chicken/az/25017216001original/2025	2025-06-04	ncbi	PV950335.1
a/chicken/az/25017216002original/2025	2025-06-04	ncbi	PV950343.1
a/chicken/az/25017630002original/2025	2025-06-05	ncbi	PV950351.1
a/chicken/ca/25000136003original/2025	2025-01-02	ncbibvbrc	PV161879.1
a/chicken/ca/25004955001original/2025	2025-02-06	ncbi	PV493845.1
a/chicken/ca/25004955002original/2025	2025-02-06	ncbi	PV493853.1
a/chicken/co/25004076001original/2025	2025-01-30	ncbi	PV396395.1
a/chicken/co/25004076002original/2025	2025-01-30	ncbi	PV396403.1
a/chicken/co/25004840001original/2025	2025-02-06	ncbi	PV493861.1
a/chicken/co/25004840002original/2025	2025-02-06	ncbi	PV493869.1
a/chicken/co/25004840003original/2025	2025-02-06	ncbi	PV493877.1
a/chicken/co/25004840004original/2025	2025-02-06	ncbi	PV493885.1
a/chicken/co/25004843001original/2025	2025-02-06	ncbi	PV493893.1
a/chicken/co/25004843002original/2025	2025-02-06	ncbi	PV493901.1
a/chicken/co/25008063001original/2025	2025-03-06	ncbi	PV572793.1
a/chicken/co/25008063002original/2025	2025-03-06	ncbi	PV572801.1
a/chicken/de/25000201001original/2025	2025-01-02	ncbibvbrc	PV161911.1
a/chicken/de/25000536001original/2025	2025-01-07	ncbibvbrc	PV161919.1
a/chicken/de/25000536002original/2025	2025-01-07	ncbibvbrc	PV161927.1
a/chicken/de/25000537001original/2025	2025-01-08	ncbibvbrc	PV161935.1
a/chicken/de/25000537002original/2025	2025-01-08	ncbibvbrc	PV161943.1
a/chicken/de/25002825001original/2025	2025-01-25	ncbi	PV338948.1
a/chicken/de/25005230001original/2025	2025-02-10	ncbi	PV493909.1
a/chicken/de/25005230002original/2025	2025-02-10	ncbi	PV493917.1
a/chicken/fl/25000345001original/2025	2025-01-02	ncbibvbrc	PV161951.1
a/chicken/fl/25000345002original/2025	2025-01-02	ncbibvbrc	PV161959.1
a/chicken/fl/25003206001original/2025	2025-01-28	ncbi	PV338956.1
a/chicken/fl/25003207001original/2025	2025-01-27	ncbi	PV338964.1
a/chicken/fl/25003207002original/2025	2025-01-27	ncbi	PV338972.1
a/chicken/fl/25006013001original/2025	2025-02-17	ncbi	PV457344.1
a/chicken/fl/25006013002original/2025	2025-02-17	ncbi	PV457352.1
a/chicken/fl/25006013003original/2025	2025-02-17	ncbi	PV457360.1
a/chicken/fl/25006814001original/2025	2025-02-24	ncbi	PV572809.1
a/chicken/fl/25006814002original/2025	2025-02-24	ncbi	PV572817.1
a/chicken/fl/25006816001original/2025	2025-02-25	ncbi	PV572825.1
a/chicken/fl/25006816002original/2025	2025-02-25	ncbi	PV572833.1
a/chicken/fl/25006816003original/2025	2025-02-25	ncbi	PV572841.1
a/chicken/fl/25009984001original/2025	2025-03-20	ncbi	PV625369.1
a/chicken/fl/25014787002original/2025	2025-05-05	ncbi	PV847517.1
a/chicken/ga/25000538001original/2025	2025-01-06	ncbibvbrc	PV161967.1
a/chicken/ga/25024057002original/2025	2025-08-29	ncbibvbrc	PX580314.1
a/chicken/ia/25000282001original/2025	2025-01-03	ncbibvbrc	PV161975.1
a/chicken/ia/25003747001original/2025	2025-02-01	ncbi	PV338980.1
a/chicken/ia/25008195001original/2025	2025-03-06	ncbi	PV616525.1
a/chicken/ia/25009015001original/2025	2025-03-13	ncbi	PV616533.1
a/chicken/ia/25009015002original/2025	2025-03-13	ncbi	PV616541.1
a/chicken/id/25000539001original/2025	2025-01-06	ncbibvbrc	PV162031.1
a/chicken/id/25003245001original/2025	2025-01-27	ncbi	PV338988.1
a/chicken/id/25003245002original/2025	2025-01-27	ncbi	PV338996.1
a/chicken/id/25017727001original/2025	2025-06-04	ncbi	PV950359.1
a/chicken/id/25017727003original/2025	2025-06-04	ncbi	PV950367.1
a/chicken/il/25009367001original/2025	2025-03-12	ncbi	PV616549.1
a/chicken/il/25009367002original/2025	2025-03-12	ncbi	PV616557.1
a/chicken/in/25002875001original/2025	2025-01-25	ncbi	PV339004.1
a/chicken/in/25002875003original/2025	2025-01-25	ncbi	PV339012.1
a/chicken/in/25002876001original/2025	2025-01-25	ncbi	PV339020.1
a/chicken/in/25002876002original/2025	2025-01-25	ncbi	PV339028.1
a/chicken/in/25003579001original/2025	2025-01-30	ncbi	PV339036.1
a/chicken/in/25003579002original/2025	2025-01-30	ncbi	PV339044.1
a/chicken/in/25003579003original/2025	2025-01-30	ncbi	PV339052.1
a/chicken/in/25003579004original/2025	2025-01-30	ncbi	PV339060.1
a/chicken/in/25004771003original/2025	2025-02-08	ncbi	PV493093.1
a/chicken/in/25004773002original/2025	2025-02-09	ncbi	PV493925.1
a/chicken/in/25004773003original/2025	2025-02-09	ncbi	PV493933.1
a/chicken/in/25004773004original/2025	2025-02-09	ncbi	PV493941.1
a/chicken/in/25004773005original/2025	2025-02-09	ncbi	PV493949.1
a/chicken/in/25004773006original/2025	2025-02-09	ncbi	PV493957.1
a/chicken/in/25004774017original/2025	2025-02-07	ncbi	PV493965.1
a/chicken/in/25004774018original/2025	2025-02-07	ncbi	PV493973.1
a/chicken/in/25004774019original/2025	2025-02-07	ncbi	PV493981.1
a/chicken/in/25004774020original/2025	2025-02-07	ncbi	PV493989.1
a/chicken/in/25005210001originalrepeat2/2025	2025-01-28	ncbi	PV616565.1
a/chicken/in/25005210002originalrepeat2/2025	2025-01-28	ncbi	PV616573.1
a/chicken/in/25005210003originalrepeat2/2025	2025-01-28	ncbi	PV616581.1
a/chicken/in/25005339002original/2025	2025-02-12	ncbi	PV493141.1
a/chicken/in/25005339003original/2025	2025-02-12	ncbi	PV493077.1
a/chicken/in/25005339004original/2025	2025-02-12	ncbi	PV493101.1
a/chicken/in/25005339005original/2025	2025-02-12	ncbi	PV493125.1
a/chicken/in/25005340001original/2025	2025-02-12	ncbi	PV493117.1
a/chicken/in/25005340003original/2025	2025-02-12	ncbi	PV493133.1
a/chicken/in/25006498001original/2025	2025-02-21	ncbi	PV572849.1
a/chicken/in/25006498002original/2025	2025-02-21	ncbi	PV572857.1
a/chicken/in/25006498003original/2025	2025-02-21	ncbi	PV572865.1
a/chicken/in/25008062001original/2025	2025-03-06	ncbi	PV572873.1
a/chicken/in/25009213001original/2025	2025-03-16	ncbi	PV615637.1
a/chicken/in/25009213002original/2025	2025-03-16	ncbi	PV615573.1
a/chicken/in/25010466001original/2025	2025-03-24	ncbi	PV625377.1
a/chicken/in/25014151001original/2025	2025-04-30	ncbi	PV847525.1
a/chicken/in/25014151002original/2025	2025-04-30	ncbi	PV847533.1
a/chicken/in/25014151003original/2025	2025-04-30	ncbi	PV847541.1
a/chicken/ks/25003850001original/2025	2025-02-03	ncbi	PV396411.1
a/chicken/ks/25003850004original/2025	2025-02-03	ncbi	PV396419.1
a/chicken/ks/25009238001original/2025	2025-03-14	ncbi	PV616589.1
a/chicken/ks/25009238002original/2025	2025-03-14	ncbi	PV616597.1
a/chicken/ks/25009496001original/2025	2025-03-18	ncbi	PV625385.1
a/chicken/ks/25009496002original/2025	2025-03-18	ncbi	PV625393.1
a/chicken/la/25004414001original/2025	2025-02-03	ncbi	PV396427.1
a/chicken/la/25004414002original/2025	2025-02-03	ncbi	PV396435.1
a/chicken/ma/25006664001original/2025	2025-02-24	ncbi	PV572881.1
a/chicken/md/25003479001original/2025	2025-01-28	ncbi	PV339068.1
a/chicken/md/25003479002original/2025	2025-01-28	ncbi	PV339076.1
a/chicken/md/25003830001original/2025	2025-01-31	ncbi	PV396443.1
a/chicken/md/25003830002original/2025	2025-01-31	ncbi	PV396451.1
a/chicken/md/25008577001original/2025	2025-03-10	ncbi	PV572889.1
a/chicken/md/25008577002original/2025	2025-03-10	ncbi	PV572897.1
a/chicken/md/25008577003original/2025	2025-03-10	ncbi	PV572905.1
a/chicken/md/25010529002original/2025	2025-03-23	ncbi	PV950375.1
a/chicken/md/25010529003original/2025	2025-03-23	ncbi	PV950383.1
a/chicken/md/25014921001original/2025	2025-05-06	ncbi	PV847549.1
a/chicken/md/25024664001original/2025	2025-09-09	ncbibvbrc	PX580322.1
a/chicken/me/25005928001original/2025	2025-02-14	ncbi	PV457368.1
a/chicken/me/25005928002original/2025	2025-02-14	ncbi	PV457376.1
a/chicken/me/25005928005original/2025	2025-02-14	ncbi	PV457384.1
a/chicken/me/25005928007original/2025	2025-02-14	ncbi	PV457392.1
a/chicken/me/25006674001original/2025	2025-02-24	ncbi	PV572913.1
a/chicken/me/25006674003original/2025	2025-02-24	ncbi	PV572921.1
a/chicken/mi/25003779001original/2025	2025-01-30	ncbi	PV396459.1
a/chicken/mi/25005174002original/2025	2025-02-12	ncbi	PV493997.1
a/chicken/mi/25006486001original/2025	2025-02-24	ncbi	PV572929.1
a/chicken/mi/25009831001original/2025	2025-03-20	ncbi	PV625401.1
a/chicken/mn/25004931003original/2025	2025-02-08	ncbi	PV494005.1
a/chicken/mn/25004931004original/2025	2025-02-08	ncbi	PV494013.1
a/chicken/mn/25013149001original/2025	2025-04-21	ncbi	PV792581.1
a/chicken/mn/25013149002original/2025	2025-04-21	ncbi	PV792589.1
a/chicken/mo/25000477001original/2025	2025-01-02	ncbibvbrc	PV162159.1
a/chicken/mo/25002892001original/2025	2025-01-26	ncbi	PV339084.1
a/chicken/mo/25002892002original/2025	2025-01-26	ncbi	PV339092.1
a/chicken/mo/25002892003original/2025	2025-01-26	ncbi	PV339100.1
a/chicken/mo/25003398001original/2025	2025-01-30	ncbi	PV339108.1
a/chicken/mo/25003398002original/2025	2025-01-30	ncbi	PV339116.1
a/chicken/mo/25004198001original/2025	2025-02-05	ncbi	PV396467.1
a/chicken/mo/25004198002original/2025	2025-02-05	ncbi	PV396475.1
a/chicken/mo/25009616002original/2025	2025-03-18	ncbi	PV625409.1
a/chicken/mt/25009378001original/2025	2025-03-18	ncbi	PV616605.1
a/chicken/mt/25009378002original/2025	2025-03-18	ncbi	PV616613.1
a/chicken/mt/25009378003original/2025	2025-03-18	ncbi	PV616621.1
a/chicken/mt/25009378004original/2025	2025-03-18	ncbi	PV616629.1
a/chicken/nc/25000300001original/2025	2025-01-06	ncbibvbrc	PV162183.1
a/chicken/nc/25000300002original/2025	2025-01-06	ncbibvbrc	PV162191.1
a/chicken/nc/25007056001original/2025	2025-02-17	ncbi	PV572969.1
a/chicken/nd/25013300001original/2025	2025-04-22	ncbi	PV792597.1
a/chicken/nd/25024431001original/2025	2025-09-08	ncbibvbrc	PX580330.1
a/chicken/ne/25002670004original/2025	2025-01-23	ncbi	PV339124.1
a/chicken/ne/25003247002original/2025	2025-01-27	ncbi	PV339132.1
a/chicken/ne/25003247004original/2025	2025-01-27	ncbi	PV339140.1
a/chicken/ne/25005224001originalrepeat2/2025	2025-02-11	ncbi	PV616637.1
a/chicken/ne/25008023001original/2025	2025-03-06	ncbi	PV572977.1
a/chicken/ne/25008023002original/2025	2025-03-06	ncbi	PV572985.1
a/chicken/nj/25008459006original/2025	2025-03-04	ncbi	PV572993.1
a/chicken/nj/25008463009original/2025	2025-03-05	ncbi	PV573001.1
a/chicken/nj/25008464003original/2025	2025-03-07	ncbi	PV573009.1
a/chicken/nj/25008464005original/2025	2025-03-07	ncbi	PV573017.1
a/chicken/nj/25008464006original/2025	2025-03-07	ncbi	PV573025.1
a/chicken/nj/25008464009original/2025	2025-03-07	ncbi	PV573033.1
a/chicken/nj/25008575003original/2025	2025-03-10	ncbi	PV573041.1
a/chicken/nj/25009510001original/2025	2025-03-14	ncbi	PV616645.1
a/chicken/nj/25009510002original/2025	2025-03-14	ncbi	PV616653.1
a/chicken/nj/25009510008original/2025	2025-03-14	ncbi	PV616661.1
a/chicken/nj/25009510009original/2025	2025-03-14	ncbi	PV616669.1
a/chicken/nj/25016338002original/2025	2025-05-20	ncbi	PV904781.1
a/chicken/nm/25006931001original/2025	2025-02-26	ncbi	PV573049.1
a/chicken/nm/25009470001original/2025	2025-03-17	ncbi	PV616677.1
a/chicken/nm/25011508001originalrepeat2/2025	2025-03-31	ncbi	PV709629.1
a/chicken/nv/25005483001original/2025	2025-02-12	ncbi	PV457400.1
a/chicken/ny/25002734001originalrepeat/2025	2025-01-22	ncbi	PV625129.1
a/chicken/ny/25003808001original/2025	2025-01-30	ncbi	PV396483.1
a/chicken/ny/25003808002original/2025	2025-01-30	ncbi	PV396491.1
a/chicken/ny/25003857005original/2025	2025-01-28	ncbi	PV396499.1
a/chicken/ny/25004071003original/2025	2025-02-02	ncbi	PV339148.1
a/chicken/ny/25004071004original/2025	2025-02-02	ncbi	PV339156.1
a/chicken/ny/25004071005original/2025	2025-02-02	ncbi	PV339164.1
a/chicken/ny/25004071008original/2025	2025-02-02	ncbi	PV339172.1
a/chicken/ny/25004074002original/2025	2025-02-03	ncbi	PV396507.1
a/chicken/ny/25004074003original/2025	2025-02-03	ncbi	PV396515.1
a/chicken/ny/25004074005original/2025	2025-02-03	ncbi	PV396523.1
a/chicken/ny/25004295001original/2025	2025-02-03	ncbi	PV396531.1
a/chicken/ny/25004295005original/2025	2025-02-03	ncbi	PV396539.1
a/chicken/ny/25004295006original/2025	2025-02-03	ncbi	PV396547.1
a/chicken/ny/25004295007original/2025	2025-02-03	ncbi	PV396555.1
a/chicken/ny/25004295008original/2025	2025-02-03	ncbi	PV396563.1
a/chicken/ny/25004295009original/2025	2025-02-03	ncbi	PV396571.1
a/chicken/ny/25006012001original/2025	2025-02-18	ncbi	PV456032.1
a/chicken/ny/25006012003original/2025	2025-02-18	ncbi	PV456016.1
a/chicken/ny/25006012005original/2025	2025-02-18	ncbi	PV456008.1
a/chicken/ny/25007069001original/2025	2025-02-22	ncbi	PV573057.1
a/chicken/ny/25008065001original/2025	2025-03-06	ncbi	PV573065.1
a/chicken/ny/25008065002original/2025	2025-03-06	ncbi	PV573073.1
a/chicken/ny/25008065008original/2025	2025-03-06	ncbi	PV573081.1
a/chicken/ny/25008067002original/2025	2025-03-06	ncbi	PV573089.1
a/chicken/ny/25008067003original/2025	2025-03-06	ncbi	PV573097.1
a/chicken/ny/25008067004original/2025	2025-03-06	ncbi	PV573105.1
a/chicken/ny/25008067005original/2025	2025-03-06	ncbi	PV573113.1
a/chicken/ny/25008067006original/2025	2025-03-06	ncbi	PV573121.1
a/chicken/ny/25008067007original/2025	2025-03-06	ncbi	PV573129.1
a/chicken/ny/25008067008original/2025	2025-03-06	ncbi	PV573137.1
a/chicken/ny/25008296005original/2025	2025-03-07	ncbi	PV573145.1
a/chicken/ny/25009621001original/2025	2025-03-18	ncbi	PV649563.1
a/chicken/ny/25010293001original/2025	2025-03-24	ncbi	PV625417.1
a/chicken/ny/25010293002original/2025	2025-03-24	ncbi	PV625425.1
a/chicken/ny/25010791001original/2025	2025-03-28	ncbi	PV649571.1
a/chicken/ny/25010791002original/2025	2025-03-28	ncbi	PV649579.1
a/chicken/ny/25010935001original/2025	2025-03-31	ncbi	PV649587.1
a/chicken/ny/25010935002original/2025	2025-03-31	ncbi	PV649595.1
a/chicken/ny/25010935005original/2025	2025-03-31	ncbi	PV649603.1
a/chicken/ny/25010935006original/2025	2025-03-31	ncbi	PV649611.1
a/chicken/ny/25010935007original/2025	2025-03-31	ncbi	PV649619.1
a/chicken/ny/25010935008original/2025	2025-03-31	ncbi	PV649627.1
a/chicken/ny/25013275002original/2025	2025-04-22	ncbi	PV792605.1
a/chicken/ny/25013275007original/2025	2025-04-22	ncbi	PV792613.1
a/chicken/ny/25013275010original/2025	2025-04-22	ncbi	PV792621.1
a/chicken/ny/25023583001original/2025	2025-08-21	ncbibvbrc	PX580338.1
a/chicken/ny/25023583002original/2025	2025-08-21	ncbibvbrc	PX580346.1
a/chicken/ny/25023583003original/2025	2025-08-21	ncbibvbrc	PX580354.1
a/chicken/oh/25000474002original/2025	2025-01-05	ncbibvbrc	PV162239.1
a/chicken/oh/25000475002original/2025	2025-01-06	ncbibvbrc	PV162247.1
a/chicken/oh/25003047001original/2025	2025-01-24	ncbi	PV339180.1
a/chicken/oh/25003047002original/2025	2025-01-24	ncbi	PV339188.1
a/chicken/oh/25003105001originalrepeat2/2025	2025-01-26	ncbi	PV339196.1
a/chicken/oh/25003106001original/2025	2025-01-27	ncbi	PV339204.1
a/chicken/oh/25003239001original/2025	2025-01-28	ncbi	PV339212.1
a/chicken/oh/25003389001original/2025	2025-01-29	ncbi	PV339220.1
a/chicken/oh/25003846001original/2025	2025-01-31	ncbi	PV396579.1
a/chicken/oh/25003846002original/2025	2025-01-31	ncbi	PV396587.1
a/chicken/oh/25004220001original/2025	2025-02-04	ncbi	PV396595.1
a/chicken/oh/25004220002original/2025	2025-02-04	ncbi	PV396603.1
a/chicken/oh/25004221001original/2025	2025-02-04	ncbi	PV396611.1
a/chicken/oh/25004221002original/2025	2025-02-04	ncbi	PV396619.1
a/chicken/oh/25004418001original/2025	2025-02-05	ncbi	PV396627.1
a/chicken/oh/25004428001original/2025	2025-02-05	ncbi	PV396635.1
a/chicken/oh/25004428002original/2025	2025-02-05	ncbi	PV396643.1
a/chicken/oh/25004766001original/2025	2025-02-07	ncbi	PV493109.1
a/chicken/oh/25004986001original/2025	2025-02-09	ncbi	PV494021.1
a/chicken/oh/25004986002original/2025	2025-02-09	ncbi	PV494029.1
a/chicken/oh/25005185001original/2025	2025-02-11	ncbi	PV494037.1
a/chicken/oh/25005187001original/2025	2025-02-11	ncbi	PV494045.1
a/chicken/oh/25005479001original/2025	2025-02-13	ncbi	PV457408.1
a/chicken/oh/25005481001original/2025	2025-02-12	ncbi	PV457416.1
a/chicken/oh/25005481002original/2025	2025-02-12	ncbi	PV457424.1
a/chicken/oh/25005481003original/2025	2025-02-12	ncbi	PV457432.1
a/chicken/oh/25005481004original/2025	2025-02-12	ncbi	PV457440.1
a/chicken/oh/25005481005original/2025	2025-02-12	ncbi	PV457448.1
a/chicken/oh/25005481006original/2025	2025-02-12	ncbi	PV457456.1
a/chicken/oh/25006048002original/2025	2025-02-15	ncbi	PV457464.1
a/chicken/oh/25006048003original/2025	2025-02-15	ncbi	PV457472.1
a/chicken/oh/25006133001original/2025	2025-02-16	ncbi	PV457480.1
a/chicken/oh/25006133002original/2025	2025-02-16	ncbi	PV457488.1
a/chicken/oh/25006133003original/2025	2025-02-16	ncbi	PV457496.1
a/chicken/oh/25006133004original/2025	2025-02-16	ncbi	PV457504.1
a/chicken/oh/25006205001original/2025	2025-02-19	ncbi	PV573153.1
a/chicken/oh/25006205002original/2025	2025-02-19	ncbi	PV573161.1
a/chicken/oh/25006207001original/2025	2025-02-18	ncbi	PV573169.1
a/chicken/oh/25006342003original/2025	2025-02-20	ncbi	PV573177.1
a/chicken/oh/25006342004original/2025	2025-02-20	ncbi	PV573185.1
a/chicken/oh/25006484001original/2025	2025-02-22	ncbi	PV573193.1
a/chicken/or/25000540001original/2025	2025-01-05	ncbibvbrc	PV162255.1
a/chicken/or/25000540002original/2025	2025-01-05	ncbibvbrc	PV162263.1
a/chicken/or/25003575001original/2025	2025-01-23	ncbi	PV396651.1
a/chicken/or/w2500700011/2025	2025-01-06	ncbibvbrc	PX661687.1
a/chicken/or/w2500700012/2025	2025-01-06	ncbibvbrc	PX661695.1
a/chicken/pa/25002883002original/2025	2025-01-27	ncbi	PV339228.1
a/chicken/pa/25002883003original/2025	2025-01-27	ncbi	PV339236.1
a/chicken/pa/25002883004original/2025	2025-01-27	ncbi	PV339244.1
a/chicken/pa/25003317004original/2025	2025-01-27	ncbi	PV339252.1
a/chicken/pa/25003803003original/2025	2025-01-02	ncbi	PV396659.1
a/chicken/pa/25003803004original/2025	2025-01-02	ncbi	PV396667.1
a/chicken/pa/25003803005original/2025	2025-01-02	ncbi	PV396675.1
a/chicken/pa/25003803006original/2025	2025-01-02	ncbi	PV396683.1
a/chicken/pa/25003803007original/2025	2025-01-02	ncbi	PV396691.1
a/chicken/pa/25003803008original/2025	2025-01-02	ncbi	PV396699.1
a/chicken/pa/25003825002original/2025	2025-02-02	ncbi	PV396707.1
a/chicken/pa/25003825003original/2025	2025-02-02	ncbi	PV396715.1
a/chicken/pa/25004047001original/2025	2025-02-03	ncbi	PV396723.1
a/chicken/pa/25004047002original/2025	2025-02-03	ncbi	PV396731.1
a/chicken/pa/25004047003original/2025	2025-02-03	ncbi	PV396739.1
a/chicken/pa/25004294004original/2025	2025-02-04	ncbi	PV396747.1
a/chicken/pa/25004294005original/2025	2025-02-04	ncbi	PV396755.1
a/chicken/pa/25004294006original/2025	2025-02-04	ncbi	PV396763.1
a/chicken/pa/25004294007original/2025	2025-02-04	ncbi	PV396771.1
a/chicken/pa/25004294008original/2025	2025-02-04	ncbi	PV396779.1
a/chicken/pa/25004739001original/2025	2025-02-09	ncbi	PV494053.1
a/chicken/pa/25004776003original/2025	2025-02-10	ncbi	PV494061.1
a/chicken/pa/25005938004original/2025	2025-02-17	ncbi	PV457512.1
a/chicken/pa/25006346004original/2025	2025-02-20	ncbi	PV573201.1
a/chicken/pa/25006346005original/2025	2025-02-20	ncbi	PV573209.1
a/chicken/pa/25006346007original/2025	2025-02-20	ncbi	PV573217.1
a/chicken/pa/25006346008original/2025	2025-02-20	ncbi	PV573225.1
a/chicken/pa/25008453001original/2025	2025-03-10	ncbi	PV573233.1
a/chicken/pa/25008453003original/2025	2025-03-10	ncbi	PV573241.1
a/chicken/pa/25008453004original/2025	2025-03-10	ncbi	PV573249.1
a/chicken/pa/25008453005original/2025	2025-03-10	ncbi	PV573257.1
a/chicken/pa/25008666001original/2025	2025-03-11	ncbi	PV573265.1
a/chicken/pa/25008666002original/2025	2025-03-11	ncbi	PV573273.1
a/chicken/pa/25008666003original/2025	2025-03-11	ncbi	PV573281.1
a/chicken/pa/25008666004original/2025	2025-03-11	ncbi	PV573289.1
a/chicken/pa/25008666005original/2025	2025-03-11	ncbi	PV573297.1
a/chicken/pa/25008666006original/2025	2025-03-11	ncbi	PV573305.1
a/chicken/pa/25010255001original/2025	2025-03-25	ncbi	PV625433.1
a/chicken/pa/25010255002original/2025	2025-03-25	ncbi	PV625441.1
a/chicken/pa/25010255003original/2025	2025-03-25	ncbi	PV625449.1
a/chicken/pa/25015646001original/2025	2025-05-14	ncbi	PV950423.1
a/chicken/pa/25015646004original/2025	2025-05-14	ncbi	PV950431.1
a/chicken/pa/25015646005original/2025	2025-05-14	ncbi	PV950439.1
a/chicken/sd/25000286002original/2025	2025-01-03	ncbibvbrc	PV162303.1
a/chicken/sd/25000692001original/2025	2025-01-06	ncbibvbrc	PV162311.1
a/chicken/sd/25004736001original/2025	2025-02-06	ncbi	PV494069.1
a/chicken/sd/25013882001original/2025	2025-04-27	ncbi	PV847557.1
a/chicken/sd/25013882002original/2025	2025-04-27	ncbi	PV847565.1
a/chicken/sd/25024635001original/2025	2025-09-08	ncbibvbrc	PX579482.1
a/chicken/va/25003352001original/2025	2025-01-29	ncbi	PV396787.1
a/chicken/wy/25004982001original/2025	2025-02-08	ncbi	PV493085.1
a/chicken/wy/25006943001original/2025	2025-02-24	ncbi	PV573313.1
a/chicken/wy/25006943002original/2025	2025-02-24	ncbi	PV573321.1
a/chicken/wy/25006943003original/2025	2025-02-24	ncbi	PV573329.1
a/chukar/pa/25006346010original/2025	2025-02-20	ncbi	PV571977.1
a/chukar/pa/25019408001original/2025	2025-07-01	ncbibvbrc	PX104408.1
a/chukar/pa/25019408002original/2025	2025-07-01	ncbibvbrc	PX104416.1
a/chukar/pa/25019408003original/2025	2025-07-01	ncbibvbrc	PX104424.1
a/coopershawk/fl/25003039001original/2025	2025-01-21	ncbi	PV336660.1
a/coopershawk/nj/25001918001original/2025	2025-01-13	ncbi	PV336182.1
a/crow/nj/25001917001original/2025	2025-01-13	ncbi	PV336668.1
a/duck/az/25003936004original/2025	2025-02-03	ncbi	PV395627.1
a/duck/ca/25003063003original/2025	2025-01-22	ncbi	PV336676.1
a/duck/ct/25004193001original/2025	2025-02-04	ncbi	PV395635.1
a/duck/ga/25024057003original/2025	2025-08-29	ncbibvbrc	PX579594.1
a/duck/id/25017727002original/2025	2025-06-04	ncbi	PV949079.1
a/duck/in/25006044001original/2025	2025-02-18	ncbi	PV456040.1
a/duck/in/25006044002original/2025	2025-02-18	ncbi	PV456048.1
a/duck/in/25006288001original/2025	2025-02-18	ncbi	PV571985.1
a/duck/in/25006492001original/2025	2025-02-20	ncbi	PV571993.1
a/duck/in/25006496001original/2025	2025-02-21	ncbi	PV572001.1
a/duck/in/25006496002original/2025	2025-02-21	ncbi	PV572009.1
a/duck/la/25002667001original/2025	2025-01-19	ncbi	PV336684.1
a/duck/la/25002667002original/2025	2025-01-19	ncbi	PV336692.1
a/duck/md/25010529001original/2025	2025-03-23	ncbi	PV949087.1
a/duck/me/25005928006original/2025	2025-02-14	ncbi	PV456056.1
a/duck/me/25006674002original/2025	2025-02-24	ncbi	PV572017.1
a/duck/me/25006674004original/2025	2025-02-24	ncbi	PV572025.1
a/duck/mi/25025268001original/2025	2025-09-12	ncbibvbrc	PX579602.1
a/duck/mt/25009376001original/2025	2025-03-18	ncbi	PV615653.1
a/duck/mt/25009376002original/2025	2025-03-18	ncbi	PV615661.1
a/duck/nj/25006202007original/2025	2025-02-19	ncbi	PV572033.1
a/duck/nj/25008463001original/2025	2025-03-05	ncbi	PV572041.1
a/duck/nj/25008464011original/2025	2025-03-07	ncbi	PV572049.1
a/duck/nj/25015044004original/2025	2025-05-09	ncbi	PV845861.1
a/duck/nj/25015044006original/2025	2025-05-09	ncbi	PV845869.1
a/duck/ny/25003226001original/2025	2025-01-27	ncbi	PV336700.1
a/duck/ny/25003227001original/2025	2025-01-27	ncbi	PV336708.1
a/duck/ny/25003229001original/2025	2025-01-24	ncbi	PV336716.1
a/duck/ny/25003230001original/2025	2025-01-24	ncbi	PV336724.1
a/duck/ny/25003857003original/2025	2025-01-28	ncbi	PV395643.1
a/duck/ny/25003857006original/2025	2025-01-28	ncbi	PV395651.1
a/duck/ny/25004071006original/2025	2025-02-02	ncbi	PV336732.1
a/duck/ny/25004071007original/2025	2025-02-02	ncbi	PV336740.1
a/duck/ny/25004074009original/2025	2025-02-03	ncbi	PV395659.1
a/duck/ny/25004291003original/2025	2025-02-04	ncbi	PV395667.1
a/duck/ny/25004295003original/2025	2025-02-03	ncbi	PV395675.1
a/duck/ny/25004295004original/2025	2025-02-03	ncbi	PV395683.1
a/duck/ny/25008065004original/2025	2025-03-06	ncbi	PV572057.1
a/duck/ny/25008065005original/2025	2025-03-06	ncbi	PV572065.1
a/duck/ny/25008067009original/2025	2025-03-06	ncbi	PV572073.1
a/duck/ny/25008067010original/2025	2025-03-06	ncbi	PV572081.1
a/duck/ny/25008067011original/2025	2025-03-06	ncbi	PV572089.1
a/duck/ny/25008067012original/2025	2025-03-06	ncbi	PV572097.1
a/duck/ny/25009621002original/2025	2025-03-18	ncbi	PV649011.1
a/duck/ny/25010293004original/2025	2025-03-24	ncbi	PV625137.1
a/duck/ny/25010935009original/2025	2025-03-31	ncbi	PV649019.1
a/duck/ny/25010935010original/2025	2025-03-31	ncbi	PV649027.1
a/duck/ny/25010935011original/2025	2025-03-31	ncbi	PV649035.1
a/duck/ny/25012798007originalrepeat/2025	2025-04-16	ncbi	PV792037.1
a/duck/ny/25012798008original/2025	2025-04-16	ncbi	PV709277.1
a/duck/ny/25013275004original/2025	2025-04-22	ncbi	PV792045.1
a/duck/oh/25002659001original/2025	2025-01-22	ncbi	PV336748.1
a/duck/oh/25002659002original/2025	2025-01-22	ncbi	PV336756.1
a/duck/oh/25002659003original/2025	2025-01-22	ncbi	PV336764.1
a/duck/oh/25007078001original/2025	2025-02-24	ncbi	PV572105.1
a/duck/oh/25007078002original/2025	2025-02-24	ncbi	PV572113.1
a/duck/oh/25007078003original/2025	2025-02-24	ncbi	PV572121.1
a/duck/oh/25007078004original/2025	2025-02-24	ncbi	PV572129.1
a/duck/pa/25003317001original/2025	2025-01-27	ncbi	PV336772.1
a/duck/pa/25003317002original/2025	2025-01-27	ncbi	PV336780.1
a/duck/pa/25003370001original/2025	2025-01-28	ncbi	PV336788.1
a/duck/pa/25003803002original/2025	2025-01-02	ncbi	PV395691.1
a/duck/pa/25004290001original/2025	2025-02-04	ncbi	PV395699.1
a/duck/pa/25004290002original/2025	2025-02-04	ncbi	PV395707.1
a/duck/pa/25004290003original/2025	2025-02-04	ncbi	PV395715.1
a/duck/pa/25004290004original/2025	2025-02-04	ncbi	PV395723.1
a/duck/pa/25004290005original/2025	2025-02-04	ncbi	PV395731.1
a/duck/pa/25004290006original/2025	2025-02-04	ncbi	PV395739.1
a/duck/pa/25004290007original/2025	2025-02-04	ncbi	PV395747.1
a/duck/pa/25004292003original/2025	2025-02-04	ncbi	PV395755.1
a/duck/pa/25004380002original/2025	2025-02-05	ncbi	PV395763.1
a/duck/pa/25004380003original/2025	2025-02-05	ncbi	PV395771.1
a/duck/pa/25004380004original/2025	2025-02-05	ncbi	PV395779.1
a/duck/pa/25004785001original/2025	2025-02-08	ncbi	PV493149.1
a/duck/pa/25004785002original/2025	2025-02-08	ncbi	PV493157.1
a/duck/pa/25004785003original/2025	2025-02-08	ncbi	PV493165.1
a/duck/pa/25004785004original/2025	2025-02-08	ncbi	PV493173.1
a/duck/pa/25004785005original/2025	2025-02-08	ncbi	PV493181.1
a/duck/pa/25004785006original/2025	2025-02-08	ncbi	PV493189.1
a/duck/pa/25004785007original/2025	2025-02-08	ncbi	PV493197.1
a/duck/pa/25005938007original/2025	2025-02-17	ncbi	PV456064.1
a/duck/pa/25006346002original/2025	2025-02-20	ncbi	PV572145.1
a/duck/pa/25006346003original/2025	2025-02-20	ncbi	PV572153.1
a/duck/pa/25008453002original/2025	2025-03-10	ncbi	PV572161.1
a/duck/pa/25008666007original/2025	2025-03-11	ncbi	PV572169.1
a/duck/pa/25015646002original/2025	2025-05-14	ncbi	PV949191.1
a/duck/pa/25015646003original/2025	2025-05-14	ncbi	PV949199.1
a/duck/va/25003352002original/2025	2025-01-29	ncbi	PV395787.1
a/duck/wa/25004661001original/2025	2025-02-03	ncbi	PV493205.1
a/emu/pa/25005938006original/2025	2025-02-17	ncbi	PV456072.1
a/flamingo/il/25002880001original/2025	2025-01-17	ncbi	PV336796.1
a/gadwall/sc/25003031003original/2025	2025-01-11	ncbi	PV336804.1
a/gallusgallus/ciudaddemexico/cpa1989325/2025	2025-10-08	ncbibvbrc	PX596319.1
a/gallusgallus/estadodemexico/cpa1719625/2025	2025-09-12	ncbibvbrc	PX596327.1
a/gallusgallus/estadodemexico/cpa1773925/2025	2025-09-18	ncbibvbrc	PX596335.1
a/gallusgallus/estadodemexico/cpa1938725/2025	2025-10-05	ncbibvbrc	PX596343.1
a/goose/ct/25003236001original/2025	2025-01-28	ncbi	PV339260.1
a/goose/durango/cpa0044425/2025	2025-02-08	ncbi	PV483739.1
a/goose/me/25005928003original/2025	2025-02-14	ncbi	PV457520.1
a/goose/me/25005928004original/2025	2025-02-14	ncbi	PV457528.1
a/goose/mi/25000481001original/2025	2025-01-03	ncbibvbrc	PV162455.1
a/goose/nd/25014293001originalrepeat/2025	2025-05-01	ncbi	PV847573.1
a/goose/ne/25002670001original/2025	2025-01-23	ncbi	PV339268.1
a/goose/ne/25002670002original/2025	2025-01-23	ncbi	PV339276.1
a/goose/nj/25001892001original/2025	2025-01-14	ncbi	PV339284.1
a/goose/nj/25001892002original/2025	2025-01-14	ncbi	PV339292.1
a/goose/nj/25001892003original/2025	2025-01-14	ncbi	PV339300.1
a/goose/nj/25001892004original/2025	2025-01-14	ncbi	PV339308.1
a/goose/nj/25008575002original/2025	2025-03-10	ncbi	PV573337.1
a/goose/ny/25003591002original/2025	2025-01-29	ncbi	PV339316.1
a/goose/ny/25003591003original/2025	2025-01-29	ncbi	PV339324.1
a/goose/ny/25003591008original/2025	2025-01-29	ncbi	PV339332.1
a/goose/ny/25004777001original/2025	2025-02-09	ncbi	PV494077.1
a/goose/ny/25004777003original/2025	2025-02-09	ncbi	PV494085.1
a/goose/ny/25004777004original/2025	2025-02-09	ncbi	PV494093.1
a/goose/ny/25008296001original/2025	2025-03-07	ncbi	PV573345.1
a/goose/ny/25008296002original/2025	2025-03-07	ncbi	PV573353.1
a/goose/ny/25014296001original/2025	2025-04-30	ncbi	PV950479.1
a/goose/oh/25002651001original/2025	2025-01-22	ncbi	PV339340.1
a/goose/oh/25007078005original/2025	2025-02-24	ncbi	PV573361.1
a/goose/pa/25002965001original/2025	2025-01-25	ncbi	PV339348.1
a/goose/pa/25002965002original/2025	2025-01-25	ncbi	PV339356.1
a/goose/pa/25002965003original/2025	2025-01-25	ncbi	PV339364.1
a/goose/pa/25004292001original/2025	2025-02-04	ncbi	PV396795.1
a/goose/pa/25004292002original/2025	2025-02-04	ncbi	PV396803.1
a/goose/pa/25004292005original/2025	2025-02-04	ncbi	PV396811.1
a/goose/pa/25005938003original/2025	2025-02-17	ncbi	PV457536.1
a/goose/pa/25006346001original/2025	2025-02-20	ncbi	PV573369.1
a/goose/va/25003352004original/2025	2025-01-29	ncbi	PV396819.1
a/greatblueheron/pa/25003373001original/2025	2025-01-28	ncbi	PV336812.1
a/greathornedowl/ca/25003273001original/2025	2025-01-17	ncbi	PV336820.1
a/greathornedowl/co/25002313001original/2025	2025-01-17	ncbi	PV336828.1
a/greathornedowl/co/25002987001original/2025	2025-01-22	ncbi	PV336836.1
a/greathornedowl/pa/25002240001original/2025	2025-01-13	ncbi	PV336844.1
a/greathornedowl/pa/25002836001original/2025	2025-01-17	ncbi	PV336852.1
a/greathornedowl/pa/25002836002original/2025	2025-01-17	ncbi	PV336860.1
a/greathornedowl/pa/25002837001original/2025	2025-01-17	ncbi	PV336868.1
a/greenwingedteal/oh/25001881007original/2025	2025-01-12	ncbi	PV336876.1
a/greenwingedteal/oh/25001881008original/2025	2025-01-12	ncbi	PV336884.1
a/greenwingedteal/oh/25001881009original/2025	2025-01-12	ncbi	PV336892.1
a/guineafowl/co/25004397001original/2025	2025-02-06	ncbi	PV395795.1
a/guineafowl/co/25004397002original/2025	2025-02-06	ncbi	PV395803.1
a/guineafowl/co/25004397003original/2025	2025-02-06	ncbi	PV395811.1
a/guineafowl/co/25004397004original/2025	2025-02-06	ncbi	PV395819.1
a/guineafowl/co/25004553001original/2025	2025-02-06	ncbi	PV395827.1
a/guineafowl/co/25004553002original/2025	2025-02-06	ncbi	PV395835.1
a/guineafowl/il/25014146001original/2025	2025-04-30	ncbi	PV845877.1
a/guineafowl/il/25014146002original/2025	2025-04-30	ncbi	PV845885.1
a/guineafowl/ks/25003850003original/2025	2025-02-03	ncbi	PV395843.1
a/guineafowl/ks/25003850006original/2025	2025-02-03	ncbi	PV395851.1
a/guineafowl/mn/25004931002original/2025	2025-02-08	ncbi	PV493213.1
a/guineafowl/ne/25003247003original/2025	2025-01-27	ncbi	PV336900.1
a/guineafowl/ny/25006012004original/2025	2025-02-18	ncbi	PV456024.1
a/guineafowl/ny/25010935003original/2025	2025-03-31	ncbi	PV649043.1
a/guineafowl/ok/25008449001original/2025	2025-03-08	ncbi	PV572177.1
a/guineafowl/ok/25008449002original/2025	2025-03-08	ncbi	PV572185.1
a/guineafowl/ok/25008449003original/2025	2025-03-08	ncbi	PV572193.1
a/guineafowl/ok/25009018001original/2025	2025-03-12	ncbi	PV615669.1
a/guineafowl/ok/25009018002original/2025	2025-03-12	ncbi	PV615677.1
a/guineafowl/pa/25005938005original/2025	2025-02-17	ncbi	PV456080.1
a/guineafowl/pa/25006346011original/2025	2025-02-20	ncbi	PV572201.1
a/guineafowl/va/25003352005original/2025	2025-01-29	ncbi	PV395859.1
a/hawk/co/25002315001original/2025	2025-01-17	ncbi	PV336908.1
a/hoodedmerganser/pa/25003373002original/2025	2025-01-28	ncbi	PV336916.1
a/hoodedmerganser/va/25002916001original/2025	2025-01-18	ncbi	PV336924.1
a/mallard/ma/25003321002original/2025	2025-01-27	ncbi	PV336948.1
a/mallard/md/25003141001original/2025	2025-01-15	ncbi	PV336956.1
a/mallard/md/25003141002original/2025	2025-01-15	ncbi	PV336964.1
a/mallard/md/25003141005original/2025	2025-01-15	ncbi	PV336972.1
a/mallard/md/25003141007original/2025	2025-01-15	ncbi	PV336980.1
a/mallard/mi/25002663001original/2025	2025-01-17	ncbi	PV336988.1
a/mallard/mi/25002663004original/2025	2025-01-17	ncbi	PV336996.1
a/mallard/mi/25002663005original/2025	2025-01-17	ncbi	PV337004.1
a/mallard/mi/25002663006original/2025	2025-01-17	ncbi	PV337012.1
a/mallard/mi/25002663007original/2025	2025-01-17	ncbi	PV337020.1
a/mallard/mi/25002663008original/2025	2025-01-17	ncbi	PV337028.1
a/mallard/mi/25002663010original/2025	2025-01-17	ncbi	PV337036.1
a/mallard/mi/25002663011original/2025	2025-01-17	ncbi	PV337044.1
a/mallard/mi/25002663012original/2025	2025-01-17	ncbi	PV337052.1
a/mallard/mi/25002663013original/2025	2025-01-17	ncbi	PV337060.1
a/mallard/mi/25002663014original/2025	2025-01-17	ncbi	PV337068.1
a/mallard/mi/25002663017original/2025	2025-01-17	ncbi	PV337076.1
a/mallard/mi/25002663025original/2025	2025-01-17	ncbi	PV337084.1
a/mallard/mi/25002663026original/2025	2025-01-17	ncbi	PV337092.1
a/mallard/mi/25002663029original/2025	2025-01-17	ncbi	PV336220.1
a/mallard/mi/25002663030original/2025	2025-01-17	ncbi	PV337100.1
a/mallard/mi/25002663031original/2025	2025-01-17	ncbi	PV337108.1
a/mallard/mi/25002663032original/2025	2025-01-17	ncbi	PV337116.1
a/mallard/mi/25002663033original/2025	2025-01-17	ncbi	PV337124.1
a/mallard/mi/25002663034original/2025	2025-01-17	ncbi	PV337132.1
a/mallard/mi/25002663036original/2025	2025-01-17	ncbi	PV336197.1
a/mallard/mi/25003379002original/2025	2025-01-24	ncbi	PV337140.1
a/mallard/nh/25003045033original/2025	2025-01-17	ncbi	PV336205.1
a/mallard/nh/25003045070original/2025	2025-01-17	ncbi	PV336174.1
a/mallard/nh/25003045073original/2025	2025-01-17	ncbi	PV336142.1
a/mallard/nh/25003045077original/2025	2025-01-17	ncbi	PV336166.1
a/mallard/ny/25002329001original/2025	2025-01-18	ncbi	PV337148.1
a/mallard/ny/25002741001original/2025	2025-01-16	ncbi	PV337156.1
a/mallard/ny/25002741006original/2025	2025-01-16	ncbi	PV337164.1
a/mallard/ny/25002741007original/2025	2025-01-16	ncbi	PV337172.1
a/mallard/ny/25002741008original/2025	2025-01-16	ncbi	PV337180.1
a/mallard/ny/25002741010original/2025	2025-01-16	ncbi	PV337188.1
a/mallard/oh/25001881005original/2025	2025-01-12	ncbi	PV337196.1
a/mallard/pa/25002788003original/2025	2025-01-13	ncbi	PV337204.1
a/mallard/pa/25002788005original/2025	2025-01-13	ncbi	PV337212.1
a/mallard/pa/25002788006original/2025	2025-01-13	ncbi	PV337220.1
a/mallard/pa/25002788007original/2025	2025-01-13	ncbi	PV337228.1
a/mallard/pa/25002788008original/2025	2025-01-13	ncbi	PV337236.1
a/mallard/tennessee/767/2025	2025-02-13	ncbi	PV946108.1
a/mallard/vt/25002057006original/2025	2025-01-15	ncbi	PV337260.1
a/mallard/vt/25002057007original/2025	2025-01-15	ncbi	PV337268.1
a/mallard/vt/25002057011original/2025	2025-01-15	ncbi	PV337276.1
a/mallard/vt/25002057012original/2025	2025-01-15	ncbi	PV337284.1
a/mallard/wy/25002131010original/2025	2025-01-15	ncbi	PV337292.1
a/mallard/wy/25002131012original/2025	2025-01-15	ncbi	PV337308.1
a/mallardduck/pa/25019408006original/2025	2025-07-01	ncbibvbrc	PX104440.1
a/mallardduck/pa/25019408007original/2025	2025-07-01	ncbibvbrc	PX104448.1
a/mallardduck/pa/25019408008original/2025	2025-07-01	ncbibvbrc	PX290335.1
a/muscovyduck/fl/25002418001original/2025	2025-01-11	ncbi	PV337316.1
a/ostrich/sonora/cpa0000925/2025	2025-01-04	ncbi	PV483723.1
a/partridge/ny/25013275009original/2025	2025-04-22	ncbi	PV792061.1
a/peregrinefalcon/ca/25003269001original/2025	2025-01-15	ncbi	PV337348.1
a/peregrinefalcon/ia/25002399001original/2025	2025-01-21	ncbi	PV337356.1
a/peregrinefalcon/ma/25003138001original/2025	2025-01-21	ncbi	PV337364.1
a/peregrinefalcon/ny/25003027001original/2025	2025-01-27	ncbi	PV337372.1
a/quail/ca/25022824001original/2025	2025-08-12	ncbibvbrc	PX440415.1
a/quail/ny/25004295002original/2025	2025-02-03	ncbi	PV395867.1
a/quail/ny/25009499001original/2025	2025-03-18	ncbi	PV615685.1
a/quail/ny/25010935004original/2025	2025-03-31	ncbi	PV649051.1
a/quail/pa/25003317003original/2025	2025-01-27	ncbi	PV337548.1
a/redshoulderedhawk/pa/25002205001original/2025	2025-01-14	ncbi	PV337564.1
a/redshoulderedhawk/pa/25003371001original/2025	2025-01-28	ncbi	PV337572.1
a/redtailedhawk/ca/25003273004original/2025	2025-01-17	ncbi	PV337580.1
a/redtailedhawk/ca/25003487001original/2025	2025-01-17	ncbi	PV337588.1
a/redtailedhawk/co/25002984001original/2025	2025-01-22	ncbi	PV337596.1
a/redtailedhawk/co/25003294001original/2025	2025-01-25	ncbi	PV337604.1
a/redtailedhawk/co/25003477001original/2025	2025-01-27	ncbi	PV337612.1
a/redtailedhawk/co/25003478001original/2025	2025-01-28	ncbi	PV337620.1
a/redtailedhawk/mi/25002363003original/2025	2025-01-16	ncbi	PV337628.1
a/redtailedhawk/mi/25003067006original/2025	2025-01-23	ncbi	PV337636.1
a/redtailedhawk/mn/25001818002original/2025	2025-01-11	ncbi	PV337644.1
a/redtailedhawk/nj/25001919001original/2025	2025-01-13	ncbi	PV337652.1
a/redtailedhawk/ny/25002143001original/2025	2025-01-13	ncbi	PV337660.1
a/redtailedhawk/ny/25002740001original/2025	2025-01-22	ncbi	PV337668.1
a/redtailedhawk/or/25002191001original/2025	2025-01-13	ncbi	PV337676.1
a/redtailedhawk/pa/25002236001original/2025	2025-01-02	ncbi	PV337684.1
a/redtailedhawk/ut/25002900002original/2025	2025-01-21	ncbi	PV337692.1
a/redtailedhawk/va/25003128006original/2025	2025-01-21	ncbi	PV337700.1
a/redtailedhawk/wy/25002203001original/2025	2025-01-07	ncbi	PV337708.1
a/redtailedhawk/wy/25002204001original/2025	2025-01-15	ncbi	PV337716.1
a/snowgoose/nj/25001916001original/2025	2025-01-13	ncbi	PV337724.1
a/snowgoose/ny/25002142001original/2025	2025-01-16	ncbi	PV337732.1
a/snowgoose/ny/25002146001original/2025	2025-01-16	ncbi	PV337740.1
a/snowgoose/ny/25002738001original/2025	2025-01-23	ncbi	PV337748.1
a/snowgoose/ny/25002924002original/2025	2025-01-24	ncbi	PV337756.1
a/snowgoose/ny/25003225001original/2025	2025-01-27	ncbi	PV337764.1
a/snowgoose/ny/25003225002original/2025	2025-01-27	ncbi	PV336134.1
a/snowgoose/ny/25003225003original/2025	2025-01-27	ncbi	PV337772.1
a/snowgoose/pa/25002210001original/2025	2025-01-13	ncbi	PV337780.1
a/snowgoose/pa/25002234001original/2025	2025-01-13	ncbi	PV337788.1
a/snowgoose/pa/25002234004original/2025	2025-01-13	ncbi	PV337796.1
a/snowgoose/pa/25002234005original/2025	2025-01-13	ncbi	PV337804.1
a/snowgoose/pa/25002234006original/2025	2025-01-13	ncbi	PV336150.1
a/snowgoose/va/25003128004original/2025	2025-01-16	ncbi	PV337812.1
a/snowyowl/mi/25002363005original/2025	2025-01-16	ncbi	PV337820.1
a/snowyowl/ny/25002325001original/2025	2025-01-17	ncbi	PV337828.1
a/turkey/ca/25003574001original/2025	2025-01-29	ncbi	PV395875.1
a/turkey/ca/25003574002original/2025	2025-01-29	ncbi	PV395883.1
a/turkey/ca/25003574003original/2025	2025-01-29	ncbi	PV395891.1
a/turkey/ca/25003903001original/2025	2025-01-31	ncbi	PV395899.1
a/turkey/ia/25005292001originalrepeat2/2025	2025-02-12	ncbi	PV615693.1
a/turkey/ia/25005292002originalrepeat2/2025	2025-02-12	ncbi	PV615701.1
a/turkey/ia/25005857001original/2025	2025-02-18	ncbi	PV456184.1
a/turkey/ia/25005857002original/2025	2025-02-18	ncbi	PV456192.1
a/turkey/ia/25005857003original/2025	2025-02-18	ncbi	PV456200.1
a/turkey/ia/25005857004original/2025	2025-02-18	ncbi	PV456208.1
a/turkey/il/25008583001original/2025	2025-03-11	ncbi	PV572233.1
a/turkey/il/25008583002original/2025	2025-03-11	ncbi	PV572241.1
a/turkey/il/25009532001original/2025	2025-03-18	ncbi	PV615709.1
a/turkey/il/25009532002original/2025	2025-03-18	ncbi	PV615717.1
a/turkey/il/25009630001original/2025	2025-03-18	ncbi	PV649067.1
a/turkey/il/25009630002original/2025	2025-03-18	ncbi	PV709285.1
a/turkey/in/25002660001original/2025	2025-01-03	ncbi	PV337892.1
a/turkey/in/25002660002original/2025	2025-01-03	ncbi	PV337900.1
a/turkey/in/25002660003original/2025	2025-01-03	ncbi	PV337908.1
a/turkey/in/25002660004original/2025	2025-01-03	ncbi	PV337916.1
a/turkey/in/25005341001original/2025	2025-02-13	ncbi	PV493221.1
a/turkey/in/25005341002original/2025	2025-02-13	ncbi	PV493229.1
a/turkey/in/25006290001original/2025	2025-02-19	ncbi	PV572249.1
a/turkey/in/25006290002original/2025	2025-02-19	ncbi	PV572257.1
a/turkey/in/25006338001original/2025	2025-02-20	ncbi	PV571929.1
a/turkey/in/25006338002original/2025	2025-02-20	ncbi	PV571953.1
a/turkey/in/25006338003original/2025	2025-02-20	ncbi	PV571937.1
a/turkey/in/25006338004original/2025	2025-02-20	ncbi	PV571961.1
a/turkey/in/25006340001original/2025	2025-02-19	ncbi	PV572265.1
a/turkey/in/25006340002original/2025	2025-02-19	ncbi	PV572273.1
a/turkey/in/25006497001original/2025	2025-02-20	ncbi	PV571945.1
a/turkey/in/25006497002original/2025	2025-02-20	ncbi	PV571969.1
a/turkey/ks/25003850002original/2025	2025-02-03	ncbi	PV395907.1
a/turkey/ks/25003850005original/2025	2025-02-03	ncbi	PV395915.1
a/turkey/mi/25005174001original/2025	2025-02-12	ncbi	PV493237.1
a/turkey/mn/25004931001original/2025	2025-02-08	ncbi	PV493245.1
a/turkey/mo/25002894002original/2025	2025-01-25	ncbi	PV337924.1
a/turkey/mo/25003036001original/2025	2025-01-28	ncbi	PV337932.1
a/turkey/mo/25003036002original/2025	2025-01-28	ncbi	PV337940.1
a/turkey/mo/25003257001original/2025	2025-01-28	ncbi	PV337948.1
a/turkey/mo/25003257002original/2025	2025-01-28	ncbi	PV337956.1
a/turkey/mo/25003392001original/2025	2025-01-29	ncbi	PV337964.1
a/turkey/mo/25003392002original/2025	2025-01-29	ncbi	PV337972.1
a/turkey/mo/25003804001original/2025	2025-01-30	ncbi	PV395923.1
a/turkey/mo/25003804002original/2025	2025-01-30	ncbi	PV395931.1
a/turkey/mo/25003805001original/2025	2025-01-31	ncbi	PV395939.1
a/turkey/mo/25003805002original/2025	2025-01-31	ncbi	PV395947.1
a/turkey/mo/25003821001original/2025	2025-02-02	ncbi	PV395955.1
a/turkey/mo/25003821002original/2025	2025-02-02	ncbi	PV395963.1
a/turkey/mo/25004227001original/2025	2025-02-04	ncbi	PV395971.1
a/turkey/mo/25004227002original/2025	2025-02-04	ncbi	PV395979.1
a/turkey/mo/25004652001original/2025	2025-02-07	ncbi	PV493253.1
a/turkey/mo/25004652002original/2025	2025-02-07	ncbi	PV493261.1
a/turkey/mo/25004652003original/2025	2025-02-07	ncbi	PV493269.1
a/turkey/mo/25004652004original/2025	2025-02-07	ncbi	PV493277.1
a/turkey/mo/25005002001original/2025	2025-02-11	ncbi	PV493285.1
a/turkey/mt/25024658001original/2025	2025-09-09	ncbibvbrc	PX579514.1
a/turkey/nc/25002658001original/2025	2025-01-24	ncbi	PV337980.1
a/turkey/nc/25002898002original/2025	2025-01-25	ncbi	PV337988.1
a/turkey/nc/25002898003original/2025	2025-01-25	ncbi	PV337996.1
a/turkey/nc/25002898004original/2025	2025-01-25	ncbi	PV338004.1
a/turkey/nc/25002898005original/2025	2025-01-25	ncbi	PV338012.1
a/turkey/nc/25002898006original/2025	2025-01-25	ncbi	PV338020.1
a/turkey/nc/25002898007original/2025	2025-01-25	ncbi	PV338028.1
a/turkey/nd/25024549001original/2025	2025-09-07	ncbibvbrc	PX579618.1
a/turkey/nd/25024549002original/2025	2025-09-07	ncbibvbrc	PX579626.1
a/turkey/ne/25002670003original/2025	2025-01-23	ncbi	PV338036.1
a/turkey/oh/25002647003original/2025	2025-01-22	ncbi	PV338044.1
a/turkey/oh/25002647004original/2025	2025-01-22	ncbi	PV338052.1
a/turkey/oh/25002648002original/2025	2025-01-22	ncbi	PV338060.1
a/turkey/oh/25002648003original/2025	2025-01-22	ncbi	PV338068.1
a/turkey/oh/25002648004original/2025	2025-01-22	ncbi	PV338076.1
a/turkey/oh/25002649001original/2025	2025-01-22	ncbi	PV338084.1
a/turkey/oh/25002649002original/2025	2025-01-22	ncbi	PV338092.1
a/turkey/oh/25002650001original/2025	2025-01-22	ncbi	PV338100.1
a/turkey/oh/25002650002original/2025	2025-01-22	ncbi	PV338108.1
a/turkey/oh/25002650003original/2025	2025-01-22	ncbi	PV338116.1
a/turkey/oh/25003044001original/2025	2025-01-23	ncbi	PV338124.1
a/turkey/oh/25003044002original/2025	2025-01-23	ncbi	PV338132.1
a/turkey/oh/25003046001original/2025	2025-01-24	ncbi	PV338140.1
a/turkey/oh/25003046002original/2025	2025-01-24	ncbi	PV338148.1
a/turkey/oh/25003046003original/2025	2025-01-24	ncbi	PV338156.1
a/turkey/oh/25003046004original/2025	2025-01-24	ncbi	PV338164.1
a/turkey/oh/25003048001original/2025	2025-01-24	ncbi	PV338172.1
a/turkey/oh/25003048002original/2025	2025-01-24	ncbi	PV338180.1
a/turkey/oh/25003048003original/2025	2025-01-24	ncbi	PV338188.1
a/turkey/oh/25003048004original/2025	2025-01-24	ncbi	PV338196.1
a/turkey/oh/25003235001original/2025	2025-01-27	ncbi	PV338204.1
a/turkey/oh/25003235002original/2025	2025-01-27	ncbi	PV338212.1
a/turkey/oh/25003235003original/2025	2025-01-27	ncbi	PV338220.1
a/turkey/oh/25003237001originalrepeat2/2025	2025-01-27	ncbi	PV338228.1
a/turkey/oh/25003237002original/2025	2025-01-27	ncbi	PV338236.1
a/turkey/oh/25003238001original/2025	2025-01-27	ncbi	PV338244.1
a/turkey/oh/25003238002original/2025	2025-01-27	ncbi	PV338252.1
a/turkey/oh/25003240001original/2025	2025-01-27	ncbi	PV338260.1
a/turkey/oh/25003240002original/2025	2025-01-27	ncbi	PV338268.1
a/turkey/oh/25003240003original/2025	2025-01-27	ncbi	PV338276.1
a/turkey/oh/25003240004original/2025	2025-01-27	ncbi	PV338284.1
a/turkey/oh/25003241001original/2025	2025-01-27	ncbi	PV338292.1
a/turkey/oh/25003241002original/2025	2025-01-27	ncbi	PV338300.1
a/turkey/oh/25003241003original/2025	2025-01-27	ncbi	PV338308.1
a/turkey/oh/25003241004original/2025	2025-01-27	ncbi	PV338316.1
a/turkey/oh/25003386001original/2025	2025-01-29	ncbi	PV338324.1
a/turkey/oh/25003386002original/2025	2025-01-29	ncbi	PV338332.1
a/turkey/oh/25003386003originalrepeat2/2025	2025-01-29	ncbi	PV338340.1
a/turkey/oh/25003386004original/2025	2025-01-29	ncbi	PV338348.1
a/turkey/oh/25003388001original/2025	2025-01-28	ncbi	PV338356.1
a/turkey/oh/25003388002original/2025	2025-01-28	ncbi	PV338364.1
a/turkey/oh/25003389002original/2025	2025-01-29	ncbi	PV338372.1
a/turkey/oh/25003594002original/2025	2025-01-29	ncbi	PV395987.1
a/turkey/oh/25003596001original/2025	2025-01-29	ncbi	PV395995.1
a/turkey/oh/25003596002original/2025	2025-01-29	ncbi	PV396003.1
a/turkey/oh/25003597001original/2025	2025-01-29	ncbi	PV396011.1
a/turkey/oh/25003597002original/2025	2025-01-29	ncbi	PV396019.1
a/turkey/oh/25003598001original/2025	2025-01-29	ncbi	PV395619.1
a/turkey/oh/25003598002original/2025	2025-01-29	ncbi	PV395611.1
a/turkey/oh/25003598003original/2025	2025-01-29	ncbi	PV395603.1
a/turkey/oh/25003598004original/2025	2025-01-29	ncbi	PV395595.1
a/turkey/oh/25003599001original/2025	2025-01-29	ncbi	PV396027.1
a/turkey/oh/25004072001original/2025	2025-02-02	ncbi	PV396035.1
a/turkey/oh/25004072002original/2025	2025-02-02	ncbi	PV396043.1
a/turkey/oh/25004072003original/2025	2025-02-02	ncbi	PV396051.1
a/turkey/oh/25004072004original/2025	2025-02-02	ncbi	PV396059.1
a/turkey/oh/25004077001original/2025	2025-02-01	ncbi	PV396067.1
a/turkey/oh/25004218001original/2025	2025-02-03	ncbi	PV396075.1
a/turkey/oh/25004218002original/2025	2025-02-03	ncbi	PV396083.1
a/turkey/oh/25004218003original/2025	2025-02-03	ncbi	PV396091.1
a/turkey/oh/25004218004original/2025	2025-02-03	ncbi	PV396099.1
a/turkey/oh/25004219001original/2025	2025-02-04	ncbi	PV396107.1
a/turkey/oh/25004219002original/2025	2025-02-04	ncbi	PV396115.1
a/turkey/oh/25004219003original/2025	2025-02-04	ncbi	PV396123.1
a/turkey/oh/25004219004original/2025	2025-02-04	ncbi	PV396131.1
a/turkey/oh/25004429001original/2025	2025-02-04	ncbi	PV396139.1
a/turkey/oh/25004429002original/2025	2025-02-04	ncbi	PV396147.1
a/turkey/oh/25004606001original/2025	2025-02-06	ncbi	PV493293.1
a/turkey/oh/25004606002original/2025	2025-02-06	ncbi	PV493301.1
a/turkey/oh/25004611002original/2025	2025-02-04	ncbi	PV493309.1
a/turkey/oh/25005337001originaltile/2025	2025-02-14	ncbi	PV904277.1
a/turkey/oh/25005482001original/2025	2025-02-12	ncbi	PV456216.1
a/turkey/oh/25005482002original/2025	2025-02-12	ncbi	PV456224.1
a/turkey/pa/25003803001original/2025	2025-01-02	ncbi	PV396155.1
a/turkey/pa/25004969001original/2025	2025-02-10	ncbi	PV493317.1
a/turkey/pa/25004969002original/2025	2025-02-10	ncbi	PV493325.1
a/turkey/pa/25004969003original/2025	2025-02-10	ncbi	PV493333.1
a/turkey/pa/25004969004original/2025	2025-02-10	ncbi	PV493341.1
a/turkey/pa/25004969005original/2025	2025-02-10	ncbi	PV493349.1
a/turkey/pa/25004969006original/2025	2025-02-10	ncbi	PV493357.1
a/turkey/pa/25005923001original/2025	2025-02-10	ncbi	PV456232.1
a/turkey/pa/25005925001original/2025	2025-02-10	ncbi	PV456240.1
a/turkey/pa/25005938001original/2025	2025-02-17	ncbi	PV456248.1
a/turkey/pa/25005938002original/2025	2025-02-17	ncbi	PV456256.1
a/turkey/pa/25008448001originaltile2/2025	2025-02-14	ncbibvbrc	PX290327.1
a/turkey/pa/25009647001original/2025	2025-03-19	ncbi	PV649075.1
a/turkey/sd/25015216001original/2025	2025-05-11	ncbi	PV845893.1
a/turkey/sd/25015216002original/2025	2025-05-11	ncbi	PV845901.1
a/turkey/sd/25023747001original/2025	2025-08-26	ncbibvbrc	PX579634.1
a/turkey/sd/25023747002original/2025	2025-08-26	ncbibvbrc	PX579642.1
a/turkey/sd/25024357001original/2025	2025-09-03	ncbibvbrc	PX579650.1
a/turkey/sd/25024357002original/2025	2025-09-03	ncbibvbrc	PX579658.1
a/turkey/sd/25024550001original/2025	2025-09-07	ncbibvbrc	PX579666.1
a/turkey/sd/25024550002original/2025	2025-09-07	ncbibvbrc	PX579674.1
a/turkey/sd/25024638001original/2025	2025-09-09	ncbibvbrc	PX579682.1
a/turkey/sd/25024638002original/2025	2025-09-09	ncbibvbrc	PX579690.1
a/turkey/sd/25024780001original/2025	2025-09-10	ncbibvbrc	PX579698.1
a/turkey/sd/25024780002original/2025	2025-09-10	ncbibvbrc	PX579706.1
a/turkey/sd/25024863001original/2025	2025-09-05	ncbibvbrc	PX579714.1
a/turkey/sd/25024863002original/2025	2025-09-05	ncbibvbrc	PX579722.1
a/turkey/sd/25024863003original/2025	2025-09-05	ncbibvbrc	PX579730.1
a/turkey/sd/25024863004original/2025	2025-09-05	ncbibvbrc	PX579738.1
a/turkey/va/25003352003original/2025	2025-01-29	ncbi	PV396163.1
a/turkeyvulture/ca/25003487002original/2025	2025-01-17	ncbi	PV337844.1
a/turkeyvulture/ny/25002923001original/2025	2025-01-24	ncbi	PV337852.1
a/turkeyvulture/pa/25002209001original/2025	2025-01-09	ncbi	PV337860.1
a/turkeyvulture/va/25003128001original/2025	2025-01-10	ncbi	PV337868.1
a/turkeyvulture/va/25003128002original/2025	2025-01-10	ncbi	PV337876.1
a/turkeyvulture/va/25003128003original/2025	2025-01-10	ncbi	PV337884.1
a/vulture/ca/25003065001original/2025	2025-01-20	ncbi	PV338380.1
a/vulture/md/25001987001original/2025	2025-01-15	ncbi	PV338388.1
a/vulture/md/25001987002original/2025	2025-01-15	ncbi	PV338396.1
a/vulture/md/25001987003original/2025	2025-01-15	ncbi	PV338404.1
a/westerngull/ca/25003273005original/2025	2025-01-17	ncbi	PV338436.1
a/westerngull/ca/25003273006original/2025	2025-01-17	ncbi	PV338444.1
a/woodduck/ky/25002824002original/2025	2025-01-17	ncbi	PV338452.1
a/woodduck/ms/25002206001original/2025	2025-01-15	ncbi	PV338460.1