gene	pos	cvg	rep
ha	802	1	replicate-1
ha	803	1	replicate-1
ha	804	1	replicate-1
ha	805	1	replicate-1
ha	806	1	replicate-1
ha	807	1	replicate-1
ha	808	1	replicate-1
ha	809	0	replicate-1
ha	810	46	replicate-1
ha	811	46	replicate-1
ha	812	46	replicate-1
ha	813	46	replicate-1
ha	814	46	replicate-1
ha	815	46	replicate-1
ha	816	46	replicate-1
ha	817	46	replicate-1
ha	818	46	replicate-1
ha	819	46	replicate-1
ha	820	46	replicate-1
ha	821	46	replicate-1
ha	822	46	replicate-1
ha	823	46	replicate-1
ha	824	46	replicate-1
ha	825	46	replicate-1
ha	826	46	replicate-1
ha	827	46	replicate-1
ha	828	46	replicate-1
ha	829	46	replicate-1
ha	830	46	replicate-1
ha	831	46	replicate-1
ha	832	46	replicate-1
ha	833	46	replicate-1
ha	834	46	replicate-1
ha	835	46	replicate-1
ha	836	46	replicate-1
ha	837	46	replicate-1
