sample_name	sample_title	bioproject_accession	organism	isolate	host	lab_host	collection_date	geo_loc_name	isolation_source	altitude	biomaterial_provider	collected_by	culture_collection	depth	disease	env_broad_scale	genotype	host_tissue_sampled	identified_by	lat_lon	passage_history	samp_size	serotype	specimen_voucher	strain	temp	description
c_com1			Influenza A virus	c_com1 from TR or OR pooled swabs	Gallus gallus domesticus		2025-03-16	USA: Pennsylvania	TR or OR pooled swabs																		
c_com2			Influenza A virus	c_com2 from TR or OR pooled swabs	Gallus gallus domesticus		2025-03-16	USA: Pennsylvania	TR or OR pooled swabs																		
c_com3			Influenza A virus	c_com3 from TR or OR pooled swabs	Gallus gallus domesticus		2025-03-16	USA: Pennsylvania	TR or OR pooled swabs																		
c_com4			Influenza A virus	c_com4 from TR pooled swabs	Gallus gallus domesticus		2025-01-26	USA: Pennsylvania	TR pooled swabs																		
c_com5			Influenza A virus	c_com5 from TR pooled swabs	Gallus gallus domesticus		2025-01-26	USA: Pennsylvania	TR pooled swabs																		
c_com6			Influenza A virus	c_com6 from TR pooled swabs	Gallus gallus domesticus		2025-01-26	USA: Pennsylvania	TR pooled swabs																		
c_lbm10			Influenza A virus	c_lbm10 fromTR pooled swabs	Gallus gallus domesticus		2025-03-11	USA: Pennsylvania	TR pooled swabs																		
c_lbm11			Influenza A virus	c_lbm11 from TR pooled swabs	Gallus gallus domesticus		2025-03-11	USA: Pennsylvania	TR pooled swabs																		
c_lbm1			Influenza A virus	c_lbm1 from TR pooled swabs	Gallus gallus domesticus		2025-02-20	USA: Pennsylvania	TR pooled swabs																		
c_lbm2			Influenza A virus	c_lbm2 from TR pooled swabs	Gallus gallus domesticus		2025-02-20	USA: Pennsylvania	TR pooled swabs																		
c_lbm3			Influenza A virus	c_lbm3 from TR pooled swabs	Gallus gallus domesticus		2025-02-20	USA: Pennsylvania	TR pooled swabs																		
c_lbm4			Influenza A virus	c_lbm4 from OR pooled swabs	Gallus gallus domesticus		2025-02-20	USA: Pennsylvania	OR pooled swabs																		
c_lbm5			Influenza A virus	c_lbm5 from TR pooled swabs	Gallus gallus domesticus		2025-02-20	USA: Pennsylvania	TR pooled swabs																		
c_lbm6			Influenza A virus	c_lbm6 from TR pooled swabs	Gallus gallus domesticus		2025-03-10	USA: Pennsylvania	TR pooled swabs																		
c_lbm7			Influenza A virus	c_lbm7 from TR pooled swabs	Gallus gallus domesticus		2025-03-10	USA: Pennsylvania	TR pooled swabs																		
c_lbm8			Influenza A virus	c_lbm8 from TR pooled swabs	Gallus gallus domesticus		2025-03-10	USA: Pennsylvania	TR pooled swabs																		
c_lbm9			Influenza A virus	c_lbm9 from TR pooled swabs	Gallus gallus domesticus		2025-03-10	USA: Pennsylvania	TR pooled swabs																		
cb_com1			Influenza A virus	cb_com1 from OR pooled swabs	Gallus gallus domesticus		2023-02-23	USA: Pennsylvania	OR pooled swabs																		
cb_com2			Influenza A virus	cb_com2 from OR pooled swabs	Gallus gallus domesticus		2023-02-23	USA: Pennsylvania	OR pooled swabs																		
cb_com3			Influenza A virus	cb_com3 from OR pooled swabs	Gallus gallus domesticus		2023-02-23	USA: Pennsylvania	OR pooled swabs																		
cb_com4			Influenza A virus	cb_com4 from OR pooled swabs	Gallus gallus domesticus		2023-02-23	USA: Pennsylvania	OR pooled swabs																		
ckr_com1			Influenza A virus	ckr_com1 from OR pooled swabs	Alectoris chukar		2025-07-01	USA: Pennsylvania	OR pooled swabs																		
ckr_com2			Influenza A virus	ckr_com2 from OR pooled swabs	Alectoris chukar		2025-07-01	USA: Pennsylvania	OR pooled swabs																		
ckr_com3			Influenza A virus	ckr_com3 from OR pooled swabs	Alectoris chukar		2025-07-01	USA: Pennsylvania	OR pooled swabs																		
ckr_lbm1			Influenza A virus	ckr_lbm1 from OR pooled swabs	Alectoris chukar		2025-02-20	USA: Pennsylvania	OR pooled swabs																		
cl_c1			Influenza A virus	cl_c1 from OR pooled swabs	Gallus gallus domesticus		2024-02-03	USA: Pennsylvania	OR pooled swabs																		
cl_c2			Influenza A virus	cl_c2 from OR pooled swabs	Gallus gallus domesticus		2024-02-03	USA: Pennsylvania	OR pooled swabs																		
d_com1			Influenza A virus	d_com1 from CL pooled swabs	Anas platyrhynchos		2025-07-01	USA: Pennsylvania	CL pooled swabs																		
d_com2			Influenza A virus	d_com2 from CL pooled swabs	Anas platyrhynchos		2025-07-01	USA: Pennsylvania	CL pooled swabs																		
d_com3			Influenza A virus	d_com3 from CL pooled swabs	Anas platyrhynchos		2025-07-01	USA: Pennsylvania	CL pooled swabs																		
d_lbm1			Influenza A virus	d_lbm1 from CL pooled swabs	Anas platyrhynchos		2025-02-20	USA: Pennsylvania	CL pooled swabs																		
d_lbm2			Influenza A virus	d_lbm2 from CL pooled swabs	Anas platyrhynchos		2025-02-20	USA: Pennsylvania	CL pooled swabs																		
d_lbm3			Influenza A virus	d_lbm3 from CL pooled swabs	Anas platyrhynchos		2025-02-20	USA: Pennsylvania	CL pooled swabs																		
d_lbm4			Influenza A virus	d_lbm4 from CL pooled swabs	Anas platyrhynchos		2025-03-11	USA: Pennsylvania	CL pooled swabs																		
g_com1			Influenza A virus	g_com1 from CL pooled swabs	Domestic goose		2023-02-24	USA: Pennsylvania	CL pooled swabs																		
g_com2			Influenza A virus	g_com2 from CL pooled swabs	Domestic goose		2023-02-24	USA: Pennsylvania	CL pooled swabs																		
g_lbm1			Influenza A virus	g_lbm1 from CL pooled swabs	Domestic goose		2025-02-20	USA: Pennsylvania	CL pooled swabs																		
gn_lbm1			Influenza A virus	gn_lbm1 from CL pooled swabs	Numida meleagris		2025-02-20	USA: Pennsylvania	CL pooled swabs																		
kc_com1			Influenza A virus	kc_com1 from CL pooled swabs	Anas platyrhynchos domesticus		2023-02-23	USA: Pennsylvania	CL pooled swabs																		
kc_com2			Influenza A virus	kc_com2 from CL pooled swabs	Anas platyrhynchos domesticus		2023-02-23	USA: Pennsylvania	CL pooled swabs																		
kc_com3			Influenza A virus	kc_com3 from CL pooled swabs	Anas platyrhynchos domesticus		2023-02-23	USA: Pennsylvania	CL pooled swabs																		
kc_com4			Influenza A virus	kc_com4 from CL pooled swabs	Anas platyrhynchos domesticus		2023-02-23	USA: Pennsylvania	CL pooled swabs																		
kc_com5			Influenza A virus	kc_com5 from CL pooled swabs	Anas platyrhynchos domesticus		2023-02-23	USA: Pennsylvania	CL pooled swabs																		
kc_com6			Influenza A virus	kc_com6 from CL pooled swabs	Anas platyrhynchos domesticus		2023-02-23	USA: Pennsylvania	CL pooled swabs																		
kc_com7			Influenza A virus	kc_com7 from CL pooled swabs	Anas platyrhynchos domesticus		2023-02-23	USA: Pennsylvania	CL pooled swabs																		
kc_com8			Influenza A virus	kc_com8 from CL pooled swabs	Anas platyrhynchos domesticus		2023-02-23	USA: Pennsylvania	CL pooled swabs																		
PCR_NC1_run10			Influenza A virus	H2O for PCR NC1 run10	none		not applicable	USA: Pennsylvania	H2O																		
PCR_NC1_run9			Influenza A virus	H2O for PCR NC1 run 9	none		not applicable	USA: Pennsylvania	H2O																		
pcr_nc2_run10			Influenza A virus	H2O for PCR NC2 run 10	none		not applicable	USA: Pennsylvania	H2O																		
pcr_nc2_run9			Influenza A virus	H2O for PCR NC2 run 9	none		not applicable	USA: Pennsylvania	H2O																		
pcr_nc3_run10			Influenza A virus	H2O for PCR NC3 run 10	none		not applicable	USA: Pennsylvania	H2O																		
pcr_nc4_run10			Influenza A virus	H2O for PCR NC4 run 10	none		not applicable	USA: Pennsylvania	H2O																		
PCRNC1_run8			Influenza A virus	H2O for PCR NC1 run 8	none		not applicable	USA: Pennsylvania	H2O																		
PCRNC2_run8			Influenza A virus	H2O for PCRNC2 run 8	none		not applicable	USA: Pennsylvania	H2O																		
PCRNC3_run9			Influenza A virus	H2O for PCRNC3 run 9	none		not applicable	USA: Pennsylvania	H2O																		
PCRNC4_run9			Influenza A virus	H2O for PCRNC4 run 9	none		not applicable	USA: Pennsylvania	H2O																		
rt_nc2_run10			Influenza A virus	H2O for RTNC2 run 10	none		not applicable	USA: Pennsylvania	H2O																		
rt_nc3_run10			Influenza A virus	H2O. for RTNC3 run 10	none		not applicable	USA: Pennsylvania	H2O																		
rt_nc_run9			Influenza A virus	H2O for RTNC2 run 9	none		not applicable	USA: Pennsylvania	H2O																		
RTNC2_run8			Influenza A virus	H2O for RTNC2 run 8	none		not applicable	USA: Pennsylvania	H2O																		
run4_PCR_NC_1			Influenza A virus	H2O for PCRNC1 run 4	none		not applicable	USA: Pennsylvania	H2O																		
run4_PCR_NC_2			Influenza A virus	H2O for PCRNC2 run 4	none		not applicable	USA: Pennsylvania	H2O																		
run4_PCR_NC_3			Influenza A virus	H2O for PCRNC3 run 4	none		not applicable	USA: Pennsylvania	H2O																		
run4_PCR_NC_4			Influenza A virus	H2O for PCRNC4 run 4	none		not applicable	USA: Pennsylvania	H2O																		
run4_RT_NC_1			Influenza A virus	H2O for RTNC1 run 4	none		not applicable	USA: Pennsylvania	H2O																		
run5_PCR_NC_1			Influenza A virus	H2O for PCRNC1 run 5	none		not applicable	USA: Pennsylvania	H2O																		
run5_PCR_NC_2			Influenza A virus	H2O for PCRNC2 run 5	none		not applicable	USA: Pennsylvania	H2O																		
run5_PCR_NC_3			Influenza A virus	H2O for PCRNC3 run5	none		not applicable	USA: Pennsylvania	H2O																		
run5_PCR_NC_4			Influenza A virus	H2O for PCRNC4 run 5	none		not applicable	USA: Pennsylvania	H2O																		
run5_RT_NC_1			Influenza A virus	H2O for RTNC1 run 5	none		not applicable	USA: Pennsylvania	H2O																		
run6_PCR_NC_1			Influenza A virus	H2O for PCRNC1 run 6	none		not applicable	USA: Pennsylvania	H2O																		
run6_PCR_NC_2			Influenza A virus	H2O for PCRNC2 run 6	none		not applicable	USA: Pennsylvania	H2O																		
run6_PCR_NC_3			Influenza A virus	H2O for PCRNC3 run 6	none		not applicable	USA: Pennsylvania	H2O																		
run6_PCR_NC_4			Influenza A virus	H2O for PCRNC4 run 6	none		not applicable	USA: Pennsylvania	H2O																		
run6_PCR_NC_5			Influenza A virus	H2O for PCRNC5 run 6	none		not applicable	USA: Pennsylvania	H2O																		
run6_PCR_NC_6			Influenza A virus	H2O for PCRNC6 run 6	none		not applicable	USA: Pennsylvania	H2O																		
run6_RT_NC_2			Influenza A virus	H2O for RTNC2 run 6	none		not applicable	USA: Pennsylvania	H2O																		
run6_RT_NC_3			Influenza A virus	for RTNC3 run 6	none		not applicable	USA: Pennsylvania	H2O																		
rt_nc1_run10			Influenza A virus	H2O for RTNC1 run10	none		not applicable	USA: Pennsylvania	H2O																		
run6_RT_NC_1			Influenza A virus	for RTNC1 run 6	none		not applicable	USA: Pennsylvania	H2O																		
cb_com3_rep6			Influenza A virus	additional reads cb_com3	galliformes		2023-02-23	USA: Pennsylvania	OR pooled swabs																		
cb_com4_rep5			Influenza A virus	additional reads cb_com4	galliformes		2023-02-23	USA: Pennsylvania	OR pooled swabs																		
kc_com4_rep6			Influenza A virus	additional reads kc_com4	anseriformes		2023-02-23	USA: Pennsylvania	CL pooled swabs																		
