sample_name	library_ID	title	library_strategy	library_source	library_selection	library_layout	platform	instrument_model	design_description	filetype	fasta_file	assembly	filename	filename2	filename3	filename4	filename5	filename6	filename7	filename8
c_com1	c_com1	deep sequencing of H5N1 from domestic bird diagnostic swabs	WGS	VIRAL RNA	RT-PCR	paired	ILLUMINA	Illumina MiniSeq	cDNA was generated from vRNA with Protoscript II kit. cDNA was amplified using segment specific primers and Q5 hot start. Library preparation was performed with Nextera XT library prep kit.	fastq			c-com1-rep1_S1_L001_R1_001.fastq.gz	c-com1-rep1_S1_L001_R2_001.fastq.gz	c-com1-rep2_S36_L001_R1_001.fastq.gz	c-com1-rep2_S36_L001_R2_001.fastq.gz	c-com1-rep3_S46_L001_R1_001.fastq.gz	c-com1-rep3_S46_L001_R2_001.fastq.gz		
c_com2	c_com2	deep sequencing of H5N1 from domestic bird diagnostic swabs	WGS	VIRAL RNA	RT-PCR	paired	ILLUMINA	Illumina MiniSeq	cDNA was generated from vRNA with Protoscript II kit. cDNA was amplified using segment specific primers and Q5 hot start. Library preparation was performed with Nextera XT library prep kit.	fastq			c-com2-rep1_S2_L001_R1_001.fastq.gz	c-com2-rep1_S2_L001_R2_001.fastq.gz	c-com2-rep2_S37_L001_R1_001.fastq.gz	c-com2-rep2_S37_L001_R2_001.fastq.gz				
c_com3	c_com3	deep sequencing of H5N1 from domestic bird diagnostic swabs	WGS	VIRAL RNA	RT-PCR	paired	ILLUMINA	Illumina MiniSeq	cDNA was generated from vRNA with Protoscript II kit. cDNA was amplified using segment specific primers and Q5 hot start. Library preparation was performed with Nextera XT library prep kit.	fastq			c-com3-rep1_S3_L001_R1_001.fastq.gz	c-com3-rep1_S3_L001_R2_001.fastq.gz	c-com3-rep2_S38_L001_R1_001.fastq.gz	c-com3-rep2_S38_L001_R2_001.fastq.gz	c-com3-rep3_S47_L001_R1_001.fastq.gz	c-com3-rep3_S47_L001_R2_001.fastq.gz	c-com3-rep4_S48_L001_R1_001.fastq.gz	c-com3-rep4_S48_L001_R2_001.fastq.gz
c_com4	c_com4	deep sequencing of H5N1 from domestic bird diagnostic swabs	WGS	VIRAL RNA	RT-PCR	paired	ILLUMINA	Illumina MiniSeq	cDNA was generated from vRNA with Protoscript II kit. cDNA was amplified using segment specific primers and Q5 hot start. Library preparation was performed with Nextera XT library prep kit.	fastq			c-com4-rep1_S17_L001_R1_001.fastq.gz	c-com4-rep1_S17_L001_R2_001.fastq.gz	c-com4-rep2_S54_L001_R1_001.fastq.gz	c-com4-rep2_S54_L001_R2_001.fastq.gz				
c_com5	c_com5	deep sequencing of H5N1 from domestic bird diagnostic swabs	WGS	VIRAL RNA	RT-PCR	paired	ILLUMINA	Illumina MiniSeq	cDNA was generated from vRNA with Protoscript II kit. cDNA was amplified using segment specific primers and Q5 hot start. Library preparation was performed with Nextera XT library prep kit.	fastq			c-com5-rep1_S18_L001_R1_001.fastq.gz	c-com5-rep1_S18_L001_R2_001.fastq.gz	c-com5-rep2_S55_L001_R1_001.fastq.gz	c-com5-rep2_S55_L001_R2_001.fastq.gz				
c_com6	c_com6	deep sequencing of H5N1 from domestic bird diagnostic swabs	WGS	VIRAL RNA	RT-PCR	paired	ILLUMINA	Illumina MiniSeq	cDNA was generated from vRNA with Protoscript II kit. cDNA was amplified using segment specific primers and Q5 hot start. Library preparation was performed with Nextera XT library prep kit.	fastq			c-com6-rep1_S19_L001_R1_001.fastq.gz	c-com6-rep1_S19_L001_R2_001.fastq.gz	c-com6-rep2_S56_L001_R1_001.fastq.gz	c-com6-rep2_S56_L001_R2_001.fastq.gz				
c_lbm10	c_lbm10	deep sequencing of H5N1 from domestic bird diagnostic swabs	WGS	VIRAL RNA	RT-PCR	paired	ILLUMINA	Illumina MiniSeq	cDNA was generated from vRNA with Protoscript II kit. cDNA was amplified using segment specific primers and Q5 hot start. Library preparation was performed with Nextera XT library prep kit.	fastq			c-lbm10-rep1_S25_L001_R1_001.fastq.gz	c-lbm10-rep1_S25_L001_R2_001.fastq.gz	c-lbm10-rep2_S35_L001_R1_001.fastq.gz	c-lbm10-rep2_S35_L001_R2_001.fastq.gz				
c_lbm11	c_lbm11	deep sequencing of H5N1 from domestic bird diagnostic swabs	WGS	VIRAL RNA	RT-PCR	paired	ILLUMINA	Illumina MiniSeq	cDNA was generated from vRNA with Protoscript II kit. cDNA was amplified using segment specific primers and Q5 hot start. Library preparation was performed with Nextera XT library prep kit.	fastq			c-lbm11-rep1_S26_L001_R1_001.fastq.gz	c-lbm11-rep1_S26_L001_R2_001.fastq.gz	c-lbm11-rep2_S36_L001_R1_001.fastq.gz	c-lbm11-rep2_S36_L001_R2_001.fastq.gz	c-lbm11-rep3_S30_L001_R1_001.fastq.gz	c-lbm11-rep3_S30_L001_R2_001.fastq.gz	c-lbm11-rep4_S34_L001_R1_001.fastq.gz	c-lbm11-rep4_S34_L001_R2_001.fastq.gz
c_lbm1	c_lbm1	deep sequencing of H5N1 from domestic bird diagnostic swabs	WGS	VIRAL RNA	RT-PCR	paired	ILLUMINA	Illumina MiniSeq	cDNA was generated from vRNA with Protoscript II kit. cDNA was amplified using segment specific primers and Q5 hot start. Library preparation was performed with Nextera XT library prep kit.	fastq			c-lbm1-rep1_S36_L001_R1_001.fastq.gz	c-lbm1-rep1_S36_L001_R2_001.fastq.gz	c-lbm1-rep2_S13_L001_R1_001.fastq.gz	c-lbm1-rep2_S13_L001_R2_001.fastq.gz				
c_lbm2	c_lbm2	deep sequencing of H5N1 from domestic bird diagnostic swabs	WGS	VIRAL RNA	RT-PCR	paired	ILLUMINA	Illumina MiniSeq	cDNA was generated from vRNA with Protoscript II kit. cDNA was amplified using segment specific primers and Q5 hot start. Library preparation was performed with Nextera XT library prep kit.	fastq			c-lbm2-rep1_S37_L001_R1_001.fastq.gz	c-lbm2-rep1_S37_L001_R2_001.fastq.gz	c-lbm2-rep2_S14_L001_R1_001.fastq.gz	c-lbm2-rep2_S14_L001_R2_001.fastq.gz	c-lbm2-rep3_S23_L001_R1_001.fastq.gz	c-lbm2-rep3_S23_L001_R2_001.fastq.gz		
c_lbm3	c_lbm3	deep sequencing of H5N1 from domestic bird diagnostic swabs	WGS	VIRAL RNA	RT-PCR	paired	ILLUMINA	Illumina MiniSeq	cDNA was generated from vRNA with Protoscript II kit. cDNA was amplified using segment specific primers and Q5 hot start. Library preparation was performed with Nextera XT library prep kit.	fastq			c-lbm3-rep1_S38_L001_R1_001.fastq.gz	c-lbm3-rep1_S38_L001_R2_001.fastq.gz	c-lbm3-rep2_S15_L001_R1_001.fastq.gz	c-lbm3-rep2_S15_L001_R2_001.fastq.gz	c-lbm3-rep3_S24_L001_R1_001.fastq.gz	c-lbm3-rep3_S24_L001_R2_001.fastq.gz	c-lbm3-rep4_S29_L001_R1_001.fastq.gz	c-lbm3-rep4_S29_L001_R2_001.fastq.gz
c_lbm4	c_lbm4	deep sequencing of H5N1 from domestic bird diagnostic swabs	WGS	VIRAL RNA	RT-PCR	paired	ILLUMINA	Illumina MiniSeq	cDNA was generated from vRNA with Protoscript II kit. cDNA was amplified using segment specific primers and Q5 hot start. Library preparation was performed with Nextera XT library prep kit.	fastq			c-lbm4-rep1_S39_L001_R1_001.fastq.gz	c-lbm4-rep1_S39_L001_R2_001.fastq.gz	c-lbm4-rep2_S16_L001_R1_001.fastq.gz	c-lbm4-rep2_S16_L001_R2_001.fastq.gz				
c_lbm5	c_lbm5	deep sequencing of H5N1 from domestic bird diagnostic swabs	WGS	VIRAL RNA	RT-PCR	paired	ILLUMINA	Illumina MiniSeq	cDNA was generated from vRNA with Protoscript II kit. cDNA was amplified using segment specific primers and Q5 hot start. Library preparation was performed with Nextera XT library prep kit.	fastq			c-lbm5-rep1_S19_L001_R1_001.fastq.gz	c-lbm5-rep1_S19_L001_R2_001.fastq.gz	c-lbm5-rep2_S29_L001_R1_001.fastq.gz	c-lbm5-rep2_S29_L001_R2_001.fastq.gz				
c_lbm6	c_lbm6	deep sequencing of H5N1 from domestic bird diagnostic swabs	WGS	VIRAL RNA	RT-PCR	paired	ILLUMINA	Illumina MiniSeq	cDNA was generated from vRNA with Protoscript II kit. cDNA was amplified using segment specific primers and Q5 hot start. Library preparation was performed with Nextera XT library prep kit.	fastq			c-lbm6-rep1_S21_L001_R1_001.fastq.gz	c-lbm6-rep1_S21_L001_R2_001.fastq.gz	c-lbm6-rep2_S31_L001_R1_001.fastq.gz	c-lbm6-rep2_S31_L001_R2_001.fastq.gz				
c_lbm7	c_lbm7	deep sequencing of H5N1 from domestic bird diagnostic swabs	WGS	VIRAL RNA	RT-PCR	paired	ILLUMINA	Illumina MiniSeq	cDNA was generated from vRNA with Protoscript II kit. cDNA was amplified using segment specific primers and Q5 hot start. Library preparation was performed with Nextera XT library prep kit.	fastq			c-lbm7-rep1_S22_L001_R1_001.fastq.gz	c-lbm7-rep1_S22_L001_R2_001.fastq.gz	c-lbm7-rep2_S32_L001_R1_001.fastq.gz	c-lbm7-rep2_S32_L001_R2_001.fastq.gz				
c_lbm8	c_lbm8	deep sequencing of H5N1 from domestic bird diagnostic swabs	WGS	VIRAL RNA	RT-PCR	paired	ILLUMINA	Illumina MiniSeq	cDNA was generated from vRNA with Protoscript II kit. cDNA was amplified using segment specific primers and Q5 hot start. Library preparation was performed with Nextera XT library prep kit.	fastq			c-lbm8-rep1_S23_L001_R1_001.fastq.gz	c-lbm8-rep1_S23_L001_R2_001.fastq.gz	c-lbm8-rep2_S33_L001_R1_001.fastq.gz	c-lbm8-rep2_S33_L001_R2_001.fastq.gz	c-lbm8-rep4_S33_L001_R1_001.fastq.gz	c-lbm8-rep4_S33_L001_R2_001.fastq.gz		
c_lbm9	c_lbm9	deep sequencing of H5N1 from domestic bird diagnostic swabs	WGS	VIRAL RNA	RT-PCR	paired	ILLUMINA	Illumina MiniSeq	cDNA was generated from vRNA with Protoscript II kit. cDNA was amplified using segment specific primers and Q5 hot start. Library preparation was performed with Nextera XT library prep kit.	fastq			c-lbm9-rep1_S24_L001_R1_001.fastq.gz	c-lbm9-rep1_S24_L001_R2_001.fastq.gz	c-lbm9-rep2_S34_L001_R1_001.fastq.gz	c-lbm9-rep2_S34_L001_R2_001.fastq.gz				
cb_com1	cb_com1	deep sequencing of H5N1 from domestic bird diagnostic swabs	WGS	VIRAL RNA	RT-PCR	paired	ILLUMINA	Illumina MiniSeq	cDNA was generated from vRNA with Protoscript II kit. cDNA was amplified using segment specific primers and Q5 hot start. Library preparation was performed with Nextera XT library prep kit.	fastq			CB-com1-R1_S2_L001_R1_001.fastq.gz	CB-com1-R1_S2_L001_R2_001.fastq.gz	CB-com1-R2_S15_L001_R1_001.fastq.gz	CB-com1-R2_S15_L001_R2_001.fastq.gz	cb-com1-rep3_S2_L001_R1_001.fastq.gz	cb-com1-rep3_S2_L001_R2_001.fastq.gz	CB-com1-rep4_S6_L001_R1_001.fastq.gz	CB-com1-rep4_S6_L001_R2_001.fastq.gz
cb_com2	cb_com2	deep sequencing of H5N1 from domestic bird diagnostic swabs	WGS	VIRAL RNA	RT-PCR	paired	ILLUMINA	Illumina MiniSeq	cDNA was generated from vRNA with Protoscript II kit. cDNA was amplified using segment specific primers and Q5 hot start. Library preparation was performed with Nextera XT library prep kit.	fastq			CB-com2-R1_S4_L001_R1_001.fastq.gz	CB-com2-R1_S4_L001_R2_001.fastq.gz	CB-com2-R2_S17_L001_R1_001.fastq.gz	CB-com2-R2_S17_L001_R2_001.fastq.gz	cb-com2-rep3_S4_L001_R1_001.fastq.gz	cb-com2-rep3_S4_L001_R2_001.fastq.gz	CB-com2-rep4_S8_L001_R1_001.fastq.gz	CB-com2-rep4_S8_L001_R2_001.fastq.gz
cb_com3	cb_com3	deep sequencing of H5N1 from domestic bird diagnostic swabs	WGS	VIRAL RNA	RT-PCR	paired	ILLUMINA	Illumina MiniSeq	cDNA was generated from vRNA with Protoscript II kit. cDNA was amplified using segment specific primers and Q5 hot start. Library preparation was performed with Nextera XT library prep kit.	fastq			CB-com3-Rep1_S5_L001_R1_001.fastq.gz	CB-com3-Rep1_S5_L001_R2_001.fastq.gz	CB-com3-Rep2_S18_L001_R1_001.fastq.gz	CB-com3-Rep2_S18_L001_R2_001.fastq.gz	CB-Com3-Rep3_S58_L001_R1_001.fastq.gz	CB-Com3-Rep3_S58_L001_R2_001.fastq.gz	CB-com3-rep3_S13_L001_R1_001.fastq.gz	CB-com3-rep3_S13_L001_R2_001.fastq.gz
cb_com4	cb_com4	deep sequencing of H5N1 from domestic bird diagnostic swabs	WGS	VIRAL RNA	RT-PCR	paired	ILLUMINA	Illumina MiniSeq	cDNA was generated from vRNA with Protoscript II kit. cDNA was amplified using segment specific primers and Q5 hot start. Library preparation was performed with Nextera XT library prep kit.	fastq			CB-com4-Rep1_S7_L001_R1_001.fastq.gz	CB-com4-Rep1_S7_L001_R2_001.fastq.gz	CB-com4-Rep2_S20_L001_R1_001.fastq.gz	CB-com4-Rep2_S20_L001_R2_001.fastq.gz	CB-Com4-Rep3_S61_L001_R1_001.fastq.gz	CB-Com4-Rep3_S61_L001_R2_001.fastq.gz	CB-com4-rep4_S21_L001_R1_001.fastq.gz	CB-com4-rep4_S21_L001_R2_001.fastq.gz
ckr_com1	ckr_com1	deep sequencing of H5N1 from domestic bird diagnostic swabs	WGS	VIRAL RNA	RT-PCR	paired	ILLUMINA	Illumina MiniSeq	cDNA was generated from vRNA with Protoscript II kit. cDNA was amplified using segment specific primers and Q5 hot start. Library preparation was performed with Nextera XT library prep kit.	fastq			ckr-com1-rep2_S43_L001_R1_001.fastq.gz	ckr-com1-rep2_S43_L001_R2_001.fastq.gz	ckr-com1-rep1_S2_L001_R1_001.fastq.gz	ckr-com1-rep1_S2_L001_R2_001.fastq.gz				
ckr_com2	ckr_com2	deep sequencing of H5N1 from domestic bird diagnostic swabs	WGS	VIRAL RNA	RT-PCR	paired	ILLUMINA	Illumina MiniSeq	cDNA was generated from vRNA with Protoscript II kit. cDNA was amplified using segment specific primers and Q5 hot start. Library preparation was performed with Nextera XT library prep kit.	fastq			ckr-com2-rep1_S3_L001_R1_001.fastq.gz	ckr-com2-rep1_S3_L001_R2_001.fastq.gz	ckr-com2-rep2_S44_L001_R1_001.fastq.gz	ckr-com2-rep2_S44_L001_R2_001.fastq.gz				
ckr_com3	ckr_com3	deep sequencing of H5N1 from domestic bird diagnostic swabs	WGS	VIRAL RNA	RT-PCR	paired	ILLUMINA	Illumina MiniSeq	cDNA was generated from vRNA with Protoscript II kit. cDNA was amplified using segment specific primers and Q5 hot start. Library preparation was performed with Nextera XT library prep kit.	fastq			ckr-com3-rep1_S4_L001_R1_001.fastq.gz	ckr-com3-rep1_S4_L001_R2_001.fastq.gz	ckr-com3-rep2_S45_L001_R1_001.fastq.gz	ckr-com3-rep2_S45_L001_R2_001.fastq.gz				
ckr_lbm1	ckr_lbm1	deep sequencing of H5N1 from domestic bird diagnostic swabs	WGS	VIRAL RNA	RT-PCR	paired	ILLUMINA	Illumina MiniSeq	cDNA was generated from vRNA with Protoscript II kit. cDNA was amplified using segment specific primers and Q5 hot start. Library preparation was performed with Nextera XT library prep kit.	fastq			ckr-lbm1-rep1_S40_L001_R1_001.fastq.gz	ckr-lbm1-rep1_S40_L001_R2_001.fastq.gz	ckr-lbm1-rep2_S17_L001_R1_001.fastq.gz	ckr-lbm1-rep2_S17_L001_R2_001.fastq.gz				
cl_c1	cl_c1	deep sequencing of H5N1 from domestic bird diagnostic swabs	WGS	VIRAL RNA	RT-PCR	paired	ILLUMINA	Illumina MiniSeq	cDNA was generated from vRNA with Protoscript II kit. cDNA was amplified using segment specific primers and Q5 hot start. Library preparation was performed with Nextera XT library prep kit.	fastq			CL-C1-Rep1_S38_L001_R1_001.fastq.gz	CL-C1-Rep1_S38_L001_R2_001.fastq.gz						
cl_c2	cl_c2	deep sequencing of H5N1 from domestic bird diagnostic swabs	WGS	VIRAL RNA	RT-PCR	paired	ILLUMINA	Illumina MiniSeq	cDNA was generated from vRNA with Protoscript II kit. cDNA was amplified using segment specific primers and Q5 hot start. Library preparation was performed with Nextera XT library prep kit.	fastq			CL-C2-Rep1_S39_L001_R1_001.fastq.gz	CL-C2-Rep1_S39_L001_R2_001.fastq.gz						
d_com1	d_com1	deep sequencing of H5N1 from domestic bird diagnostic swabs	WGS	VIRAL RNA	RT-PCR	paired	ILLUMINA	Illumina MiniSeq	cDNA was generated from vRNA with Protoscript II kit. cDNA was amplified using segment specific primers and Q5 hot start. Library preparation was performed with Nextera XT library prep kit.	fastq			d-com1-rep1_S5_L001_R1_001.fastq.gz	d-com1-rep1_S5_L001_R2_001.fastq.gz	d-com1-rep2_S46_L001_R1_001.fastq.gz	d-com1-rep2_S46_L001_R2_001.fastq.gz				
d_com2	d_com2	deep sequencing of H5N1 from domestic bird diagnostic swabs	WGS	VIRAL RNA	RT-PCR	paired	ILLUMINA	Illumina MiniSeq	cDNA was generated from vRNA with Protoscript II kit. cDNA was amplified using segment specific primers and Q5 hot start. Library preparation was performed with Nextera XT library prep kit.	fastq			d-com2-rep1_S6_L001_R1_001.fastq.gz	d-com2-rep1_S6_L001_R2_001.fastq.gz	d-com2-rep2_S47_L001_R1_001.fastq.gz	d-com2-rep2_S47_L001_R2_001.fastq.gz				
d_com3	d_com3	deep sequencing of H5N1 from domestic bird diagnostic swabs	WGS	VIRAL RNA	RT-PCR	paired	ILLUMINA	Illumina MiniSeq	cDNA was generated from vRNA with Protoscript II kit. cDNA was amplified using segment specific primers and Q5 hot start. Library preparation was performed with Nextera XT library prep kit.	fastq			d-com3-rep1_S7_L001_R1_001.fastq.gz	d-com3-rep1_S7_L001_R2_001.fastq.gz	d-com3-rep2_S48_L001_R1_001.fastq.gz	d-com3-rep2_S48_L001_R2_001.fastq.gz	d-com3-rep4_S25_L001_R1_001.fastq.gz	d-com3-rep4_S25_L001_R2_001.fastq.gz		
d_lbm1	d_lbm1	deep sequencing of H5N1 from domestic bird diagnostic swabs	WGS	VIRAL RNA	RT-PCR	paired	ILLUMINA	Illumina MiniSeq	cDNA was generated from vRNA with Protoscript II kit. cDNA was amplified using segment specific primers and Q5 hot start. Library preparation was performed with Nextera XT library prep kit.	fastq			d-lbm1-rep1_S34_L001_R1_001.fastq.gz	d-lbm1-rep1_S34_L001_R2_001.fastq.gz	d-lbm1-rep2_S11_L001_R1_001.fastq.gz	d-lbm1-rep2_S11_L001_R2_001.fastq.gz	d-lbm1_rep3_S21_L001_R1_001.fastq.gz	d-lbm1_rep3_S21_L001_R2_001.fastq.gz	d-lbm1-rep4_S27_L001_R1_001.fastq.gz	d-lbm1-rep4_S27_L001_R2_001.fastq.gz
d_lbm2	d_lbm2	deep sequencing of H5N1 from domestic bird diagnostic swabs	WGS	VIRAL RNA	RT-PCR	paired	ILLUMINA	Illumina MiniSeq	cDNA was generated from vRNA with Protoscript II kit. cDNA was amplified using segment specific primers and Q5 hot start. Library preparation was performed with Nextera XT library prep kit.	fastq			d-lbm2-rep1_S35_L001_R1_001.fastq.gz	d-lbm2-rep1_S35_L001_R2_001.fastq.gz	d-lbm2-rep2_S12_L001_R1_001.fastq.gz	d-lbm2-rep2_S12_L001_R2_001.fastq.gz	d-lbm2-rep3_S22_L001_R1_001.fastq.gz	d-lbm2-rep3_S22_L001_R2_001.fastq.gz	d-lbm2-rep4_S28_L001_R1_001.fastq.gz	d-lbm2-rep4_S28_L001_R2_001.fastq.gz
d_lbm3	d_lbm3	deep sequencing of H5N1 from domestic bird diagnostic swabs	WGS	VIRAL RNA	RT-PCR	paired	ILLUMINA	Illumina MiniSeq	cDNA was generated from vRNA with Protoscript II kit. cDNA was amplified using segment specific primers and Q5 hot start. Library preparation was performed with Nextera XT library prep kit.	fastq			d-lbm3-rep1_S20_L001_R1_001.fastq.gz	d-lbm3-rep1_S20_L001_R2_001.fastq.gz	d-lbm3-rep2_S30_L001_R1_001.fastq.gz	d-lbm3-rep2_S30_L001_R2_001.fastq.gz	d-lbm3-rep4_S32_L001_R1_001.fastq.gz	d-lbm3-rep4_S32_L001_R2_001.fastq.gz		
d_lbm4	d_lbm4	deep sequencing of H5N1 from domestic bird diagnostic swabs	WGS	VIRAL RNA	RT-PCR	paired	ILLUMINA	Illumina MiniSeq	cDNA was generated from vRNA with Protoscript II kit. cDNA was amplified using segment specific primers and Q5 hot start. Library preparation was performed with Nextera XT library prep kit.	fastq			d-lbm4-rep1_S27_L001_R1_001.fastq.gz	d-lbm4-rep1_S27_L001_R2_001.fastq.gz	d-lbm4-rep2_S37_L001_R1_001.fastq.gz	d-lbm4-rep2_S37_L001_R2_001.fastq.gz	d-lbm4-rep3_S31_L001_R1_001.fastq.gz	d-lbm4-rep3_S31_L001_R2_001.fastq.gz	d-lbm4-rep4_S35_L001_R1_001.fastq.gz	d-lbm4-rep4_S35_L001_R2_001.fastq.gz
g_com1	g_com1	deep sequencing of H5N1 from domestic bird diagnostic swabs	WGS	VIRAL RNA	RT-PCR	paired	ILLUMINA	Illumina MiniSeq	cDNA was generated from vRNA with Protoscript II kit. cDNA was amplified using segment specific primers and Q5 hot start. Library preparation was performed with Nextera XT library prep kit.	fastq			G-com1-Rep1_S9_L001_R1_001.fastq.gz	G-com1-Rep1_S9_L001_R2_001.fastq.gz	G-com1-Rep2_S22_L001_R1_001.fastq.gz	G-com1-Rep2_S22_L001_R2_001.fastq.gz	G-Com1-Rep3_S62_L001_R1_001.fastq.gz	G-Com1-Rep3_S62_L001_R2_001.fastq.gz	G-Com1-Rep4_S64_L001_R1_001.fastq.gz	G-Com1-Rep4_S64_L001_R2_001.fastq.gz
g_com2	g_com2	deep sequencing of H5N1 from domestic bird diagnostic swabs	WGS	VIRAL RNA	RT-PCR	paired	ILLUMINA	Illumina MiniSeq	cDNA was generated from vRNA with Protoscript II kit. cDNA was amplified using segment specific primers and Q5 hot start. Library preparation was performed with Nextera XT library prep kit.	fastq			G-com2-Rep1_S10_L001_R1_001.fastq.gz	G-com2-Rep1_S10_L001_R2_001.fastq.gz	G-com2-Rep2_S23_L001_R1_001.fastq.gz	G-com2-Rep2_S23_L001_R2_001.fastq.gz	G-Com2-Rep3_S63_L001_R1_001.fastq.gz	G-Com2-Rep3_S63_L001_R2_001.fastq.gz	G-Com2-Rep4_S65_L001_R1_001.fastq.gz	G-Com2-Rep4_S65_L001_R2_001.fastq.gz
g_lbm1	g_lbm1	deep sequencing of H5N1 from domestic bird diagnostic swabs	WGS	VIRAL RNA	RT-PCR	paired	ILLUMINA	Illumina MiniSeq	cDNA was generated from vRNA with Protoscript II kit. cDNA was amplified using segment specific primers and Q5 hot start. Library preparation was performed with Nextera XT library prep kit.	fastq			g-lbm1-rep1_S33_L001_R1_001.fastq.gz	g-lbm1-rep1_S33_L001_R2_001.fastq.gz	g-lbm1-rep2_S10_L001_R1_001.fastq.gz	g-lbm1-rep2_S10_L001_R2_001.fastq.gz				
gn_lbm1	gn_lbm1	deep sequencing of H5N1 from domestic bird diagnostic swabs	WGS	VIRAL RNA	RT-PCR	paired	ILLUMINA	Illumina MiniSeq	cDNA was generated from vRNA with Protoscript II kit. cDNA was amplified using segment specific primers and Q5 hot start. Library preparation was performed with Nextera XT library prep kit.	fastq			gn-lbm1-rep1_S1_L001_R1_001.fastq.gz	gn-lbm1-rep1_S1_L001_R2_001.fastq.gz	gn-lbm1-rep2_S42_L001_R1_001.fastq.gz	gn-lbm1-rep2_S42_L001_R2_001.fastq.gz				
kc_com1	kc_com1	deep sequencing of H5N1 from domestic bird diagnostic swabs	WGS	VIRAL RNA	RT-PCR	paired	ILLUMINA	Illumina MiniSeq	cDNA was generated from vRNA with Protoscript II kit. cDNA was amplified using segment specific primers and Q5 hot start. Library preparation was performed with Nextera XT library prep kit.	fastq			KC-com1-R1_S1_L001_R1_001.fastq.gz	KC-com1-R1_S1_L001_R2_001.fastq.gz	KC-com1-R2_S14_L001_R1_001.fastq.gz	KC-com1-R2_S14_L001_R2_001.fastq.gz	KC-com1-rep3_S1_L001_R1_001.fastq.gz	KC-com1-rep3_S1_L001_R2_001.fastq.gz	KC-com1-rep4_S5_L001_R1_001.fastq.gz	KC-com1-rep4_S5_L001_R2_001.fastq.gz
kc_com2	kc_com2	deep sequencing of H5N1 from domestic bird diagnostic swabs	WGS	VIRAL RNA	RT-PCR	paired	ILLUMINA	Illumina MiniSeq	cDNA was generated from vRNA with Protoscript II kit. cDNA was amplified using segment specific primers and Q5 hot start. Library preparation was performed with Nextera XT library prep kit.	fastq			KC-com2-R1_S3_L001_R1_001.fastq.gz	KC-com2-R1_S3_L001_R2_001.fastq.gz	KC-com2-R2_S16_L001_R1_001.fastq.gz	KC-com2-R2_S16_L001_R2_001.fastq.gz	kc-com2-rep3_S3_L001_R1_001.fastq.gz	kc-com2-rep3_S3_L001_R2_001.fastq.gz	KC-com2-rep4_S7_L001_R1_001.fastq.gz	KC-com2-rep4_S7_L001_R2_001.fastq.gz
kc_com3	kc_com3	deep sequencing of H5N1 from domestic bird diagnostic swabs	WGS	VIRAL RNA	RT-PCR	paired	ILLUMINA	Illumina MiniSeq	cDNA was generated from vRNA with Protoscript II kit. cDNA was amplified using segment specific primers and Q5 hot start. Library preparation was performed with Nextera XT library prep kit.	fastq			KC-com3-Rep1_S1_L001_R1_001.fastq.gz	KC-com3-Rep1_S1_L001_R2_001.fastq.gz	KC-com3-Rep2_S14_L001_R1_001.fastq.gz	KC-com3-Rep2_S14_L001_R2_001.fastq.gz	KC-com3-rep3_S9_L001_R1_001.fastq.gz	KC-com3-rep3_S9_L001_R2_001.fastq.gz	KC-com3-rep4_S16_L001_R1_001.fastq.gz	KC-com3-rep4_S16_L001_R2_001.fastq.gz
kc_com4	kc_com4	deep sequencing of H5N1 from domestic bird diagnostic swabs	WGS	VIRAL RNA	RT-PCR	paired	ILLUMINA	Illumina MiniSeq	cDNA was generated from vRNA with Protoscript II kit. cDNA was amplified using segment specific primers and Q5 hot start. Library preparation was performed with Nextera XT library prep kit.	fastq			KC-com4-Rep1_S2_L001_R1_001.fastq.gz	KC-com4-Rep1_S2_L001_R2_001.fastq.gz	KC-com4-Rep2_S15_L001_R1_001.fastq.gz	KC-com4-Rep2_S15_L001_R2_001.fastq.gz	KC-Com4-Rep3_S56_L001_R1_001.fastq.gz	KC-Com4-Rep3_S56_L001_R2_001.fastq.gz	KC-com4-rep5_S10_L001_R1_001.fastq.gz	KC-com4-rep5_S10_L001_R2_001.fastq.gz
kc_com5	kc_com5	deep sequencing of H5N1 from domestic bird diagnostic swabs	WGS	VIRAL RNA	RT-PCR	paired	ILLUMINA	Illumina MiniSeq	cDNA was generated from vRNA with Protoscript II kit. cDNA was amplified using segment specific primers and Q5 hot start. Library preparation was performed with Nextera XT library prep kit.	fastq			KC-com5-Rep1_S3_L001_R1_001.fastq.gz	KC-com5-Rep1_S3_L001_R2_001.fastq.gz	KC-com5-Rep2_S16_L001_R1_001.fastq.gz	KC-com5-Rep2_S16_L001_R2_001.fastq.gz	KC-com5-rep3_S11_L001_R1_001.fastq.gz	KC-com5-rep3_S11_L001_R2_001.fastq.gz	KC-com5-rep4_S18_L001_R1_001.fastq.gz	KC-com5-rep4_S18_L001_R2_001.fastq.gz
kc_com6	kc_com6	deep sequencing of H5N1 from domestic bird diagnostic swabs	WGS	VIRAL RNA	RT-PCR	paired	ILLUMINA	Illumina MiniSeq	cDNA was generated from vRNA with Protoscript II kit. cDNA was amplified using segment specific primers and Q5 hot start. Library preparation was performed with Nextera XT library prep kit.	fastq			KC-com6-Rep1_S4_L001_R1_001.fastq.gz	KC-com6-Rep1_S4_L001_R2_001.fastq.gz	KC-com6-Rep2_S17_L001_R1_001.fastq.gz	KC-com6-Rep2_S17_L001_R2_001.fastq.gz	KC-Com6-Rep3_S57_L001_R1_001.fastq.gz	KC-Com6-Rep3_S57_L001_R2_001.fastq.gz	KC-com6-rep6_S19_L001_R1_001.fastq.gz	KC-com6-rep6_S19_L001_R2_001.fastq.gz
kc_com7	kc_com7	deep sequencing of H5N1 from domestic bird diagnostic swabs	WGS	VIRAL RNA	RT-PCR	paired	ILLUMINA	Illumina MiniSeq	cDNA was generated from vRNA with Protoscript II kit. cDNA was amplified using segment specific primers and Q5 hot start. Library preparation was performed with Nextera XT library prep kit.	fastq			KC-com7-Rep1_S6_L001_R1_001.fastq.gz	KC-com7-Rep1_S6_L001_R2_001.fastq.gz	KC-com7-Rep2_S19_L001_R1_001.fastq.gz	KC-com7-Rep2_S19_L001_R2_001.fastq.gz	KC-Com7-Rep3_S59_L001_R1_001.fastq.gz	KC-Com7-Rep3_S59_L001_R2_001.fastq.gz	KC-Com7-Rep4_S60_L001_R1_001.fastq.gz	KC-Com7-Rep4_S60_L001_R2_001.fastq.gz
kc_com8	kc_com8	deep sequencing of H5N1 from domestic bird diagnostic swabs	WGS	VIRAL RNA	RT-PCR	paired	ILLUMINA	Illumina MiniSeq	cDNA was generated from vRNA with Protoscript II kit. cDNA was amplified using segment specific primers and Q5 hot start. Library preparation was performed with Nextera XT library prep kit.	fastq			KC-com8-Rep1_S8_L001_R1_001.fastq.gz	KC-com8-Rep1_S8_L001_R2_001.fastq.gz	KC-com8-Rep2_S21_L001_R1_001.fastq.gz	KC-com8-Rep2_S21_L001_R2_001.fastq.gz	KC-com8-rep3_S15_L001_R1_001.fastq.gz	KC-com8-rep3_S15_L001_R2_001.fastq.gz	KC-com8-rep4_S22_L001_R1_001.fastq.gz	KC-com8-rep4_S22_L001_R2_001.fastq.gz
PCR_NC1_run10	PCR_NC1_run10	deep sequencing of H5N1 from domestic bird diagnostic swabs	WGS	VIRAL RNA	RT-PCR	paired	ILLUMINA	Illumina MiniSeq	cDNA was generated from vRNA with Protoscript II kit. cDNA was amplified using segment specific primers and Q5 hot start. Library preparation was performed with Nextera XT library prep kit.	fastq			PCR-NC1-run10_S10_L001_R1_001.fastq.gz	PCR-NC1-run10_S10_L001_R2_001.fastq.gz						
PCR_NC1_run9	PCR_NC1_run9	deep sequencing of H5N1 from domestic bird diagnostic swabs	WGS	VIRAL RNA	RT-PCR	paired	ILLUMINA	Illumina MiniSeq	cDNA was generated from vRNA with Protoscript II kit. cDNA was amplified using segment specific primers and Q5 hot start. Library preparation was performed with Nextera XT library prep kit.	fastq			PCR-NC1-run9_S9_L001_R1_001.fastq.gz	PCR-NC1-run9_S9_L001_R2_001.fastq.gz						
pcr_nc2_run10	pcr_nc2_run10	deep sequencing of H5N1 from domestic bird diagnostic swabs	WGS	VIRAL RNA	RT-PCR	paired	ILLUMINA	Illumina MiniSeq	cDNA was generated from vRNA with Protoscript II kit. cDNA was amplified using segment specific primers and Q5 hot start. Library preparation was performed with Nextera XT library prep kit.	fastq			pcr-nc2-run10_S20_L001_R1_001.fastq.gz	pcr-nc2-run10_S20_L001_R2_001.fastq.gz						
pcr_nc2_run9	pcr_nc2_run9	deep sequencing of H5N1 from domestic bird diagnostic swabs	WGS	VIRAL RNA	RT-PCR	paired	ILLUMINA	Illumina MiniSeq	cDNA was generated from vRNA with Protoscript II kit. cDNA was amplified using segment specific primers and Q5 hot start. Library preparation was performed with Nextera XT library prep kit.	fastq			pcr-nc2-run9_S18_L001_R1_001.fastq.gz	pcr-nc2-run9_S18_L001_R2_001.fastq.gz						
pcr_nc3_run10	pcr_nc3_run10	deep sequencing of H5N1 from domestic bird diagnostic swabs	WGS	VIRAL RNA	RT-PCR	paired	ILLUMINA	Illumina MiniSeq	cDNA was generated from vRNA with Protoscript II kit. cDNA was amplified using segment specific primers and Q5 hot start. Library preparation was performed with Nextera XT library prep kit.	fastq			pcr-nc3-run10_S45_L001_R1_001.fastq.gz	pcr-nc3-run10_S45_L001_R2_001.fastq.gz						
pcr_nc4_run10	pcr_nc4_run10	deep sequencing of H5N1 from domestic bird diagnostic swabs	WGS	VIRAL RNA	RT-PCR	paired	ILLUMINA	Illumina MiniSeq	cDNA was generated from vRNA with Protoscript II kit. cDNA was amplified using segment specific primers and Q5 hot start. Library preparation was performed with Nextera XT library prep kit.	fastq			pcr-nc4-run10_S58_L001_R1_001.fastq.gz	pcr-nc4-run10_S58_L001_R2_001.fastq.gz						
PCRNC1_run8	PCRNC1_run8	deep sequencing of H5N1 from domestic bird diagnostic swabs	WGS	VIRAL RNA	RT-PCR	paired	ILLUMINA	Illumina MiniSeq	cDNA was generated from vRNA with Protoscript II kit. cDNA was amplified using segment specific primers and Q5 hot start. Library preparation was performed with Nextera XT library prep kit.	fastq			PCRNC1-run8_S41_L001_R1_001.fastq.gz	PCRNC1-run8_S41_L001_R2_001.fastq.gz						
PCRNC2_run8	PCRNC2_run8	deep sequencing of H5N1 from domestic bird diagnostic swabs	WGS	VIRAL RNA	RT-PCR	paired	ILLUMINA	Illumina MiniSeq	cDNA was generated from vRNA with Protoscript II kit. cDNA was amplified using segment specific primers and Q5 hot start. Library preparation was performed with Nextera XT library prep kit.	fastq			PCRNC2-run8_S50_L001_R1_001.fastq.gz	PCRNC2-run8_S50_L001_R2_001.fastq.gz						
PCRNC3_run9	PCRNC3_run9	deep sequencing of H5N1 from domestic bird diagnostic swabs	WGS	VIRAL RNA	RT-PCR	paired	ILLUMINA	Illumina MiniSeq	cDNA was generated from vRNA with Protoscript II kit. cDNA was amplified using segment specific primers and Q5 hot start. Library preparation was performed with Nextera XT library prep kit.	fastq			PCRNC3_run9_S28_L001_R1_001.fastq.gz	PCRNC3_run9_S28_L001_R2_001.fastq.gz						
PCRNC4_run9	PCRNC4_run9	deep sequencing of H5N1 from domestic bird diagnostic swabs	WGS	VIRAL RNA	RT-PCR	paired	ILLUMINA	Illumina MiniSeq	cDNA was generated from vRNA with Protoscript II kit. cDNA was amplified using segment specific primers and Q5 hot start. Library preparation was performed with Nextera XT library prep kit.	fastq			PCRNC4_run9_S38_L001_R1_001.fastq.gz	PCRNC4_run9_S38_L001_R2_001.fastq.gz						
rt_nc2_run10	rt_nc2_run10	deep sequencing of H5N1 from domestic bird diagnostic swabs	WGS	VIRAL RNA	RT-PCR	paired	ILLUMINA	Illumina MiniSeq	cDNA was generated from vRNA with Protoscript II kit. cDNA was amplified using segment specific primers and Q5 hot start. Library preparation was performed with Nextera XT library prep kit.	fastq			rt-nc2-run10_S44_L001_R1_001.fastq.gz	rt-nc2-run10_S44_L001_R2_001.fastq.gz						
rt_nc3_run10	rt_nc3_run10	deep sequencing of H5N1 from domestic bird diagnostic swabs	WGS	VIRAL RNA	RT-PCR	paired	ILLUMINA	Illumina MiniSeq	cDNA was generated from vRNA with Protoscript II kit. cDNA was amplified using segment specific primers and Q5 hot start. Library preparation was performed with Nextera XT library prep kit.	fastq			rt-nc3-run10_S57_L001_R1_001.fastq.gz	rt-nc3-run10_S57_L001_R2_001.fastq.gz						
rt_nc_run9	rt_nc_run9	deep sequencing of H5N1 from domestic bird diagnostic swabs	WGS	VIRAL RNA	RT-PCR	paired	ILLUMINA	Illumina MiniSeq	cDNA was generated from vRNA with Protoscript II kit. cDNA was amplified using segment specific primers and Q5 hot start. Library preparation was performed with Nextera XT library prep kit.	fastq			rt-nc-run9_S8_L001_R1_001.fastq.gz	rt-nc-run9_S8_L001_R2_001.fastq.gz						
RTNC2_run8	RTNC2_run8	deep sequencing of H5N1 from domestic bird diagnostic swabs	WGS	VIRAL RNA	RT-PCR	paired	ILLUMINA	Illumina MiniSeq	cDNA was generated from vRNA with Protoscript II kit. cDNA was amplified using segment specific primers and Q5 hot start. Library preparation was performed with Nextera XT library prep kit.	fastq			RTNC2-run8_S49_L001_R1_001.fastq.gz	RTNC2-run8_S49_L001_R2_001.fastq.gz						
run4_PCR_NC_1	run4_PCR_NC_1	deep sequencing of H5N1 from domestic bird diagnostic swabs	WGS	VIRAL RNA	RT-PCR	paired	ILLUMINA	Illumina MiniSeq	cDNA was generated from vRNA with Protoscript II kit. cDNA was amplified using segment specific primers and Q5 hot start. Library preparation was performed with Nextera XT library prep kit.	fastq			P1-H5-PCR-NC-run004-seq2_S38_L001_R1_001.fastq.gz	P1-H5-PCR-NC-run004-seq2_S38_L001_R2_001.fastq.gz						
run4_PCR_NC_2	run4_PCR_NC_2	deep sequencing of H5N1 from domestic bird diagnostic swabs	WGS	VIRAL RNA	RT-PCR	paired	ILLUMINA	Illumina MiniSeq	cDNA was generated from vRNA with Protoscript II kit. cDNA was amplified using segment specific primers and Q5 hot start. Library preparation was performed with Nextera XT library prep kit.	fastq			run4_PCR-NC-2_S13_L001_R1_001.fastq.gz	run4_PCR-NC-2_S13_L001_R2_001.fastq.gz						
run4_PCR_NC_3	run4_PCR_NC_3	deep sequencing of H5N1 from domestic bird diagnostic swabs	WGS	VIRAL RNA	RT-PCR	paired	ILLUMINA	Illumina MiniSeq	cDNA was generated from vRNA with Protoscript II kit. cDNA was amplified using segment specific primers and Q5 hot start. Library preparation was performed with Nextera XT library prep kit.	fastq			run4_PCR-NC-3_S24_L001_R1_001.fastq.gz	run4_PCR-NC-3_S24_L001_R2_001.fastq.gz						
run4_PCR_NC_4	run4_PCR_NC_4	deep sequencing of H5N1 from domestic bird diagnostic swabs	WGS	VIRAL RNA	RT-PCR	paired	ILLUMINA	Illumina MiniSeq	cDNA was generated from vRNA with Protoscript II kit. cDNA was amplified using segment specific primers and Q5 hot start. Library preparation was performed with Nextera XT library prep kit.	fastq			run4_PCR-NC-4_S25_L001_R1_001.fastq.gz	run4_PCR-NC-4_S25_L001_R2_001.fastq.gz						
run4_RT_NC_1	run4_RT_NC_1	deep sequencing of H5N1 from domestic bird diagnostic swabs	WGS	VIRAL RNA	RT-PCR	paired	ILLUMINA	Illumina MiniSeq	cDNA was generated from vRNA with Protoscript II kit. cDNA was amplified using segment specific primers and Q5 hot start. Library preparation was performed with Nextera XT library prep kit.	fastq			P1-H5-RT-NC-run004-seq-2_S37_L001_R1_001.fastq.gz	P1-H5-RT-NC-run004-seq-2_S37_L001_R2_001.fastq.gz						
run5_PCR_NC_1	run5_PCR_NC_1	deep sequencing of H5N1 from domestic bird diagnostic swabs	WGS	VIRAL RNA	RT-PCR	paired	ILLUMINA	Illumina MiniSeq	cDNA was generated from vRNA with Protoscript II kit. cDNA was amplified using segment specific primers and Q5 hot start. Library preparation was performed with Nextera XT library prep kit.	fastq			run5_PCR-NC-1_S12_L001_R1_001.fastq.gz	run5_PCR-NC-1_S12_L001_R2_001.fastq.gz						
run5_PCR_NC_2	run5_PCR_NC_2	deep sequencing of H5N1 from domestic bird diagnostic swabs	WGS	VIRAL RNA	RT-PCR	paired	ILLUMINA	Illumina MiniSeq	cDNA was generated from vRNA with Protoscript II kit. cDNA was amplified using segment specific primers and Q5 hot start. Library preparation was performed with Nextera XT library prep kit.	fastq			run5_PCR-NC-2_S13_L001_R1_001.fastq.gz	run5_PCR-NC-2_S13_L001_R2_001.fastq.gz						
run5_PCR_NC_3	run5_PCR_NC_3	deep sequencing of H5N1 from domestic bird diagnostic swabs	WGS	VIRAL RNA	RT-PCR	paired	ILLUMINA	Illumina MiniSeq	cDNA was generated from vRNA with Protoscript II kit. cDNA was amplified using segment specific primers and Q5 hot start. Library preparation was performed with Nextera XT library prep kit.	fastq			run5_PCR-NC-3_S24_L001_R1_001.fastq.gz	run5_PCR-NC-3_S24_L001_R2_001.fastq.gz						
run5_PCR_NC_4	run5_PCR_NC_4	deep sequencing of H5N1 from domestic bird diagnostic swabs	WGS	VIRAL RNA	RT-PCR	paired	ILLUMINA	Illumina MiniSeq	cDNA was generated from vRNA with Protoscript II kit. cDNA was amplified using segment specific primers and Q5 hot start. Library preparation was performed with Nextera XT library prep kit.	fastq			run5_PCR-NC-4_S25_L001_R1_001.fastq.gz	run5_PCR-NC-4_S25_L001_R2_001.fastq.gz						
run5_RT_NC_1	run5_RT_NC_1	deep sequencing of H5N1 from domestic bird diagnostic swabs	WGS	VIRAL RNA	RT-PCR	paired	ILLUMINA	Illumina MiniSeq	cDNA was generated from vRNA with Protoscript II kit. cDNA was amplified using segment specific primers and Q5 hot start. Library preparation was performed with Nextera XT library prep kit.	fastq			run5_RT-NC-1_S11_L001_R1_001.fastq.gz	run5_RT-NC-1_S11_L001_R2_001.fastq.gz						
run6_PCR_NC_1	run6_PCR_NC_1	deep sequencing of H5N1 from domestic bird diagnostic swabs	WGS	VIRAL RNA	RT-PCR	paired	ILLUMINA	Illumina MiniSeq	cDNA was generated from vRNA with Protoscript II kit. cDNA was amplified using segment specific primers and Q5 hot start. Library preparation was performed with Nextera XT library prep kit.	fastq			run6_PCR-NC-1_S16_L001_R1_001.fastq.gz	run6_PCR-NC-1_S16_L001_R2_001.fastq.gz						
run6_PCR_NC_2	run6_PCR_NC_2	deep sequencing of H5N1 from domestic bird diagnostic swabs	WGS	VIRAL RNA	RT-PCR	paired	ILLUMINA	Illumina MiniSeq	cDNA was generated from vRNA with Protoscript II kit. cDNA was amplified using segment specific primers and Q5 hot start. Library preparation was performed with Nextera XT library prep kit.	fastq			run6_PCR-NC-2_S17_L001_R1_001.fastq.gz	run6_PCR-NC-2_S17_L001_R2_001.fastq.gz						
run6_PCR_NC_3	run6_PCR_NC_3	deep sequencing of H5N1 from domestic bird diagnostic swabs	WGS	VIRAL RNA	RT-PCR	paired	ILLUMINA	Illumina MiniSeq	cDNA was generated from vRNA with Protoscript II kit. cDNA was amplified using segment specific primers and Q5 hot start. Library preparation was performed with Nextera XT library prep kit.	fastq			run6_PCR-NC-3_S29_L001_R1_001.fastq.gz	run6_PCR-NC-3_S29_L001_R2_001.fastq.gz						
run6_PCR_NC_4	run6_PCR_NC_4	deep sequencing of H5N1 from domestic bird diagnostic swabs	WGS	VIRAL RNA	RT-PCR	paired	ILLUMINA	Illumina MiniSeq	cDNA was generated from vRNA with Protoscript II kit. cDNA was amplified using segment specific primers and Q5 hot start. Library preparation was performed with Nextera XT library prep kit.	fastq			run6_PCR-NC-4_S31_L001_R1_001.fastq.gz	run6_PCR-NC-4_S31_L001_R2_001.fastq.gz						
run6_PCR_NC_5	run6_PCR_NC_5	deep sequencing of H5N1 from domestic bird diagnostic swabs	WGS	VIRAL RNA	RT-PCR	paired	ILLUMINA	Illumina MiniSeq	cDNA was generated from vRNA with Protoscript II kit. cDNA was amplified using segment specific primers and Q5 hot start. Library preparation was performed with Nextera XT library prep kit.	fastq			run6_PCR-NC-5_S40_L001_R1_001.fastq.gz	run6_PCR-NC-5_S40_L001_R2_001.fastq.gz						
run6_PCR_NC_6	run6_PCR_NC_6	deep sequencing of H5N1 from domestic bird diagnostic swabs	WGS	VIRAL RNA	RT-PCR	paired	ILLUMINA	Illumina MiniSeq	cDNA was generated from vRNA with Protoscript II kit. cDNA was amplified using segment specific primers and Q5 hot start. Library preparation was performed with Nextera XT library prep kit.	fastq			run6_PCR-NC-6_S48_L001_R1_001.fastq.gz	run6_PCR-NC-6_S48_L001_R2_001.fastq.gz						
run6_RT_NC_2	run6_RT_NC_2	deep sequencing of H5N1 from domestic bird diagnostic swabs	WGS	VIRAL RNA	RT-PCR	paired	ILLUMINA	Illumina MiniSeq	cDNA was generated from vRNA with Protoscript II kit. cDNA was amplified using segment specific primers and Q5 hot start. Library preparation was performed with Nextera XT library prep kit.	fastq			run6_RT-NC-2_S30_L001_R1_001.fastq.gz	run6_RT-NC-2_S30_L001_R2_001.fastq.gz						
run6_RT_NC_3	run6_RT_NC_3	deep sequencing of H5N1 from domestic bird diagnostic swabs	WGS	VIRAL RNA	RT-PCR	paired	ILLUMINA	Illumina MiniSeq	cDNA was generated from vRNA with Protoscript II kit. cDNA was amplified using segment specific primers and Q5 hot start. Library preparation was performed with Nextera XT library prep kit.	fastq			run6_RT-NC-3_S47_L001_R1_001.fastq.gz	run6_RT-NC-3_S47_L001_R2_001.fastq.gz						
rt_nc1_run10	rt_nc1_run10	deep sequencing of H5N1 from domestic bird diagnostic swabs	WGS	VIRAL RNA	RT-PCR	paired	ILLUMINA	Illumina MiniSeq	cDNA was generated from vRNA with Protoscript II kit. cDNA was amplified using segment specific primers and Q5 hot start. Library preparation was performed with Nextera XT library prep kit.	fastq			rt-nc1-run10_S16_L001_R1_001.fastq.gz	rt-nc1-run10_S16_L001_R2_001.fastq.gz						
run6_RT_NC_1	run6_RT_NC_1	deep sequencing of H5N1 from domestic bird diagnostic swabs	WGS	VIRAL RNA	RT-PCR	paired	ILLUMINA	Illumina MiniSeq	cDNA was generated from vRNA with Protoscript II kit. cDNA was amplified using segment specific primers and Q5 hot start. Library preparation was performed with Nextera XT library prep kit.	fastq			run6_RT-NC-1_S15_L001_R1_001.fastq.gz	run6_RT-NC-1_S15_L001_R2_001.fastq.gz						
cb_com3_rep6	cb_com3_rep6	deep sequencing of H5N1 from domestic bird diagnostic swabs	WGS	VIRAL RNA	RT-PCR	paired	ILLUMINA	Illumina MiniSeq	cDNA was generated from vRNA with Protoscript II kit. cDNA was amplified using segment specific primers and Q5 hot start. Library preparation was performed with Nextera XT library prep kit.	fastq			CB-com3-rep6_S20_L001_R1_001.fastq.gz	CB-com3-rep6_S20_L001_R2_001.fastq.gz						
cb_com4_rep5	cb_com4_rep5	deep sequencing of H5N1 from domestic bird diagnostic swabs	WGS	VIRAL RNA	RT-PCR	paired	ILLUMINA	Illumina MiniSeq	cDNA was generated from vRNA with Protoscript II kit. cDNA was amplified using segment specific primers and Q5 hot start. Library preparation was performed with Nextera XT library prep kit.	fastq			CB-com4-rep5_S14_L001_R1_001.fastq.gz	CB-com4-rep5_S14_L001_R2_001.fastq.gz						
kc_com4_rep6	kc_com4_rep6	deep sequencing of H5N1 from domestic bird diagnostic swabs	WGS	VIRAL RNA	RT-PCR	paired	ILLUMINA	Illumina MiniSeq	cDNA was generated from vRNA with Protoscript II kit. cDNA was amplified using segment specific primers and Q5 hot start. Library preparation was performed with Nextera XT library prep kit.	fastq			KC-com4-rep6_S17_L001_R1_001.fastq.gz	KC-com4-rep6_S17_L001_R2_001.fastq.gz						
