segment	start	end	coverage
ns	0	23	0
ns	23	105	1
ns	105	173	0
ns	173	235	1
ns	235	453	0
ns	453	562	1
ns	562	572	2
ns	572	653	1
ns	653	890	0
pb2	0	1074	0
pb2	1074	1139	1
pb2	1139	1224	0
pb2	1224	1274	1
pb2	1274	2341	0
pa	0	973	0
pa	973	974	1
pa	974	975	6
pa	975	996	7
pa	996	999	8
pa	999	1001	44
pa	1001	1007	47
pa	1007	1008	48
pa	1008	1009	52
pa	1009	1011	55
pa	1011	1014	57
pa	1014	1015	62
pa	1015	1016	67
pa	1016	1017	77
pa	1017	1019	78
pa	1019	1020	79
pa	1020	1021	86
pa	1021	1022	87
pa	1022	1024	88
pa	1024	1025	85
pa	1025	1026	86
pa	1026	1027	90
pa	1027	1028	92
pa	1028	1032	93
pa	1032	1033	98
pa	1033	1037	102
pa	1037	1039	103
pa	1039	1040	107
pa	1040	1041	109
pa	1041	1042	110
pa	1042	1043	111
pa	1043	1045	112
pa	1045	1047	113
pa	1047	1048	115
pa	1048	1050	117
pa	1050	1052	118
pa	1052	1054	114
pa	1054	1055	112
pa	1055	1056	114
pa	1056	1058	126
pa	1058	1061	129
pa	1061	1064	128
pa	1064	1065	130
pa	1065	1066	127
pa	1066	1067	130
pa	1067	1068	131
pa	1068	1070	132
pa	1070	1071	131
pa	1071	1073	127
pa	1073	1074	123
pa	1074	1078	124
pa	1078	1079	122
pa	1079	1080	121
pa	1080	1083	120
pa	1083	1084	119
pa	1084	1085	122
pa	1085	1087	121
pa	1087	1089	118
pa	1089	1090	117
pa	1090	1091	118
pa	1091	1092	122
pa	1092	1093	115
pa	1093	1094	111
pa	1094	1095	112
pa	1095	1096	113
pa	1096	1097	114
pa	1097	1098	116
pa	1098	1099	117
pa	1099	1100	110
pa	1100	1102	104
pa	1102	1103	103
pa	1103	1106	105
pa	1106	1107	106
pa	1107	1108	103
pa	1108	1109	99
pa	1109	1110	96
pa	1110	1111	95
pa	1111	1112	94
pa	1112	1115	91
pa	1115	1116	92
pa	1116	1117	95
pa	1117	1118	93
pa	1118	1120	95
pa	1120	1121	94
pa	1121	1124	92
pa	1124	1125	93
pa	1125	1126	80
pa	1126	1127	81
pa	1127	1128	79
pa	1128	1131	80
pa	1131	1132	82
pa	1132	1133	79
pa	1133	1134	80
pa	1134	1136	92
pa	1136	1137	91
pa	1137	1138	92
pa	1138	1139	91
pa	1139	1140	92
pa	1140	1142	87
pa	1142	1143	86
pa	1143	1144	79
pa	1144	1146	80
pa	1146	1148	82
pa	1148	1150	83
pa	1150	1151	81
pa	1151	1155	83
pa	1155	1156	82
pa	1156	1157	83
pa	1157	1158	84
pa	1158	1160	86
pa	1160	1161	88
pa	1161	1162	91
pa	1162	1164	92
pa	1164	1165	91
pa	1165	1168	92
pa	1168	1171	91
pa	1171	1172	89
pa	1172	1176	97
pa	1176	1178	96
pa	1178	1179	101
pa	1179	1181	103
pa	1181	1183	95
pa	1183	1185	94
pa	1185	1186	96
pa	1186	1187	97
pa	1187	1188	96
pa	1188	1189	95
pa	1189	1190	107
pa	1190	1191	106
pa	1191	1192	105
pa	1192	1193	104
pa	1193	1194	106
pa	1194	1195	108
pa	1195	1196	106
pa	1196	1197	105
pa	1197	1198	110
pa	1198	1199	100
pa	1199	1202	110
pa	1202	1205	112
pa	1205	1206	110
pa	1206	1207	109
pa	1207	1208	111
pa	1208	1210	108
pa	1210	1211	107
pa	1211	1212	108
pa	1212	1213	111
pa	1213	1215	108
pa	1215	1216	109
pa	1216	1217	105
pa	1217	1218	104
pa	1218	1219	105
pa	1219	1220	108
pa	1220	1222	114
pa	1222	1223	111
pa	1223	1224	108
pa	1224	1225	107
pa	1225	1228	110
pa	1228	1229	107
pa	1229	1233	101
pa	1233	1234	103
pa	1234	1235	104
pa	1235	1237	105
pa	1237	1239	113
pa	1239	1240	114
pa	1240	1242	116
pa	1242	1243	117
pa	1243	1246	116
pa	1246	1247	111
pa	1247	1250	115
pa	1250	1251	111
pa	1251	1252	118
pa	1252	1253	119
pa	1253	1256	123
pa	1256	1257	129
pa	1257	1259	125
pa	1259	1260	121
pa	1260	1263	116
pa	1263	1264	117
pa	1264	1265	116
pa	1265	1267	111
pa	1267	1268	120
pa	1268	1269	118
pa	1269	1270	123
pa	1270	1271	121
pa	1271	1273	119
pa	1273	1274	117
pa	1274	1275	118
pa	1275	1276	114
pa	1276	1278	113
pa	1278	1279	115
pa	1279	1281	112
pa	1281	1283	111
pa	1283	1284	115
pa	1284	1285	116
pa	1285	1287	115
pa	1287	1288	111
pa	1288	1289	115
pa	1289	1290	118
pa	1290	1292	119
pa	1292	1293	120
pa	1293	1295	122
pa	1295	1296	121
pa	1296	1297	119
pa	1297	1299	107
pa	1299	1302	108
pa	1302	1303	105
pa	1303	1307	117
pa	1307	1308	118
pa	1308	1312	119
pa	1312	1314	112
pa	1314	1315	113
pa	1315	1316	120
pa	1316	1317	122
pa	1317	1318	119
pa	1318	1320	120
pa	1320	1322	121
pa	1322	1323	120
pa	1323	1324	121
pa	1324	1325	120
pa	1325	1326	122
pa	1326	1327	124
pa	1327	1328	121
pa	1328	1329	124
pa	1329	1331	123
pa	1331	1332	121
pa	1332	1334	122
pa	1334	1335	129
pa	1335	1336	128
pa	1336	1337	131
pa	1337	1338	134
pa	1338	1339	133
pa	1339	1340	131
pa	1340	1341	132
pa	1341	1343	130
pa	1343	1345	127
pa	1345	1346	122
pa	1346	1348	125
pa	1348	1350	127
pa	1350	1351	126
pa	1351	1352	125
pa	1352	1353	127
pa	1353	1354	125
pa	1354	1355	123
pa	1355	1357	129
pa	1357	1358	128
pa	1358	1360	130
pa	1360	1361	129
pa	1361	1362	126
pa	1362	1363	120
pa	1363	1364	126
pa	1364	1365	125
pa	1365	1368	126
pa	1368	1369	129
pa	1369	1371	127
pa	1371	1372	128
pa	1372	1373	124
pa	1373	1374	129
pa	1374	1375	128
pa	1375	1377	124
pa	1377	1379	125
pa	1379	1380	129
pa	1380	1381	128
pa	1381	1382	127
pa	1382	1384	120
pa	1384	1385	124
pa	1385	1387	122
pa	1387	1388	127
pa	1388	1389	116
pa	1389	1390	120
pa	1390	1391	121
pa	1391	1392	120
pa	1392	1394	125
pa	1394	1396	131
pa	1396	1397	130
pa	1397	1398	132
pa	1398	1399	125
pa	1399	1400	126
pa	1400	1401	123
pa	1401	1403	125
pa	1403	1404	124
pa	1404	1405	125
pa	1405	1406	126
pa	1406	1408	124
pa	1408	1409	126
pa	1409	1410	115
pa	1410	1411	117
pa	1411	1412	118
pa	1412	1414	122
pa	1414	1415	133
pa	1415	1416	146
pa	1416	1417	143
pa	1417	1418	140
pa	1418	1419	142
pa	1419	1420	140
pa	1420	1421	150
pa	1421	1422	148
pa	1422	1424	152
pa	1424	1425	143
pa	1425	1427	155
pa	1427	1428	154
pa	1428	1430	156
pa	1430	1433	166
pa	1433	1434	170
pa	1434	1435	163
pa	1435	1437	166
pa	1437	1438	167
pa	1438	1439	169
pa	1439	1441	167
pa	1441	1442	166
pa	1442	1443	162
pa	1443	1444	163
pa	1444	1445	167
pa	1445	1448	168
pa	1448	1449	167
pa	1449	1451	171
pa	1451	1453	170
pa	1453	1454	172
pa	1454	1455	173
pa	1455	1456	177
pa	1456	1457	178
pa	1457	1458	177
pa	1458	1459	169
pa	1459	1460	167
pa	1460	1462	168
pa	1462	1463	169
pa	1463	1464	168
pa	1464	1465	163
pa	1465	1467	164
pa	1467	1468	163
pa	1468	1469	159
pa	1469	1471	157
pa	1471	1474	163
pa	1474	1475	162
pa	1475	1476	163
pa	1476	1477	164
pa	1477	1478	171
pa	1478	1479	172
pa	1479	1480	166
pa	1480	1481	161
pa	1481	1482	163
pa	1482	1484	162
pa	1484	1486	164
pa	1486	1487	161
pa	1487	1489	165
pa	1489	1490	164
pa	1490	1491	162
pa	1491	1493	157
pa	1493	1495	155
pa	1495	1496	152
pa	1496	1498	145
pa	1498	1499	144
pa	1499	1500	141
pa	1500	1501	140
pa	1501	1502	136
pa	1502	1503	134
pa	1503	1505	130
pa	1505	1506	127
pa	1506	1508	126
pa	1508	1509	125
pa	1509	1511	126
pa	1511	1512	127
pa	1512	1513	119
pa	1513	1514	124
pa	1514	1515	121
pa	1515	1516	120
pa	1516	1517	119
pa	1517	1518	117
pa	1518	1519	118
pa	1519	1520	117
pa	1520	1521	121
pa	1521	1522	123
pa	1522	1523	118
pa	1523	1524	121
pa	1524	1525	120
pa	1525	1526	121
pa	1526	1527	122
pa	1527	1528	115
pa	1528	1530	106
pa	1530	1531	96
pa	1531	1532	97
pa	1532	1533	100
pa	1533	1534	98
pa	1534	1535	104
pa	1535	1536	105
pa	1536	1538	111
pa	1538	1541	108
pa	1541	1543	109
pa	1543	1544	106
pa	1544	1545	104
pa	1545	1546	102
pa	1546	1547	104
pa	1547	1548	106
pa	1548	1549	105
pa	1549	1550	104
pa	1550	1551	103
pa	1551	1552	109
pa	1552	1554	111
pa	1554	1555	109
pa	1555	1557	103
pa	1557	1559	104
pa	1559	1560	108
pa	1560	1561	101
pa	1561	1564	103
pa	1564	1565	105
pa	1565	1567	108
pa	1567	1568	109
pa	1568	1571	104
pa	1571	1573	102
pa	1573	1574	101
pa	1574	1576	97
pa	1576	1578	96
pa	1578	1579	97
pa	1579	1580	98
pa	1580	1581	103
pa	1581	1582	101
pa	1582	1583	102
pa	1583	1584	101
pa	1584	1585	103
pa	1585	1586	102
pa	1586	1587	100
pa	1587	1588	105
pa	1588	1589	119
pa	1589	1590	117
pa	1590	1591	116
pa	1591	1592	117
pa	1592	1593	116
pa	1593	1596	119
pa	1596	1597	112
pa	1597	1598	103
pa	1598	1599	105
pa	1599	1600	106
pa	1600	1602	108
pa	1602	1603	110
pa	1603	1604	109
pa	1604	1607	110
pa	1607	1608	108
pa	1608	1609	107
pa	1609	1612	110
pa	1612	1615	109
pa	1615	1616	123
pa	1616	1617	121
pa	1617	1618	122
pa	1618	1619	118
pa	1619	1620	122
pa	1620	1621	124
pa	1621	1624	125
pa	1624	1627	122
pa	1627	1629	121
pa	1629	1630	116
pa	1630	1631	115
pa	1631	1632	116
pa	1632	1633	117
pa	1633	1635	120
pa	1635	1637	119
pa	1637	1638	120
pa	1638	1639	119
pa	1639	1640	116
pa	1640	1641	126
pa	1641	1644	125
pa	1644	1645	123
pa	1645	1646	125
pa	1646	1648	123
pa	1648	1649	129
pa	1649	1650	125
pa	1650	1653	124
pa	1653	1654	125
pa	1654	1655	122
pa	1655	1656	124
pa	1656	1657	129
pa	1657	1658	121
pa	1658	1659	124
pa	1659	1662	123
pa	1662	1663	124
pa	1663	1665	125
pa	1665	1666	123
pa	1666	1667	122
pa	1667	1668	121
pa	1668	1669	134
pa	1669	1670	135
pa	1670	1672	139
pa	1672	1673	134
pa	1673	1675	137
pa	1675	1677	138
pa	1677	1678	128
pa	1678	1680	134
pa	1680	1681	144
pa	1681	1683	147
pa	1683	1684	146
pa	1684	1685	140
pa	1685	1686	135
pa	1686	1687	136
pa	1687	1688	128
pa	1688	1689	129
pa	1689	1690	126
pa	1690	1692	123
pa	1692	1693	128
pa	1693	1694	129
pa	1694	1696	133
pa	1696	1697	130
pa	1697	1699	131
pa	1699	1700	129
pa	1700	1702	128
pa	1702	1703	125
pa	1703	1704	126
pa	1704	1705	132
pa	1705	1707	131
pa	1707	1709	134
pa	1709	1710	133
pa	1710	1711	136
pa	1711	1712	137
pa	1712	1713	140
pa	1713	1714	139
pa	1714	1715	140
pa	1715	1716	142
pa	1716	1718	148
pa	1718	1721	145
pa	1721	1722	147
pa	1722	1723	142
pa	1723	1724	141
pa	1724	1725	136
pa	1725	1726	132
pa	1726	1727	131
pa	1727	1728	133
pa	1728	1730	134
pa	1730	1732	132
pa	1732	1733	133
pa	1733	1734	135
pa	1734	1735	136
pa	1735	1736	135
pa	1736	1738	136
pa	1738	1741	137
pa	1741	1742	138
pa	1742	1743	132
pa	1743	1744	128
pa	1744	1745	130
pa	1745	1746	132
pa	1746	1747	133
pa	1747	1748	134
pa	1748	1749	135
pa	1749	1750	133
pa	1750	1751	132
pa	1751	1752	130
pa	1752	1753	129
pa	1753	1754	132
pa	1754	1756	129
pa	1756	1757	130
pa	1757	1758	116
pa	1758	1759	120
pa	1759	1760	119
pa	1760	1761	120
pa	1761	1762	124
pa	1762	1763	122
pa	1763	1764	124
pa	1764	1765	120
pa	1765	1766	113
pa	1766	1767	115
pa	1767	1768	109
pa	1768	1770	111
pa	1770	1771	106
pa	1771	1772	104
pa	1772	1773	97
pa	1773	1774	98
pa	1774	1776	101
pa	1776	1777	100
pa	1777	1779	99
pa	1779	1780	100
pa	1780	1781	99
pa	1781	1783	100
pa	1783	1784	92
pa	1784	1785	93
pa	1785	1786	90
pa	1786	1787	102
pa	1787	1788	101
pa	1788	1789	105
pa	1789	1790	104
pa	1790	1791	106
pa	1791	1792	107
pa	1792	1795	105
pa	1795	1796	97
pa	1796	1797	103
pa	1797	1799	105
pa	1799	1802	106
pa	1802	1803	114
pa	1803	1804	115
pa	1804	1805	117
pa	1805	1806	116
pa	1806	1808	118
pa	1808	1809	122
pa	1809	1810	124
pa	1810	1811	123
pa	1811	1812	117
pa	1812	1813	116
pa	1813	1814	112
pa	1814	1816	114
pa	1816	1817	116
pa	1817	1818	111
pa	1818	1820	113
pa	1820	1822	117
pa	1822	1823	122
pa	1823	1825	120
pa	1825	1826	121
pa	1826	1827	122
pa	1827	1829	125
pa	1829	1830	123
pa	1830	1832	122
pa	1832	1833	121
pa	1833	1834	127
pa	1834	1835	126
pa	1835	1836	124
pa	1836	1837	122
pa	1837	1838	121
pa	1838	1839	125
pa	1839	1840	128
pa	1840	1842	124
pa	1842	1843	120
pa	1843	1844	118
pa	1844	1845	116
pa	1845	1846	117
pa	1846	1847	118
pa	1847	1848	117
pa	1848	1850	116
pa	1850	1852	115
pa	1852	1853	116
pa	1853	1856	114
pa	1856	1859	117
pa	1859	1860	119
pa	1860	1861	121
pa	1861	1862	120
pa	1862	1863	122
pa	1863	1864	121
pa	1864	1865	120
pa	1865	1866	121
pa	1866	1867	120
pa	1867	1868	122
pa	1868	1871	128
pa	1871	1872	125
pa	1872	1873	126
pa	1873	1874	128
pa	1874	1876	123
pa	1876	1877	118
pa	1877	1879	116
pa	1879	1881	115
pa	1881	1882	114
pa	1882	1884	122
pa	1884	1885	121
pa	1885	1886	120
pa	1886	1887	122
pa	1887	1888	125
pa	1888	1889	126
pa	1889	1890	122
pa	1890	1891	124
pa	1891	1892	115
pa	1892	1893	114
pa	1893	1895	112
pa	1895	1896	111
pa	1896	1897	112
pa	1897	1900	111
pa	1900	1901	112
pa	1901	1902	111
pa	1902	1903	112
pa	1903	1904	115
pa	1904	1905	112
pa	1905	1906	116
pa	1906	1907	115
pa	1907	1908	118
pa	1908	1909	119
pa	1909	1910	118
pa	1910	1911	121
pa	1911	1912	120
pa	1912	1913	118
pa	1913	1914	117
pa	1914	1915	113
pa	1915	1917	116
pa	1917	1918	112
pa	1918	1919	114
pa	1919	1921	112
pa	1921	1922	119
pa	1922	1923	118
pa	1923	1928	117
pa	1928	1930	119
pa	1930	1931	117
pa	1931	1935	123
pa	1935	1937	122
pa	1937	1938	112
pa	1938	1939	109
pa	1939	1940	110
pa	1940	1945	101
pa	1945	1946	100
pa	1946	1947	108
pa	1947	1948	109
pa	1948	1950	108
pa	1950	1951	107
pa	1951	1952	106
pa	1952	1955	105
pa	1955	1956	102
pa	1956	1958	104
pa	1958	1960	105
pa	1960	1961	103
pa	1961	1962	105
pa	1962	1964	103
pa	1964	1965	102
pa	1965	1966	101
pa	1966	1967	122
pa	1967	1968	121
pa	1968	1969	127
pa	1969	1970	126
pa	1970	1971	130
pa	1971	1972	129
pa	1972	1973	131
pa	1973	1974	133
pa	1974	1975	130
pa	1975	1976	112
pa	1976	1977	106
pa	1977	1978	107
pa	1978	1979	112
pa	1979	1980	114
pa	1980	1982	111
pa	1982	1983	112
pa	1983	1984	114
pa	1984	1988	113
pa	1988	1994	109
pa	1994	1995	106
pa	1995	1996	105
pa	1996	1997	108
pa	1997	1999	109
pa	1999	2001	111
pa	2001	2003	112
pa	2003	2004	109
pa	2004	2005	110
pa	2005	2006	111
pa	2006	2007	113
pa	2007	2008	114
pa	2008	2010	115
pa	2010	2011	116
pa	2011	2012	117
pa	2012	2013	118
pa	2013	2015	119
pa	2015	2016	115
pa	2016	2017	116
pa	2017	2018	114
pa	2018	2019	115
pa	2019	2021	114
pa	2021	2022	115
pa	2022	2023	114
pa	2023	2025	117
pa	2025	2026	116
pa	2026	2027	118
pa	2027	2028	114
pa	2028	2029	122
pa	2029	2031	121
pa	2031	2032	122
pa	2032	2033	116
pa	2033	2036	118
pa	2036	2037	116
pa	2037	2038	132
pa	2038	2039	124
pa	2039	2040	125
pa	2040	2041	124
pa	2041	2042	123
pa	2042	2043	124
pa	2043	2044	121
pa	2044	2046	119
pa	2046	2047	107
pa	2047	2048	113
pa	2048	2049	117
pa	2049	2051	115
pa	2051	2053	114
pa	2053	2055	113
pa	2055	2056	112
pa	2056	2057	104
pa	2057	2058	100
pa	2058	2059	99
pa	2059	2061	98
pa	2061	2062	101
pa	2062	2063	102
pa	2063	2064	101
pa	2064	2070	96
pa	2070	2071	95
pa	2071	2072	96
pa	2072	2076	98
pa	2076	2078	101
pa	2078	2079	102
pa	2079	2080	105
pa	2080	2081	102
pa	2081	2082	115
pa	2082	2084	116
pa	2084	2085	117
pa	2085	2086	112
pa	2086	2087	113
pa	2087	2088	108
pa	2088	2089	111
pa	2089	2090	114
pa	2090	2091	103
pa	2091	2094	109
pa	2094	2095	111
pa	2095	2098	108
pa	2098	2099	106
pa	2099	2100	109
pa	2100	2101	97
pa	2101	2102	98
pa	2102	2103	99
pa	2103	2105	100
pa	2105	2106	114
pa	2106	2107	116
pa	2107	2108	124
pa	2108	2109	122
pa	2109	2111	125
pa	2111	2112	126
pa	2112	2114	129
pa	2114	2116	140
pa	2116	2117	136
pa	2117	2118	133
pa	2118	2119	132
pa	2119	2120	134
pa	2120	2121	137
pa	2121	2123	142
pa	2123	2124	141
pa	2124	2125	146
pa	2125	2126	148
pa	2126	2127	161
pa	2127	2128	162
pa	2128	2129	161
pa	2129	2131	166
pa	2131	2133	174
pa	2133	2134	176
pa	2134	2138	178
pa	2138	2139	176
pa	2139	2140	178
pa	2140	2141	179
pa	2141	2142	185
pa	2142	2143	186
pa	2143	2144	188
pa	2144	2145	190
pa	2145	2146	189
pa	2146	2148	190
pa	2148	2149	188
pa	2149	2150	189
pa	2150	2151	187
pa	2151	2153	188
pa	2153	2155	190
pa	2155	2156	189
pa	2156	2157	191
pa	2157	2158	188
pa	2158	2159	189
pa	2159	2161	186
pa	2161	2162	184
pa	2162	2163	183
pa	2163	2164	180
pa	2164	2165	193
pa	2165	2166	192
pa	2166	2167	195
pa	2167	2168	188
pa	2168	2169	190
pa	2169	2170	191
pa	2170	2171	189
pa	2171	2172	188
pa	2172	2173	190
pa	2173	2174	188
pa	2174	2175	190
pa	2175	2176	186
pa	2176	2177	178
pa	2177	2178	169
pa	2178	2179	161
pa	2179	2181	160
pa	2181	2182	159
pa	2182	2183	153
pa	2183	2186	152
pa	2186	2187	150
pa	2187	2188	149
pa	2188	2190	146
pa	2190	2192	140
pa	2192	2193	138
pa	2193	2195	136
pa	2195	2197	135
pa	2197	2199	134
pa	2199	2200	131
pa	2200	2202	130
pa	2202	2204	129
pa	2204	2205	128
pa	2205	2206	127
pa	2206	2207	106
pa	2207	2208	101
pa	2208	2209	93
pa	2209	2212	91
pa	2212	2213	90
pa	2213	2214	89
pa	2214	2215	85
pa	2215	2216	83
pa	2216	2217	57
pa	2217	2219	56
pa	2219	2221	54
pa	2221	2222	52
pa	2222	2223	51
pa	2223	2224	50
pa	2224	2226	49
pa	2226	2228	47
pa	2228	2229	43
pa	2229	2231	40
pa	2231	2232	38
pa	2232	2233	10
ha	0	98	0
ha	98	158	1
ha	158	248	0
ha	248	312	2
ha	312	465	0
ha	465	520	2
ha	520	1776	0
pb1	0	1301	0
pb1	1301	1333	1
pb1	1333	1338	2
pb1	1338	1379	3
pb1	1379	1388	2
pb1	1388	1402	1
pb1	1402	1468	0
pb1	1468	1509	1
pb1	1509	1526	2
pb1	1526	1561	1
pb1	1561	1580	2
pb1	1580	1611	1
pb1	1611	1638	2
pb1	1638	1672	3
pb1	1672	1684	2
pb1	1684	1724	1
pb1	1724	1755	2
pb1	1755	1789	1
pb1	1789	1840	0
pb1	1840	1852	2
pb1	1852	1890	3
pb1	1890	1907	4
pb1	1907	1909	6
pb1	1909	1962	5
pb1	1962	1978	4
pb1	1978	1991	3
pb1	1991	2013	2
pb1	2013	2014	3
pb1	2014	2024	1
pb1	2024	2045	2
pb1	2045	2087	4
pb1	2087	2095	5
pb1	2095	2100	3
pb1	2100	2135	2
pb1	2135	2158	1
pb1	2158	2163	2
pb1	2163	2270	1
pb1	2270	2341	0
na	0	1457	0
mp	0	1027	0
np	0	1565	0
