gene	pos	cvg
ns	24	1
ns	25	1
ns	26	1
ns	27	1
ns	28	1
ns	29	1
ns	30	1
ns	31	1
ns	32	1
ns	33	1
ns	34	1
ns	35	1
ns	36	1
ns	37	1
ns	38	1
ns	39	1
ns	40	1
ns	41	1
ns	42	1
ns	43	1
ns	44	1
ns	45	1
ns	46	1
ns	47	1
ns	48	1
ns	49	1
ns	50	1
ns	51	1
ns	52	1
ns	53	1
ns	54	1
ns	55	1
ns	56	1
ns	57	1
ns	58	1
ns	59	1
ns	60	1
ns	61	1
ns	62	1
ns	63	1
ns	64	1
ns	65	1
ns	66	1
ns	67	1
ns	68	1
ns	69	1
ns	70	1
ns	71	1
ns	72	1
ns	73	1
ns	74	1
ns	75	1
ns	76	1
ns	77	1
ns	78	1
ns	79	1
ns	80	1
ns	81	1
ns	82	1
ns	83	1
ns	84	1
ns	85	1
ns	86	1
ns	87	1
ns	88	1
ns	89	1
ns	90	1
ns	91	1
ns	92	1
ns	93	1
ns	94	1
ns	95	1
ns	96	1
ns	97	1
ns	98	1
ns	99	1
ns	100	1
ns	101	1
ns	102	1
ns	103	1
ns	104	1
ns	105	1
ns	174	1
ns	175	1
ns	176	1
ns	177	1
ns	178	1
ns	179	1
ns	180	1
ns	181	1
ns	182	1
ns	183	1
ns	184	1
ns	185	1
ns	186	1
ns	187	1
ns	188	1
ns	189	1
ns	190	1
ns	191	1
ns	192	1
ns	193	1
ns	194	1
ns	195	1
ns	196	1
ns	197	1
ns	198	1
ns	199	1
ns	200	1
ns	201	1
ns	202	1
ns	203	1
ns	204	1
ns	205	1
ns	206	1
ns	207	1
ns	208	1
ns	209	1
ns	210	1
ns	211	1
ns	212	1
ns	213	1
ns	214	1
ns	215	1
ns	216	1
ns	217	1
ns	218	1
ns	219	1
ns	220	1
ns	221	1
ns	222	1
ns	223	1
ns	224	1
ns	225	1
ns	226	1
ns	227	1
ns	228	1
ns	229	1
ns	230	1
ns	231	1
ns	232	1
ns	233	1
ns	234	1
ns	235	1
ns	454	1
ns	455	1
ns	456	1
ns	457	1
ns	458	1
ns	459	1
ns	460	1
ns	461	1
ns	462	1
ns	463	1
ns	464	1
ns	465	1
ns	466	1
ns	467	1
ns	468	1
ns	469	1
ns	470	1
ns	471	1
ns	472	1
ns	473	1
ns	474	1
ns	475	1
ns	476	1
ns	477	1
ns	478	1
ns	479	1
ns	480	1
ns	481	1
ns	482	1
ns	483	1
ns	484	1
ns	485	1
ns	486	1
ns	487	1
ns	488	1
ns	489	1
ns	490	1
ns	491	1
ns	492	1
ns	493	1
ns	494	1
ns	495	1
ns	496	1
ns	497	1
ns	498	1
ns	499	1
ns	500	1
ns	501	1
ns	502	1
ns	503	1
ns	504	1
ns	505	1
ns	506	1
ns	507	1
ns	508	1
ns	509	1
ns	510	1
ns	511	1
ns	512	1
ns	513	1
ns	514	1
ns	515	1
ns	516	1
ns	517	1
ns	518	1
ns	519	1
ns	520	1
ns	521	1
ns	522	1
ns	523	1
ns	524	1
ns	525	1
ns	526	1
ns	527	1
ns	528	1
ns	529	1
ns	530	1
ns	531	1
ns	532	1
ns	533	1
ns	534	1
ns	535	1
ns	536	1
ns	537	1
ns	538	1
ns	539	1
ns	540	1
ns	541	1
ns	542	1
ns	543	1
ns	544	1
ns	545	1
ns	546	1
ns	547	1
ns	548	1
ns	549	1
ns	550	1
ns	551	1
ns	552	1
ns	553	1
ns	554	1
ns	555	1
ns	556	1
ns	557	1
ns	558	1
ns	559	1
ns	560	1
ns	561	1
ns	562	1
ns	563	2
ns	564	2
ns	565	2
ns	566	2
ns	567	2
ns	568	2
ns	569	2
ns	570	2
ns	571	2
ns	572	2
ns	573	1
ns	574	1
ns	575	1
ns	576	1
ns	577	1
ns	578	1
ns	579	1
ns	580	1
ns	581	1
ns	582	1
ns	583	1
ns	584	1
ns	585	1
ns	586	1
ns	587	1
ns	588	1
ns	589	1
ns	590	1
ns	591	1
ns	592	1
ns	593	1
ns	594	1
ns	595	1
ns	596	1
ns	597	1
ns	598	1
ns	599	1
ns	600	1
ns	601	1
ns	602	1
ns	603	1
ns	604	1
ns	605	1
ns	606	1
ns	607	1
ns	608	1
ns	609	1
ns	610	1
ns	611	1
ns	612	1
ns	613	1
ns	614	1
ns	615	1
ns	616	1
ns	617	1
ns	618	1
ns	619	1
ns	620	1
ns	621	1
ns	622	1
ns	623	1
ns	624	1
ns	625	1
ns	626	1
ns	627	1
ns	628	1
ns	629	1
ns	630	1
ns	631	1
ns	632	1
ns	633	1
ns	634	1
ns	635	1
ns	636	1
ns	637	1
ns	638	1
ns	639	1
ns	640	1
ns	641	1
ns	642	1
ns	643	1
ns	644	1
ns	645	1
ns	646	1
ns	647	1
ns	648	1
ns	649	1
ns	650	1
ns	651	1
ns	652	1
ns	653	1
pb2	1075	1
pb2	1076	1
pb2	1077	1
pb2	1078	1
pb2	1079	1
pb2	1080	1
pb2	1081	1
pb2	1082	1
pb2	1083	1
pb2	1084	1
pb2	1085	1
pb2	1086	1
pb2	1087	1
pb2	1088	1
pb2	1089	1
pb2	1090	1
pb2	1091	1
pb2	1092	1
pb2	1093	1
pb2	1094	1
pb2	1095	1
pb2	1096	1
pb2	1097	1
pb2	1098	1
pb2	1099	1
pb2	1100	1
pb2	1101	1
pb2	1102	1
pb2	1103	1
pb2	1104	1
pb2	1105	1
pb2	1106	1
pb2	1107	1
pb2	1108	1
pb2	1109	1
pb2	1110	1
pb2	1111	1
pb2	1112	1
pb2	1113	1
pb2	1114	1
pb2	1115	1
pb2	1116	1
pb2	1117	1
pb2	1118	1
pb2	1119	1
pb2	1120	1
pb2	1121	1
pb2	1122	1
pb2	1123	1
pb2	1124	1
pb2	1125	1
pb2	1126	1
pb2	1127	1
pb2	1128	1
pb2	1129	1
pb2	1130	1
pb2	1131	1
pb2	1132	1
pb2	1133	1
pb2	1134	1
pb2	1135	1
pb2	1136	1
pb2	1137	1
pb2	1138	1
pb2	1139	1
pb2	1225	1
pb2	1226	1
pb2	1227	1
pb2	1228	1
pb2	1229	1
pb2	1230	1
pb2	1231	1
pb2	1232	1
pb2	1233	1
pb2	1234	1
pb2	1235	1
pb2	1236	1
pb2	1237	1
pb2	1238	1
pb2	1239	1
pb2	1240	1
pb2	1241	1
pb2	1242	1
pb2	1243	1
pb2	1244	1
pb2	1245	1
pb2	1246	1
pb2	1247	1
pb2	1248	1
pb2	1249	1
pb2	1250	1
pb2	1251	1
pb2	1252	1
pb2	1253	1
pb2	1254	1
pb2	1255	1
pb2	1256	1
pb2	1257	1
pb2	1258	1
pb2	1259	1
pb2	1260	1
pb2	1261	1
pb2	1262	1
pb2	1263	1
pb2	1264	1
pb2	1265	1
pb2	1266	1
pb2	1267	1
pb2	1268	1
pb2	1269	1
pb2	1270	1
pb2	1271	1
pb2	1272	1
pb2	1273	1
pb2	1274	1
pa	974	1
pa	975	6
pa	976	7
pa	977	7
pa	978	7
pa	979	7
pa	980	7
pa	981	7
pa	982	7
pa	983	7
pa	984	7
pa	985	7
pa	986	7
pa	987	7
pa	988	7
pa	989	7
pa	990	7
pa	991	7
pa	992	7
pa	993	7
pa	994	7
pa	995	7
pa	996	7
pa	997	8
pa	998	8
pa	999	8
pa	1000	44
pa	1001	44
pa	1002	47
pa	1003	47
pa	1004	47
pa	1005	47
pa	1006	47
pa	1007	47
pa	1008	48
pa	1009	52
pa	1010	55
pa	1011	55
pa	1012	57
pa	1013	57
pa	1014	57
pa	1015	62
pa	1016	67
pa	1017	77
pa	1018	78
pa	1019	78
pa	1020	79
pa	1021	86
pa	1022	87
pa	1023	88
pa	1024	88
pa	1025	85
pa	1026	86
pa	1027	90
pa	1028	92
pa	1029	93
pa	1030	93
pa	1031	93
pa	1032	93
pa	1033	98
pa	1034	102
pa	1035	102
pa	1036	102
pa	1037	102
pa	1038	103
pa	1039	103
pa	1040	107
pa	1041	109
pa	1042	110
pa	1043	111
pa	1044	112
pa	1045	112
pa	1046	113
pa	1047	113
pa	1048	115
pa	1049	117
pa	1050	117
pa	1051	118
pa	1052	118
pa	1053	114
pa	1054	114
pa	1055	112
pa	1056	114
pa	1057	126
pa	1058	126
pa	1059	129
pa	1060	129
pa	1061	129
pa	1062	128
pa	1063	128
pa	1064	128
pa	1065	130
pa	1066	127
pa	1067	130
pa	1068	131
pa	1069	132
pa	1070	132
pa	1071	131
pa	1072	127
pa	1073	127
pa	1074	123
pa	1075	124
pa	1076	124
pa	1077	124
pa	1078	124
pa	1079	122
pa	1080	121
pa	1081	120
pa	1082	120
pa	1083	120
pa	1084	119
pa	1085	122
pa	1086	121
pa	1087	121
pa	1088	118
pa	1089	118
pa	1090	117
pa	1091	118
pa	1092	122
pa	1093	115
pa	1094	111
pa	1095	112
pa	1096	113
pa	1097	114
pa	1098	116
pa	1099	117
pa	1100	110
pa	1101	104
pa	1102	104
pa	1103	103
pa	1104	105
pa	1105	105
pa	1106	105
pa	1107	106
pa	1108	103
pa	1109	99
pa	1110	96
pa	1111	95
pa	1112	94
pa	1113	91
pa	1114	91
pa	1115	91
pa	1116	92
pa	1117	95
pa	1118	93
pa	1119	95
pa	1120	95
pa	1121	94
pa	1122	92
pa	1123	92
pa	1124	92
pa	1125	93
pa	1126	80
pa	1127	81
pa	1128	79
pa	1129	80
pa	1130	80
pa	1131	80
pa	1132	82
pa	1133	79
pa	1134	80
pa	1135	92
pa	1136	92
pa	1137	91
pa	1138	92
pa	1139	91
pa	1140	92
pa	1141	87
pa	1142	87
pa	1143	86
pa	1144	79
pa	1145	80
pa	1146	80
pa	1147	82
pa	1148	82
pa	1149	83
pa	1150	83
pa	1151	81
pa	1152	83
pa	1153	83
pa	1154	83
pa	1155	83
pa	1156	82
pa	1157	83
pa	1158	84
pa	1159	86
pa	1160	86
pa	1161	88
pa	1162	91
pa	1163	92
pa	1164	92
pa	1165	91
pa	1166	92
pa	1167	92
pa	1168	92
pa	1169	91
pa	1170	91
pa	1171	91
pa	1172	89
pa	1173	97
pa	1174	97
pa	1175	97
pa	1176	97
pa	1177	96
pa	1178	96
pa	1179	101
pa	1180	103
pa	1181	103
pa	1182	95
pa	1183	95
pa	1184	94
pa	1185	94
pa	1186	96
pa	1187	97
pa	1188	96
pa	1189	95
pa	1190	107
pa	1191	106
pa	1192	105
pa	1193	104
pa	1194	106
pa	1195	108
pa	1196	106
pa	1197	105
pa	1198	110
pa	1199	100
pa	1200	110
pa	1201	110
pa	1202	110
pa	1203	112
pa	1204	112
pa	1205	112
pa	1206	110
pa	1207	109
pa	1208	111
pa	1209	108
pa	1210	108
pa	1211	107
pa	1212	108
pa	1213	111
pa	1214	108
pa	1215	108
pa	1216	109
pa	1217	105
pa	1218	104
pa	1219	105
pa	1220	108
pa	1221	114
pa	1222	114
pa	1223	111
pa	1224	108
pa	1225	107
pa	1226	110
pa	1227	110
pa	1228	110
pa	1229	107
pa	1230	101
pa	1231	101
pa	1232	101
pa	1233	101
pa	1234	103
pa	1235	104
pa	1236	105
pa	1237	105
pa	1238	113
pa	1239	113
pa	1240	114
pa	1241	116
pa	1242	116
pa	1243	117
pa	1244	116
pa	1245	116
pa	1246	116
pa	1247	111
pa	1248	115
pa	1249	115
pa	1250	115
pa	1251	111
pa	1252	118
pa	1253	119
pa	1254	123
pa	1255	123
pa	1256	123
pa	1257	129
pa	1258	125
pa	1259	125
pa	1260	121
pa	1261	116
pa	1262	116
pa	1263	116
pa	1264	117
pa	1265	116
pa	1266	111
pa	1267	111
pa	1268	120
pa	1269	118
pa	1270	123
pa	1271	121
pa	1272	119
pa	1273	119
pa	1274	117
pa	1275	118
pa	1276	114
pa	1277	113
pa	1278	113
pa	1279	115
pa	1280	112
pa	1281	112
pa	1282	111
pa	1283	111
pa	1284	115
pa	1285	116
pa	1286	115
pa	1287	115
pa	1288	111
pa	1289	115
pa	1290	118
pa	1291	119
pa	1292	119
pa	1293	120
pa	1294	122
pa	1295	122
pa	1296	121
pa	1297	119
pa	1298	107
pa	1299	107
pa	1300	108
pa	1301	108
pa	1302	108
pa	1303	105
pa	1304	117
pa	1305	117
pa	1306	117
pa	1307	117
pa	1308	118
pa	1309	119
pa	1310	119
pa	1311	119
pa	1312	119
pa	1313	112
pa	1314	112
pa	1315	113
pa	1316	120
pa	1317	122
pa	1318	119
pa	1319	120
pa	1320	120
pa	1321	121
pa	1322	121
pa	1323	120
pa	1324	121
pa	1325	120
pa	1326	122
pa	1327	124
pa	1328	121
pa	1329	124
pa	1330	123
pa	1331	123
pa	1332	121
pa	1333	122
pa	1334	122
pa	1335	129
pa	1336	128
pa	1337	131
pa	1338	134
pa	1339	133
pa	1340	131
pa	1341	132
pa	1342	130
pa	1343	130
pa	1344	127
pa	1345	127
pa	1346	122
pa	1347	125
pa	1348	125
pa	1349	127
pa	1350	127
pa	1351	126
pa	1352	125
pa	1353	127
pa	1354	125
pa	1355	123
pa	1356	129
pa	1357	129
pa	1358	128
pa	1359	130
pa	1360	130
pa	1361	129
pa	1362	126
pa	1363	120
pa	1364	126
pa	1365	125
pa	1366	126
pa	1367	126
pa	1368	126
pa	1369	129
pa	1370	127
pa	1371	127
pa	1372	128
pa	1373	124
pa	1374	129
pa	1375	128
pa	1376	124
pa	1377	124
pa	1378	125
pa	1379	125
pa	1380	129
pa	1381	128
pa	1382	127
pa	1383	120
pa	1384	120
pa	1385	124
pa	1386	122
pa	1387	122
pa	1388	127
pa	1389	116
pa	1390	120
pa	1391	121
pa	1392	120
pa	1393	125
pa	1394	125
pa	1395	131
pa	1396	131
pa	1397	130
pa	1398	132
pa	1399	125
pa	1400	126
pa	1401	123
pa	1402	125
pa	1403	125
pa	1404	124
pa	1405	125
pa	1406	126
pa	1407	124
pa	1408	124
pa	1409	126
pa	1410	115
pa	1411	117
pa	1412	118
pa	1413	122
pa	1414	122
pa	1415	133
pa	1416	146
pa	1417	143
pa	1418	140
pa	1419	142
pa	1420	140
pa	1421	150
pa	1422	148
pa	1423	152
pa	1424	152
pa	1425	143
pa	1426	155
pa	1427	155
pa	1428	154
pa	1429	156
pa	1430	156
pa	1431	166
pa	1432	166
pa	1433	166
pa	1434	170
pa	1435	163
pa	1436	166
pa	1437	166
pa	1438	167
pa	1439	169
pa	1440	167
pa	1441	167
pa	1442	166
pa	1443	162
pa	1444	163
pa	1445	167
pa	1446	168
pa	1447	168
pa	1448	168
pa	1449	167
pa	1450	171
pa	1451	171
pa	1452	170
pa	1453	170
pa	1454	172
pa	1455	173
pa	1456	177
pa	1457	178
pa	1458	177
pa	1459	169
pa	1460	167
pa	1461	168
pa	1462	168
pa	1463	169
pa	1464	168
pa	1465	163
pa	1466	164
pa	1467	164
pa	1468	163
pa	1469	159
pa	1470	157
pa	1471	157
pa	1472	163
pa	1473	163
pa	1474	163
pa	1475	162
pa	1476	163
pa	1477	164
pa	1478	171
pa	1479	172
pa	1480	166
pa	1481	161
pa	1482	163
pa	1483	162
pa	1484	162
pa	1485	164
pa	1486	164
pa	1487	161
pa	1488	165
pa	1489	165
pa	1490	164
pa	1491	162
pa	1492	157
pa	1493	157
pa	1494	155
pa	1495	155
pa	1496	152
pa	1497	145
pa	1498	145
pa	1499	144
pa	1500	141
pa	1501	140
pa	1502	136
pa	1503	134
pa	1504	130
pa	1505	130
pa	1506	127
pa	1507	126
pa	1508	126
pa	1509	125
pa	1510	126
pa	1511	126
pa	1512	127
pa	1513	119
pa	1514	124
pa	1515	121
pa	1516	120
pa	1517	119
pa	1518	117
pa	1519	118
pa	1520	117
pa	1521	121
pa	1522	123
pa	1523	118
pa	1524	121
pa	1525	120
pa	1526	121
pa	1527	122
pa	1528	115
pa	1529	106
pa	1530	106
pa	1531	96
pa	1532	97
pa	1533	100
pa	1534	98
pa	1535	104
pa	1536	105
pa	1537	111
pa	1538	111
pa	1539	108
pa	1540	108
pa	1541	108
pa	1542	109
pa	1543	109
pa	1544	106
pa	1545	104
pa	1546	102
pa	1547	104
pa	1548	106
pa	1549	105
pa	1550	104
pa	1551	103
pa	1552	109
pa	1553	111
pa	1554	111
pa	1555	109
pa	1556	103
pa	1557	103
pa	1558	104
pa	1559	104
pa	1560	108
pa	1561	101
pa	1562	103
pa	1563	103
pa	1564	103
pa	1565	105
pa	1566	108
pa	1567	108
pa	1568	109
pa	1569	104
pa	1570	104
pa	1571	104
pa	1572	102
pa	1573	102
pa	1574	101
pa	1575	97
pa	1576	97
pa	1577	96
pa	1578	96
pa	1579	97
pa	1580	98
pa	1581	103
pa	1582	101
pa	1583	102
pa	1584	101
pa	1585	103
pa	1586	102
pa	1587	100
pa	1588	105
pa	1589	119
pa	1590	117
pa	1591	116
pa	1592	117
pa	1593	116
pa	1594	119
pa	1595	119
pa	1596	119
pa	1597	112
pa	1598	103
pa	1599	105
pa	1600	106
pa	1601	108
pa	1602	108
pa	1603	110
pa	1604	109
pa	1605	110
pa	1606	110
pa	1607	110
pa	1608	108
pa	1609	107
pa	1610	110
pa	1611	110
pa	1612	110
pa	1613	109
pa	1614	109
pa	1615	109
pa	1616	123
pa	1617	121
pa	1618	122
pa	1619	118
pa	1620	122
pa	1621	124
pa	1622	125
pa	1623	125
pa	1624	125
pa	1625	122
pa	1626	122
pa	1627	122
pa	1628	121
pa	1629	121
pa	1630	116
pa	1631	115
pa	1632	116
pa	1633	117
pa	1634	120
pa	1635	120
pa	1636	119
pa	1637	119
pa	1638	120
pa	1639	119
pa	1640	116
pa	1641	126
pa	1642	125
pa	1643	125
pa	1644	125
pa	1645	123
pa	1646	125
pa	1647	123
pa	1648	123
pa	1649	129
pa	1650	125
pa	1651	124
pa	1652	124
pa	1653	124
pa	1654	125
pa	1655	122
pa	1656	124
pa	1657	129
pa	1658	121
pa	1659	124
pa	1660	123
pa	1661	123
pa	1662	123
pa	1663	124
pa	1664	125
pa	1665	125
pa	1666	123
pa	1667	122
pa	1668	121
pa	1669	134
pa	1670	135
pa	1671	139
pa	1672	139
pa	1673	134
pa	1674	137
pa	1675	137
pa	1676	138
pa	1677	138
pa	1678	128
pa	1679	134
pa	1680	134
pa	1681	144
pa	1682	147
pa	1683	147
pa	1684	146
pa	1685	140
pa	1686	135
pa	1687	136
pa	1688	128
pa	1689	129
pa	1690	126
pa	1691	123
pa	1692	123
pa	1693	128
pa	1694	129
pa	1695	133
pa	1696	133
pa	1697	130
pa	1698	131
pa	1699	131
pa	1700	129
pa	1701	128
pa	1702	128
pa	1703	125
pa	1704	126
pa	1705	132
pa	1706	131
pa	1707	131
pa	1708	134
pa	1709	134
pa	1710	133
pa	1711	136
pa	1712	137
pa	1713	140
pa	1714	139
pa	1715	140
pa	1716	142
pa	1717	148
pa	1718	148
pa	1719	145
pa	1720	145
pa	1721	145
pa	1722	147
pa	1723	142
pa	1724	141
pa	1725	136
pa	1726	132
pa	1727	131
pa	1728	133
pa	1729	134
pa	1730	134
pa	1731	132
pa	1732	132
pa	1733	133
pa	1734	135
pa	1735	136
pa	1736	135
pa	1737	136
pa	1738	136
pa	1739	137
pa	1740	137
pa	1741	137
pa	1742	138
pa	1743	132
pa	1744	128
pa	1745	130
pa	1746	132
pa	1747	133
pa	1748	134
pa	1749	135
pa	1750	133
pa	1751	132
pa	1752	130
pa	1753	129
pa	1754	132
pa	1755	129
pa	1756	129
pa	1757	130
pa	1758	116
pa	1759	120
pa	1760	119
pa	1761	120
pa	1762	124
pa	1763	122
pa	1764	124
pa	1765	120
pa	1766	113
pa	1767	115
pa	1768	109
pa	1769	111
pa	1770	111
pa	1771	106
pa	1772	104
pa	1773	97
pa	1774	98
pa	1775	101
pa	1776	101
pa	1777	100
pa	1778	99
pa	1779	99
pa	1780	100
pa	1781	99
pa	1782	100
pa	1783	100
pa	1784	92
pa	1785	93
pa	1786	90
pa	1787	102
pa	1788	101
pa	1789	105
pa	1790	104
pa	1791	106
pa	1792	107
pa	1793	105
pa	1794	105
pa	1795	105
pa	1796	97
pa	1797	103
pa	1798	105
pa	1799	105
pa	1800	106
pa	1801	106
pa	1802	106
pa	1803	114
pa	1804	115
pa	1805	117
pa	1806	116
pa	1807	118
pa	1808	118
pa	1809	122
pa	1810	124
pa	1811	123
pa	1812	117
pa	1813	116
pa	1814	112
pa	1815	114
pa	1816	114
pa	1817	116
pa	1818	111
pa	1819	113
pa	1820	113
pa	1821	117
pa	1822	117
pa	1823	122
pa	1824	120
pa	1825	120
pa	1826	121
pa	1827	122
pa	1828	125
pa	1829	125
pa	1830	123
pa	1831	122
pa	1832	122
pa	1833	121
pa	1834	127
pa	1835	126
pa	1836	124
pa	1837	122
pa	1838	121
pa	1839	125
pa	1840	128
pa	1841	124
pa	1842	124
pa	1843	120
pa	1844	118
pa	1845	116
pa	1846	117
pa	1847	118
pa	1848	117
pa	1849	116
pa	1850	116
pa	1851	115
pa	1852	115
pa	1853	116
pa	1854	114
pa	1855	114
pa	1856	114
pa	1857	117
pa	1858	117
pa	1859	117
pa	1860	119
pa	1861	121
pa	1862	120
pa	1863	122
pa	1864	121
pa	1865	120
pa	1866	121
pa	1867	120
pa	1868	122
pa	1869	128
pa	1870	128
pa	1871	128
pa	1872	125
pa	1873	126
pa	1874	128
pa	1875	123
pa	1876	123
pa	1877	118
pa	1878	116
pa	1879	116
pa	1880	115
pa	1881	115
pa	1882	114
pa	1883	122
pa	1884	122
pa	1885	121
pa	1886	120
pa	1887	122
pa	1888	125
pa	1889	126
pa	1890	122
pa	1891	124
pa	1892	115
pa	1893	114
pa	1894	112
pa	1895	112
pa	1896	111
pa	1897	112
pa	1898	111
pa	1899	111
pa	1900	111
pa	1901	112
pa	1902	111
pa	1903	112
pa	1904	115
pa	1905	112
pa	1906	116
pa	1907	115
pa	1908	118
pa	1909	119
pa	1910	118
pa	1911	121
pa	1912	120
pa	1913	118
pa	1914	117
pa	1915	113
pa	1916	116
pa	1917	116
pa	1918	112
pa	1919	114
pa	1920	112
pa	1921	112
pa	1922	119
pa	1923	118
pa	1924	117
pa	1925	117
pa	1926	117
pa	1927	117
pa	1928	117
pa	1929	119
pa	1930	119
pa	1931	117
pa	1932	123
pa	1933	123
pa	1934	123
pa	1935	123
pa	1936	122
pa	1937	122
pa	1938	112
pa	1939	109
pa	1940	110
pa	1941	101
pa	1942	101
pa	1943	101
pa	1944	101
pa	1945	101
pa	1946	100
pa	1947	108
pa	1948	109
pa	1949	108
pa	1950	108
pa	1951	107
pa	1952	106
pa	1953	105
pa	1954	105
pa	1955	105
pa	1956	102
pa	1957	104
pa	1958	104
pa	1959	105
pa	1960	105
pa	1961	103
pa	1962	105
pa	1963	103
pa	1964	103
pa	1965	102
pa	1966	101
pa	1967	122
pa	1968	121
pa	1969	127
pa	1970	126
pa	1971	130
pa	1972	129
pa	1973	131
pa	1974	133
pa	1975	130
pa	1976	112
pa	1977	106
pa	1978	107
pa	1979	112
pa	1980	114
pa	1981	111
pa	1982	111
pa	1983	112
pa	1984	114
pa	1985	113
pa	1986	113
pa	1987	113
pa	1988	113
pa	1989	109
pa	1990	109
pa	1991	109
pa	1992	109
pa	1993	109
pa	1994	109
pa	1995	106
pa	1996	105
pa	1997	108
pa	1998	109
pa	1999	109
pa	2000	111
pa	2001	111
pa	2002	112
pa	2003	112
pa	2004	109
pa	2005	110
pa	2006	111
pa	2007	113
pa	2008	114
pa	2009	115
pa	2010	115
pa	2011	116
pa	2012	117
pa	2013	118
pa	2014	119
pa	2015	119
pa	2016	115
pa	2017	116
pa	2018	114
pa	2019	115
pa	2020	114
pa	2021	114
pa	2022	115
pa	2023	114
pa	2024	117
pa	2025	117
pa	2026	116
pa	2027	118
pa	2028	114
pa	2029	122
pa	2030	121
pa	2031	121
pa	2032	122
pa	2033	116
pa	2034	118
pa	2035	118
pa	2036	118
pa	2037	116
pa	2038	132
pa	2039	124
pa	2040	125
pa	2041	124
pa	2042	123
pa	2043	124
pa	2044	121
pa	2045	119
pa	2046	119
pa	2047	107
pa	2048	113
pa	2049	117
pa	2050	115
pa	2051	115
pa	2052	114
pa	2053	114
pa	2054	113
pa	2055	113
pa	2056	112
pa	2057	104
pa	2058	100
pa	2059	99
pa	2060	98
pa	2061	98
pa	2062	101
pa	2063	102
pa	2064	101
pa	2065	96
pa	2066	96
pa	2067	96
pa	2068	96
pa	2069	96
pa	2070	96
pa	2071	95
pa	2072	96
pa	2073	98
pa	2074	98
pa	2075	98
pa	2076	98
pa	2077	101
pa	2078	101
pa	2079	102
pa	2080	105
pa	2081	102
pa	2082	115
pa	2083	116
pa	2084	116
pa	2085	117
pa	2086	112
pa	2087	113
pa	2088	108
pa	2089	111
pa	2090	114
pa	2091	103
pa	2092	109
pa	2093	109
pa	2094	109
pa	2095	111
pa	2096	108
pa	2097	108
pa	2098	108
pa	2099	106
pa	2100	109
pa	2101	97
pa	2102	98
pa	2103	99
pa	2104	100
pa	2105	100
pa	2106	114
pa	2107	116
pa	2108	124
pa	2109	122
pa	2110	125
pa	2111	125
pa	2112	126
pa	2113	129
pa	2114	129
pa	2115	140
pa	2116	140
pa	2117	136
pa	2118	133
pa	2119	132
pa	2120	134
pa	2121	137
pa	2122	142
pa	2123	142
pa	2124	141
pa	2125	146
pa	2126	148
pa	2127	161
pa	2128	162
pa	2129	161
pa	2130	166
pa	2131	166
pa	2132	174
pa	2133	174
pa	2134	176
pa	2135	178
pa	2136	178
pa	2137	178
pa	2138	178
pa	2139	176
pa	2140	178
pa	2141	179
pa	2142	185
pa	2143	186
pa	2144	188
pa	2145	190
pa	2146	189
pa	2147	190
pa	2148	190
pa	2149	188
pa	2150	189
pa	2151	187
pa	2152	188
pa	2153	188
pa	2154	190
pa	2155	190
pa	2156	189
pa	2157	191
pa	2158	188
pa	2159	189
pa	2160	186
pa	2161	186
pa	2162	184
pa	2163	183
pa	2164	180
pa	2165	193
pa	2166	192
pa	2167	195
pa	2168	188
pa	2169	190
pa	2170	191
pa	2171	189
pa	2172	188
pa	2173	190
pa	2174	188
pa	2175	190
pa	2176	186
pa	2177	178
pa	2178	169
pa	2179	161
pa	2180	160
pa	2181	160
pa	2182	159
pa	2183	153
pa	2184	152
pa	2185	152
pa	2186	152
pa	2187	150
pa	2188	149
pa	2189	146
pa	2190	146
pa	2191	140
pa	2192	140
pa	2193	138
pa	2194	136
pa	2195	136
pa	2196	135
pa	2197	135
pa	2198	134
pa	2199	134
pa	2200	131
pa	2201	130
pa	2202	130
pa	2203	129
pa	2204	129
pa	2205	128
pa	2206	127
pa	2207	106
pa	2208	101
pa	2209	93
pa	2210	91
pa	2211	91
pa	2212	91
pa	2213	90
pa	2214	89
pa	2215	85
pa	2216	83
pa	2217	57
pa	2218	56
pa	2219	56
pa	2220	54
pa	2221	54
pa	2222	52
pa	2223	51
pa	2224	50
pa	2225	49
pa	2226	49
pa	2227	47
pa	2228	47
pa	2229	43
pa	2230	40
pa	2231	40
pa	2232	38
pa	2233	10
ha	99	1
ha	100	1
ha	101	1
ha	102	1
ha	103	1
ha	104	1
ha	105	1
ha	106	1
ha	107	1
ha	108	1
ha	109	1
ha	110	1
ha	111	1
ha	112	1
ha	113	1
ha	114	1
ha	115	1
ha	116	1
ha	117	1
ha	118	1
ha	119	1
ha	120	1
ha	121	1
ha	122	1
ha	123	1
ha	124	1
ha	125	1
ha	126	1
ha	127	1
ha	128	1
ha	129	1
ha	130	1
ha	131	1
ha	132	1
ha	133	1
ha	134	1
ha	135	1
ha	136	1
ha	137	1
ha	138	1
ha	139	1
ha	140	1
ha	141	1
ha	142	1
ha	143	1
ha	144	1
ha	145	1
ha	146	1
ha	147	1
ha	148	1
ha	149	1
ha	150	1
ha	151	1
ha	152	1
ha	153	1
ha	154	1
ha	155	1
ha	156	1
ha	157	1
ha	158	1
ha	249	2
ha	250	2
ha	251	2
ha	252	2
ha	253	2
ha	254	2
ha	255	2
ha	256	2
ha	257	2
ha	258	2
ha	259	2
ha	260	2
ha	261	2
ha	262	2
ha	263	2
ha	264	2
ha	265	2
ha	266	2
ha	267	2
ha	268	2
ha	269	2
ha	270	2
ha	271	2
ha	272	2
ha	273	2
ha	274	2
ha	275	2
ha	276	2
ha	277	2
ha	278	2
ha	279	2
ha	280	2
ha	281	2
ha	282	2
ha	283	2
ha	284	2
ha	285	2
ha	286	2
ha	287	2
ha	288	2
ha	289	2
ha	290	2
ha	291	2
ha	292	2
ha	293	2
ha	294	2
ha	295	2
ha	296	2
ha	297	2
ha	298	2
ha	299	2
ha	300	2
ha	301	2
ha	302	2
ha	303	2
ha	304	2
ha	305	2
ha	306	2
ha	307	2
ha	308	2
ha	309	2
ha	310	2
ha	311	2
ha	312	2
ha	466	2
ha	467	2
ha	468	2
ha	469	2
ha	470	2
ha	471	2
ha	472	2
ha	473	2
ha	474	2
ha	475	2
ha	476	2
ha	477	2
ha	478	2
ha	479	2
ha	480	2
ha	481	2
ha	482	2
ha	483	2
ha	484	2
ha	485	2
ha	486	2
ha	487	2
ha	488	2
ha	489	2
ha	490	2
ha	491	2
ha	492	2
ha	493	2
ha	494	2
ha	495	2
ha	496	2
ha	497	2
ha	498	2
ha	499	2
ha	500	2
ha	501	2
ha	502	2
ha	503	2
ha	504	2
ha	505	2
ha	506	2
ha	507	2
ha	508	2
ha	509	2
ha	510	2
ha	511	2
ha	512	2
ha	513	2
ha	514	2
ha	515	2
ha	516	2
ha	517	2
ha	518	2
ha	519	2
ha	520	2
pb1	1302	1
pb1	1303	1
pb1	1304	1
pb1	1305	1
pb1	1306	1
pb1	1307	1
pb1	1308	1
pb1	1309	1
pb1	1310	1
pb1	1311	1
pb1	1312	1
pb1	1313	1
pb1	1314	1
pb1	1315	1
pb1	1316	1
pb1	1317	1
pb1	1318	1
pb1	1319	1
pb1	1320	1
pb1	1321	1
pb1	1322	1
pb1	1323	1
pb1	1324	1
pb1	1325	1
pb1	1326	1
pb1	1327	1
pb1	1328	1
pb1	1329	1
pb1	1330	1
pb1	1331	1
pb1	1332	1
pb1	1333	1
pb1	1334	2
pb1	1335	2
pb1	1336	2
pb1	1337	2
pb1	1338	2
pb1	1339	3
pb1	1340	3
pb1	1341	3
pb1	1342	3
pb1	1343	3
pb1	1344	3
pb1	1345	3
pb1	1346	3
pb1	1347	3
pb1	1348	3
pb1	1349	3
pb1	1350	3
pb1	1351	3
pb1	1352	3
pb1	1353	3
pb1	1354	3
pb1	1355	3
pb1	1356	3
pb1	1357	3
pb1	1358	3
pb1	1359	3
pb1	1360	3
pb1	1361	3
pb1	1362	3
pb1	1363	3
pb1	1364	3
pb1	1365	3
pb1	1366	3
pb1	1367	3
pb1	1368	3
pb1	1369	3
pb1	1370	3
pb1	1371	3
pb1	1372	3
pb1	1373	3
pb1	1374	3
pb1	1375	3
pb1	1376	3
pb1	1377	3
pb1	1378	3
pb1	1379	3
pb1	1380	2
pb1	1381	2
pb1	1382	2
pb1	1383	2
pb1	1384	2
pb1	1385	2
pb1	1386	2
pb1	1387	2
pb1	1388	2
pb1	1389	1
pb1	1390	1
pb1	1391	1
pb1	1392	1
pb1	1393	1
pb1	1394	1
pb1	1395	1
pb1	1396	1
pb1	1397	1
pb1	1398	1
pb1	1399	1
pb1	1400	1
pb1	1401	1
pb1	1402	1
pb1	1469	1
pb1	1470	1
pb1	1471	1
pb1	1472	1
pb1	1473	1
pb1	1474	1
pb1	1475	1
pb1	1476	1
pb1	1477	1
pb1	1478	1
pb1	1479	1
pb1	1480	1
pb1	1481	1
pb1	1482	1
pb1	1483	1
pb1	1484	1
pb1	1485	1
pb1	1486	1
pb1	1487	1
pb1	1488	1
pb1	1489	1
pb1	1490	1
pb1	1491	1
pb1	1492	1
pb1	1493	1
pb1	1494	1
pb1	1495	1
pb1	1496	1
pb1	1497	1
pb1	1498	1
pb1	1499	1
pb1	1500	1
pb1	1501	1
pb1	1502	1
pb1	1503	1
pb1	1504	1
pb1	1505	1
pb1	1506	1
pb1	1507	1
pb1	1508	1
pb1	1509	1
pb1	1510	2
pb1	1511	2
pb1	1512	2
pb1	1513	2
pb1	1514	2
pb1	1515	2
pb1	1516	2
pb1	1517	2
pb1	1518	2
pb1	1519	2
pb1	1520	2
pb1	1521	2
pb1	1522	2
pb1	1523	2
pb1	1524	2
pb1	1525	2
pb1	1526	2
pb1	1527	1
pb1	1528	1
pb1	1529	1
pb1	1530	1
pb1	1531	1
pb1	1532	1
pb1	1533	1
pb1	1534	1
pb1	1535	1
pb1	1536	1
pb1	1537	1
pb1	1538	1
pb1	1539	1
pb1	1540	1
pb1	1541	1
pb1	1542	1
pb1	1543	1
pb1	1544	1
pb1	1545	1
pb1	1546	1
pb1	1547	1
pb1	1548	1
pb1	1549	1
pb1	1550	1
pb1	1551	1
pb1	1552	1
pb1	1553	1
pb1	1554	1
pb1	1555	1
pb1	1556	1
pb1	1557	1
pb1	1558	1
pb1	1559	1
pb1	1560	1
pb1	1561	1
pb1	1562	2
pb1	1563	2
pb1	1564	2
pb1	1565	2
pb1	1566	2
pb1	1567	2
pb1	1568	2
pb1	1569	2
pb1	1570	2
pb1	1571	2
pb1	1572	2
pb1	1573	2
pb1	1574	2
pb1	1575	2
pb1	1576	2
pb1	1577	2
pb1	1578	2
pb1	1579	2
pb1	1580	2
pb1	1581	1
pb1	1582	1
pb1	1583	1
pb1	1584	1
pb1	1585	1
pb1	1586	1
pb1	1587	1
pb1	1588	1
pb1	1589	1
pb1	1590	1
pb1	1591	1
pb1	1592	1
pb1	1593	1
pb1	1594	1
pb1	1595	1
pb1	1596	1
pb1	1597	1
pb1	1598	1
pb1	1599	1
pb1	1600	1
pb1	1601	1
pb1	1602	1
pb1	1603	1
pb1	1604	1
pb1	1605	1
pb1	1606	1
pb1	1607	1
pb1	1608	1
pb1	1609	1
pb1	1610	1
pb1	1611	1
pb1	1612	2
pb1	1613	2
pb1	1614	2
pb1	1615	2
pb1	1616	2
pb1	1617	2
pb1	1618	2
pb1	1619	2
pb1	1620	2
pb1	1621	2
pb1	1622	2
pb1	1623	2
pb1	1624	2
pb1	1625	2
pb1	1626	2
pb1	1627	2
pb1	1628	2
pb1	1629	2
pb1	1630	2
pb1	1631	2
pb1	1632	2
pb1	1633	2
pb1	1634	2
pb1	1635	2
pb1	1636	2
pb1	1637	2
pb1	1638	2
pb1	1639	3
pb1	1640	3
pb1	1641	3
pb1	1642	3
pb1	1643	3
pb1	1644	3
pb1	1645	3
pb1	1646	3
pb1	1647	3
pb1	1648	3
pb1	1649	3
pb1	1650	3
pb1	1651	3
pb1	1652	3
pb1	1653	3
pb1	1654	3
pb1	1655	3
pb1	1656	3
pb1	1657	3
pb1	1658	3
pb1	1659	3
pb1	1660	3
pb1	1661	3
pb1	1662	3
pb1	1663	3
pb1	1664	3
pb1	1665	3
pb1	1666	3
pb1	1667	3
pb1	1668	3
pb1	1669	3
pb1	1670	3
pb1	1671	3
pb1	1672	3
pb1	1673	2
pb1	1674	2
pb1	1675	2
pb1	1676	2
pb1	1677	2
pb1	1678	2
pb1	1679	2
pb1	1680	2
pb1	1681	2
pb1	1682	2
pb1	1683	2
pb1	1684	2
pb1	1685	1
pb1	1686	1
pb1	1687	1
pb1	1688	1
pb1	1689	1
pb1	1690	1
pb1	1691	1
pb1	1692	1
pb1	1693	1
pb1	1694	1
pb1	1695	1
pb1	1696	1
pb1	1697	1
pb1	1698	1
pb1	1699	1
pb1	1700	1
pb1	1701	1
pb1	1702	1
pb1	1703	1
pb1	1704	1
pb1	1705	1
pb1	1706	1
pb1	1707	1
pb1	1708	1
pb1	1709	1
pb1	1710	1
pb1	1711	1
pb1	1712	1
pb1	1713	1
pb1	1714	1
pb1	1715	1
pb1	1716	1
pb1	1717	1
pb1	1718	1
pb1	1719	1
pb1	1720	1
pb1	1721	1
pb1	1722	1
pb1	1723	1
pb1	1724	1
pb1	1725	2
pb1	1726	2
pb1	1727	2
pb1	1728	2
pb1	1729	2
pb1	1730	2
pb1	1731	2
pb1	1732	2
pb1	1733	2
pb1	1734	2
pb1	1735	2
pb1	1736	2
pb1	1737	2
pb1	1738	2
pb1	1739	2
pb1	1740	2
pb1	1741	2
pb1	1742	2
pb1	1743	2
pb1	1744	2
pb1	1745	2
pb1	1746	2
pb1	1747	2
pb1	1748	2
pb1	1749	2
pb1	1750	2
pb1	1751	2
pb1	1752	2
pb1	1753	2
pb1	1754	2
pb1	1755	2
pb1	1756	1
pb1	1757	1
pb1	1758	1
pb1	1759	1
pb1	1760	1
pb1	1761	1
pb1	1762	1
pb1	1763	1
pb1	1764	1
pb1	1765	1
pb1	1766	1
pb1	1767	1
pb1	1768	1
pb1	1769	1
pb1	1770	1
pb1	1771	1
pb1	1772	1
pb1	1773	1
pb1	1774	1
pb1	1775	1
pb1	1776	1
pb1	1777	1
pb1	1778	1
pb1	1779	1
pb1	1780	1
pb1	1781	1
pb1	1782	1
pb1	1783	1
pb1	1784	1
pb1	1785	1
pb1	1786	1
pb1	1787	1
pb1	1788	1
pb1	1789	1
pb1	1841	2
pb1	1842	2
pb1	1843	2
pb1	1844	2
pb1	1845	2
pb1	1846	2
pb1	1847	2
pb1	1848	2
pb1	1849	2
pb1	1850	2
pb1	1851	2
pb1	1852	2
pb1	1853	3
pb1	1854	3
pb1	1855	3
pb1	1856	3
pb1	1857	3
pb1	1858	3
pb1	1859	3
pb1	1860	3
pb1	1861	3
pb1	1862	3
pb1	1863	3
pb1	1864	3
pb1	1865	3
pb1	1866	3
pb1	1867	3
pb1	1868	3
pb1	1869	3
pb1	1870	3
pb1	1871	3
pb1	1872	3
pb1	1873	3
pb1	1874	3
pb1	1875	3
pb1	1876	3
pb1	1877	3
pb1	1878	3
pb1	1879	3
pb1	1880	3
pb1	1881	3
pb1	1882	3
pb1	1883	3
pb1	1884	3
pb1	1885	3
pb1	1886	3
pb1	1887	3
pb1	1888	3
pb1	1889	3
pb1	1890	3
pb1	1891	4
pb1	1892	4
pb1	1893	4
pb1	1894	4
pb1	1895	4
pb1	1896	4
pb1	1897	4
pb1	1898	4
pb1	1899	4
pb1	1900	4
pb1	1901	4
pb1	1902	4
pb1	1903	4
pb1	1904	4
pb1	1905	4
pb1	1906	4
pb1	1907	4
pb1	1908	6
pb1	1909	6
pb1	1910	5
pb1	1911	5
pb1	1912	5
pb1	1913	5
pb1	1914	5
pb1	1915	5
pb1	1916	5
pb1	1917	5
pb1	1918	5
pb1	1919	5
pb1	1920	5
pb1	1921	5
pb1	1922	5
pb1	1923	5
pb1	1924	5
pb1	1925	5
pb1	1926	5
pb1	1927	5
pb1	1928	5
pb1	1929	5
pb1	1930	5
pb1	1931	5
pb1	1932	5
pb1	1933	5
pb1	1934	5
pb1	1935	5
pb1	1936	5
pb1	1937	5
pb1	1938	5
pb1	1939	5
pb1	1940	5
pb1	1941	5
pb1	1942	5
pb1	1943	5
pb1	1944	5
pb1	1945	5
pb1	1946	5
pb1	1947	5
pb1	1948	5
pb1	1949	5
pb1	1950	5
pb1	1951	5
pb1	1952	5
pb1	1953	5
pb1	1954	5
pb1	1955	5
pb1	1956	5
pb1	1957	5
pb1	1958	5
pb1	1959	5
pb1	1960	5
pb1	1961	5
pb1	1962	5
pb1	1963	4
pb1	1964	4
pb1	1965	4
pb1	1966	4
pb1	1967	4
pb1	1968	4
pb1	1969	4
pb1	1970	4
pb1	1971	4
pb1	1972	4
pb1	1973	4
pb1	1974	4
pb1	1975	4
pb1	1976	4
pb1	1977	4
pb1	1978	4
pb1	1979	3
pb1	1980	3
pb1	1981	3
pb1	1982	3
pb1	1983	3
pb1	1984	3
pb1	1985	3
pb1	1986	3
pb1	1987	3
pb1	1988	3
pb1	1989	3
pb1	1990	3
pb1	1991	3
pb1	1992	2
pb1	1993	2
pb1	1994	2
pb1	1995	2
pb1	1996	2
pb1	1997	2
pb1	1998	2
pb1	1999	2
pb1	2000	2
pb1	2001	2
pb1	2002	2
pb1	2003	2
pb1	2004	2
pb1	2005	2
pb1	2006	2
pb1	2007	2
pb1	2008	2
pb1	2009	2
pb1	2010	2
pb1	2011	2
pb1	2012	2
pb1	2013	2
pb1	2014	3
pb1	2015	1
pb1	2016	1
pb1	2017	1
pb1	2018	1
pb1	2019	1
pb1	2020	1
pb1	2021	1
pb1	2022	1
pb1	2023	1
pb1	2024	1
pb1	2025	2
pb1	2026	2
pb1	2027	2
pb1	2028	2
pb1	2029	2
pb1	2030	2
pb1	2031	2
pb1	2032	2
pb1	2033	2
pb1	2034	2
pb1	2035	2
pb1	2036	2
pb1	2037	2
pb1	2038	2
pb1	2039	2
pb1	2040	2
pb1	2041	2
pb1	2042	2
pb1	2043	2
pb1	2044	2
pb1	2045	2
pb1	2046	4
pb1	2047	4
pb1	2048	4
pb1	2049	4
pb1	2050	4
pb1	2051	4
pb1	2052	4
pb1	2053	4
pb1	2054	4
pb1	2055	4
pb1	2056	4
pb1	2057	4
pb1	2058	4
pb1	2059	4
pb1	2060	4
pb1	2061	4
pb1	2062	4
pb1	2063	4
pb1	2064	4
pb1	2065	4
pb1	2066	4
pb1	2067	4
pb1	2068	4
pb1	2069	4
pb1	2070	4
pb1	2071	4
pb1	2072	4
pb1	2073	4
pb1	2074	4
pb1	2075	4
pb1	2076	4
pb1	2077	4
pb1	2078	4
pb1	2079	4
pb1	2080	4
pb1	2081	4
pb1	2082	4
pb1	2083	4
pb1	2084	4
pb1	2085	4
pb1	2086	4
pb1	2087	4
pb1	2088	5
pb1	2089	5
pb1	2090	5
pb1	2091	5
pb1	2092	5
pb1	2093	5
pb1	2094	5
pb1	2095	5
pb1	2096	3
pb1	2097	3
pb1	2098	3
pb1	2099	3
pb1	2100	3
pb1	2101	2
pb1	2102	2
pb1	2103	2
pb1	2104	2
pb1	2105	2
pb1	2106	2
pb1	2107	2
pb1	2108	2
pb1	2109	2
pb1	2110	2
pb1	2111	2
pb1	2112	2
pb1	2113	2
pb1	2114	2
pb1	2115	2
pb1	2116	2
pb1	2117	2
pb1	2118	2
pb1	2119	2
pb1	2120	2
pb1	2121	2
pb1	2122	2
pb1	2123	2
pb1	2124	2
pb1	2125	2
pb1	2126	2
pb1	2127	2
pb1	2128	2
pb1	2129	2
pb1	2130	2
pb1	2131	2
pb1	2132	2
pb1	2133	2
pb1	2134	2
pb1	2135	2
pb1	2136	1
pb1	2137	1
pb1	2138	1
pb1	2139	1
pb1	2140	1
pb1	2141	1
pb1	2142	1
pb1	2143	1
pb1	2144	1
pb1	2145	1
pb1	2146	1
pb1	2147	1
pb1	2148	1
pb1	2149	1
pb1	2150	1
pb1	2151	1
pb1	2152	1
pb1	2153	1
pb1	2154	1
pb1	2155	1
pb1	2156	1
pb1	2157	1
pb1	2158	1
pb1	2159	2
pb1	2160	2
pb1	2161	2
pb1	2162	2
pb1	2163	2
pb1	2164	1
pb1	2165	1
pb1	2166	1
pb1	2167	1
pb1	2168	1
pb1	2169	1
pb1	2170	1
pb1	2171	1
pb1	2172	1
pb1	2173	1
pb1	2174	1
pb1	2175	1
pb1	2176	1
pb1	2177	1
pb1	2178	1
pb1	2179	1
pb1	2180	1
pb1	2181	1
pb1	2182	1
pb1	2183	1
pb1	2184	1
pb1	2185	1
pb1	2186	1
pb1	2187	1
pb1	2188	1
pb1	2189	1
pb1	2190	1
pb1	2191	1
pb1	2192	1
pb1	2193	1
pb1	2194	1
pb1	2195	1
pb1	2196	1
pb1	2197	1
pb1	2198	1
pb1	2199	1
pb1	2200	1
pb1	2201	1
pb1	2202	1
pb1	2203	1
pb1	2204	1
pb1	2205	1
pb1	2206	1
pb1	2207	1
pb1	2208	1
pb1	2209	1
pb1	2210	1
pb1	2211	1
pb1	2212	1
pb1	2213	1
pb1	2214	1
pb1	2215	1
pb1	2216	1
pb1	2217	1
pb1	2218	1
pb1	2219	1
pb1	2220	1
pb1	2221	1
pb1	2222	1
pb1	2223	1
pb1	2224	1
pb1	2225	1
pb1	2226	1
pb1	2227	1
pb1	2228	1
pb1	2229	1
pb1	2230	1
pb1	2231	1
pb1	2232	1
pb1	2233	1
pb1	2234	1
pb1	2235	1
pb1	2236	1
pb1	2237	1
pb1	2238	1
pb1	2239	1
pb1	2240	1
pb1	2241	1
pb1	2242	1
pb1	2243	1
pb1	2244	1
pb1	2245	1
pb1	2246	1
pb1	2247	1
pb1	2248	1
pb1	2249	1
pb1	2250	1
pb1	2251	1
pb1	2252	1
pb1	2253	1
pb1	2254	1
pb1	2255	1
pb1	2256	1
pb1	2257	1
pb1	2258	1
pb1	2259	1
pb1	2260	1
pb1	2261	1
pb1	2262	1
pb1	2263	1
pb1	2264	1
pb1	2265	1
pb1	2266	1
pb1	2267	1
pb1	2268	1
pb1	2269	1
pb1	2270	1
