#CHROM	POS	ID	REF	ALT	QUAL	FILTER	INFO	FORMAT	Sample1
ns	4	.	A	G	.	PASS	ADP=124;WT=0;HET=1;HOM=0;NC=0	GT:GQ:SDP:DP:RD:AD:FREQ:PVAL:RBQ:ABQ:RDF:RDR:ADF:ADR	0/1:67:147:124:103:21:16.94%:1.8921E-7:43:38:90:13:18:3
ns	35	.	C	G	.	PASS	ADP=632;WT=0;HET=1;HOM=0;NC=0	GT:GQ:SDP:DP:RD:AD:FREQ:PVAL:RBQ:ABQ:RDF:RDR:ADF:ADR	0/1:123:733:632:592:40:6.33%:4.8096E-13:41:45:549:43:31:9
ns	508	.	C	A	.	PASS	ADP=1501;WT=0;HET=1;HOM=0;NC=0	GT:GQ:SDP:DP:RD:AD:FREQ:PVAL:RBQ:ABQ:RDF:RDR:ADF:ADR	0/1:168:1930:1501:1441:60:4%:1.5024E-17:46:50:858:583:33:27
pa	4	.	A	G	.	PASS	ADP=2388;WT=0;HET=1;HOM=0;NC=0	GT:GQ:SDP:DP:RD:AD:FREQ:PVAL:RBQ:ABQ:RDF:RDR:ADF:ADR	0/1:255:2656:2388:1689:698:29.23%:5.7872E-232:39:40:1602:87:647:51
pa	1122	.	G	A	.	PASS	ADP=3725;WT=0;HET=1;HOM=0;NC=0	GT:GQ:SDP:DP:RD:AD:FREQ:PVAL:RBQ:ABQ:RDF:RDR:ADF:ADR	0/1:255:4246:3725:3420:304:8.16%:3.3143E-89:40:42:222:3198:179:125
ha	4	.	A	G	.	PASS	ADP=137;WT=0;HET=1;HOM=0;NC=0	GT:GQ:SDP:DP:RD:AD:FREQ:PVAL:RBQ:ABQ:RDF:RDR:ADF:ADR	0/1:119:154:137:101:36:26.28%:1.0267E-12:41:40:91:10:30:6
ha	438	.	C	T	.	PASS	ADP=872;WT=0;HET=1;HOM=0;NC=0	GT:GQ:SDP:DP:RD:AD:FREQ:PVAL:RBQ:ABQ:RDF:RDR:ADF:ADR	0/1:79:1058:872:846:26:2.98%:1.2333E-8:43:44:408:438:13:13
ha	763	.	C	A	.	PASS	ADP=1271;WT=0;HET=1;HOM=0;NC=0	GT:GQ:SDP:DP:RD:AD:FREQ:PVAL:RBQ:ABQ:RDF:RDR:ADF:ADR	0/1:255:1494:1271:1166:105:8.26%:1.4624E-31:41:40:307:859:29:76
pb1	1731	.	A	G	.	PASS	ADP=5826;WT=0;HET=1;HOM=0;NC=0	GT:GQ:SDP:DP:RD:AD:FREQ:PVAL:RBQ:ABQ:RDF:RDR:ADF:ADR	0/1:255:7522:5826:5435:391:6.71%:6.7362E-112:44:43:2621:2814:205:186
pb1	2238	.	A	G	.	PASS	ADP=4102;WT=0;HET=1;HOM=0;NC=0	GT:GQ:SDP:DP:RD:AD:FREQ:PVAL:RBQ:ABQ:RDF:RDR:ADF:ADR	0/1:255:5294:4102:3614:488:11.9%:4.9284E-146:44:45:827:2787:112:376
