segment	mean_coverage	median_coverage	0x	1-25x	25-100x	100-1000x	1000x+	sample_id	total_coverage
ha	5166.380630630631	5012.5	0.0	0.0	0.0	56.0	1720.0	c_com1-replicate-1	1776.0
mp	4.407010710808179	4.0	30.0	997.0	0.0	0.0	0.0	c_com1-replicate-1	1027.0
na	0.3191489361702128	0.0	1187.0	270.0	0.0	0.0	0.0	c_com1-replicate-1	1457.0
np	5.535463258785943	5.0	134.0	1431.0	0.0	0.0	0.0	c_com1-replicate-1	1565.0
ns	1281.7224719101123	1077.0	0.0	0.0	2.0	348.0	540.0	c_com1-replicate-1	890.0
pa	9090.433497536946	3599.0	0.0	0.0	1.0	1073.0	1159.0	c_com1-replicate-1	2233.0
pb1	4053.53395984622	80.0	0.0	237.0	1008.0	7.0	1089.0	c_com1-replicate-1	2341.0
pb2	210.87398547629215	125.0	0.0	322.0	813.0	1206.0	0.0	c_com1-replicate-1	2341.0
ha	8799.644144144144	8273.5	0.0	0.0	0.0	1.0	1775.0	c_com1-replicate-2	1776.0
mp	15.15968841285297	16.0	0.0	1017.0	10.0	0.0	0.0	c_com1-replicate-2	1027.0
na	634.9094028826355	628.0	0.0	0.0	25.0	1285.0	147.0	c_com1-replicate-2	1457.0
np	63.64153354632588	60.0	1.0	211.0	1111.0	242.0	0.0	c_com1-replicate-2	1565.0
ns	9407.377528089888	9236.5	0.0	0.0	0.0	1.0	889.0	c_com1-replicate-2	890.0
pa	2890.611285266458	3283.0	0.0	0.0	5.0	979.0	1249.0	c_com1-replicate-2	2233.0
pb1	5131.331055104656	3026.0	0.0	0.0	0.0	2.0	2339.0	c_com1-replicate-2	2341.0
pb2	3217.151644596326	2974.0	0.0	15.0	205.0	892.0	1229.0	c_com1-replicate-2	2341.0
ha	24002.188063063066	22631.0	0.0	0.0	0.0	0.0	1776.0	c_com2-replicate-1	1776.0
mp	46.85589094449854	40.0	4.0	303.0	719.0	1.0	0.0	c_com2-replicate-1	1027.0
na	181.52505147563485	157.0	0.0	15.0	133.0	1309.0	0.0	c_com2-replicate-1	1457.0
np	93.08690095846646	95.0	2.0	47.0	862.0	654.0	0.0	c_com2-replicate-1	1565.0
ns	9283.066292134832	8205.5	0.0	0.0	0.0	1.0	889.0	c_com2-replicate-1	890.0
pa	9385.69682042096	10912.0	0.0	0.0	0.0	413.0	1820.0	c_com2-replicate-1	2233.0
pb1	9226.00982486117	5558.0	0.0	0.0	0.0	0.0	2341.0	c_com2-replicate-1	2341.0
pb2	5719.842375053396	5436.0	0.0	0.0	0.0	27.0	2314.0	c_com2-replicate-1	2341.0
ha	5152.663851351352	4976.5	0.0	0.0	0.0	1.0	1775.0	c_com2-replicate-2	1776.0
mp	35.979552093476144	34.0	1.0	133.0	893.0	0.0	0.0	c_com2-replicate-2	1027.0
na	8303.768702814	8262.0	0.0	0.0	0.0	9.0	1448.0	c_com2-replicate-2	1457.0
np	613.3801916932907	588.0	0.0	0.0	5.0	1560.0	0.0	c_com2-replicate-2	1565.0
ns	3235.952808988764	3174.5	0.0	0.0	0.0	15.0	875.0	c_com2-replicate-2	890.0
pa	6840.932825794895	5735.0	0.0	0.0	0.0	1.0	2232.0	c_com2-replicate-2	2233.0
pb1	5050.549337889791	4118.0	0.0	0.0	0.0	11.0	2330.0	c_com2-replicate-2	2341.0
pb2	9587.256727894062	9055.0	0.0	0.0	0.0	14.0	2327.0	c_com2-replicate-2	2341.0
ha	187.6908783783784	162.0	0.0	29.0	716.0	1031.0	0.0	c_com3-replicate-1	1776.0
mp	0.0584225900681596	0.0	967.0	60.0	0.0	0.0	0.0	c_com3-replicate-1	1027.0
na	0.0	0.0	1457.0	0.0	0.0	0.0	0.0	c_com3-replicate-1	1457.0
np	1.055591054313099	1.0	773.0	792.0	0.0	0.0	0.0	c_com3-replicate-1	1565.0
ns	71.61685393258426	61.0	0.0	34.0	575.0	281.0	0.0	c_com3-replicate-1	890.0
pa	1228.1244961934617	1227.0	0.0	0.0	6.0	1025.0	1202.0	c_com3-replicate-1	2233.0
pb1	258.1952157197779	29.0	0.0	1086.0	171.0	1084.0	0.0	c_com3-replicate-1	2341.0
pb2	658.1123451516446	577.0	245.0	850.0	6.0	217.0	1023.0	c_com3-replicate-1	2341.0
ha	8981.0625	8578.0	0.0	0.0	0.0	2.0	1774.0	c_com3-replicate-2	1776.0
mp	33.342745861733206	34.0	0.0	203.0	824.0	0.0	0.0	c_com3-replicate-2	1027.0
na	4.072065888812629	3.0	428.0	1029.0	0.0	0.0	0.0	c_com3-replicate-2	1457.0
np	94.15399361022364	93.0	1.0	39.0	963.0	562.0	0.0	c_com3-replicate-2	1565.0
ns	11606.204494382022	11749.0	0.0	0.0	0.0	1.0	889.0	c_com3-replicate-2	890.0
pa	7971.532467532467	11065.0	56.0	914.0	3.0	5.0	1255.0	c_com3-replicate-2	2233.0
pb1	6209.3635198633065	912.0	0.0	0.0	0.0	1242.0	1099.0	c_com3-replicate-2	2341.0
pb2	6599.027338744127	6831.0	0.0	13.0	13.0	1070.0	1245.0	c_com3-replicate-2	2341.0
ha	0.3828828828828828	0.0	1522.0	254.0	0.0	0.0	0.0	c_com4-replicate-1	1776.0
mp	0.0	0.0	1027.0	0.0	0.0	0.0	0.0	c_com4-replicate-1	1027.0
na	0.0	0.0	1457.0	0.0	0.0	0.0	0.0	c_com4-replicate-1	1457.0
np	0.0	0.0	1565.0	0.0	0.0	0.0	0.0	c_com4-replicate-1	1565.0
ns	0.0	0.0	890.0	0.0	0.0	0.0	0.0	c_com4-replicate-1	890.0
pa	0.0	0.0	2233.0	0.0	0.0	0.0	0.0	c_com4-replicate-1	2233.0
pb1	0.0	0.0	2341.0	0.0	0.0	0.0	0.0	c_com4-replicate-1	2341.0
pb2	0.0	0.0	2341.0	0.0	0.0	0.0	0.0	c_com4-replicate-1	2341.0
ha	0.1204954954954955	0.0	1749.0	27.0	0.0	0.0	0.0	c_com4-replicate-2	1776.0
mp	0.0	0.0	1027.0	0.0	0.0	0.0	0.0	c_com4-replicate-2	1027.0
na	0.0	0.0	1457.0	0.0	0.0	0.0	0.0	c_com4-replicate-2	1457.0
np	0.0	0.0	1565.0	0.0	0.0	0.0	0.0	c_com4-replicate-2	1565.0
ns	0.1505617977528089	0.0	756.0	134.0	0.0	0.0	0.0	c_com4-replicate-2	890.0
pa	0.0	0.0	2233.0	0.0	0.0	0.0	0.0	c_com4-replicate-2	2233.0
pb1	0.0	0.0	2341.0	0.0	0.0	0.0	0.0	c_com4-replicate-2	2341.0
pb2	0.0	0.0	2341.0	0.0	0.0	0.0	0.0	c_com4-replicate-2	2341.0
ha	8608.140202702703	8665.5	0.0	0.0	0.0	1.0	1775.0	c_com5-replicate-1	1776.0
mp	329.40506329113924	314.0	0.0	1.0	22.0	1004.0	0.0	c_com5-replicate-1	1027.0
na	4386.0	4269.0	0.0	0.0	0.0	26.0	1431.0	c_com5-replicate-1	1457.0
np	1203.5757188498403	1216.0	0.0	0.0	1.0	319.0	1245.0	c_com5-replicate-1	1565.0
ns	5595.648314606741	5755.5	0.0	0.0	0.0	15.0	875.0	c_com5-replicate-1	890.0
pa	5360.010747872817	5137.0	0.0	0.0	0.0	7.0	2226.0	c_com5-replicate-1	2233.0
pb1	7110.195642887655	6709.0	0.0	0.0	0.0	1.0	2340.0	c_com5-replicate-1	2341.0
pb2	6228.162323793251	6001.0	0.0	0.0	1.0	16.0	2324.0	c_com5-replicate-1	2341.0
ha	6646.0	6736.5	0.0	0.0	0.0	1.0	1775.0	c_com5-replicate-2	1776.0
mp	244.9016553067186	241.0	0.0	5.0	56.0	966.0	0.0	c_com5-replicate-2	1027.0
na	3831.6829100892246	3915.0	0.0	0.0	0.0	64.0	1393.0	c_com5-replicate-2	1457.0
np	1192.9904153354632	1193.0	0.0	1.0	4.0	195.0	1365.0	c_com5-replicate-2	1565.0
ns	6132.515730337079	6583.0	0.0	0.0	1.0	22.0	867.0	c_com5-replicate-2	890.0
pa	4741.488132557098	4818.0	0.0	0.0	0.0	16.0	2217.0	c_com5-replicate-2	2233.0
pb1	9329.763776164033	8833.0	0.0	0.0	0.0	22.0	2319.0	c_com5-replicate-2	2341.0
pb2	9252.972661255872	6914.0	0.0	0.0	0.0	23.0	2318.0	c_com5-replicate-2	2341.0
ha	8242.87331081081	8022.5	0.0	0.0	0.0	1.0	1775.0	c_com6-replicate-1	1776.0
mp	384.842259006816	365.0	0.0	1.0	26.0	1000.0	0.0	c_com6-replicate-1	1027.0
na	6692.46533973919	6358.0	0.0	0.0	0.0	6.0	1451.0	c_com6-replicate-1	1457.0
np	1282.1252396166135	1281.0	0.0	0.0	1.0	172.0	1392.0	c_com6-replicate-1	1565.0
ns	6101.834831460674	6209.5	0.0	0.0	0.0	13.0	877.0	c_com6-replicate-1	890.0
pa	5325.407971339006	5368.0	0.0	0.0	0.0	1.0	2232.0	c_com6-replicate-1	2233.0
pb1	8381.936779154208	7996.0	0.0	0.0	0.0	1.0	2340.0	c_com6-replicate-1	2341.0
pb2	6380.758650149509	6164.0	0.0	0.0	1.0	16.0	2324.0	c_com6-replicate-1	2341.0
ha	10873.887950450451	11029.0	0.0	0.0	0.0	1.0	1775.0	c_com6-replicate-2	1776.0
mp	246.2288218111003	252.0	0.0	5.0	74.0	948.0	0.0	c_com6-replicate-2	1027.0
na	5258.2010981468775	5383.0	0.0	0.0	0.0	36.0	1421.0	c_com6-replicate-2	1457.0
np	1648.4862619808307	1684.0	0.0	1.0	0.0	72.0	1492.0	c_com6-replicate-2	1565.0
ns	10989.603370786515	11890.5	0.0	0.0	0.0	7.0	883.0	c_com6-replicate-2	890.0
pa	6425.695029108822	5508.0	0.0	0.0	1.0	17.0	2215.0	c_com6-replicate-2	2233.0
pb1	9735.51986330628	9063.0	0.0	0.0	0.0	1.0	2340.0	c_com6-replicate-2	2341.0
pb2	4312.226826142674	4337.0	0.0	1.0	0.0	153.0	2187.0	c_com6-replicate-2	2341.0
ha	6036.66722972973	5935.0	0.0	0.0	0.0	1.0	1775.0	c_lbm10-replicate-1	1776.0
mp	254.87439143135344	253.0	0.0	1.0	28.0	998.0	0.0	c_lbm10-replicate-1	1027.0
na	2752.646533973919	2783.0	0.0	0.0	0.0	61.0	1396.0	c_lbm10-replicate-1	1457.0
np	1129.717571884984	1189.0	0.0	1.0	10.0	447.0	1107.0	c_lbm10-replicate-1	1565.0
ns	5563.162921348315	5686.0	0.0	0.0	0.0	11.0	879.0	c_lbm10-replicate-1	890.0
pa	4427.191222570533	4248.0	0.0	0.0	0.0	11.0	2222.0	c_lbm10-replicate-1	2233.0
pb1	6441.186672362238	6189.0	0.0	0.0	0.0	1.0	2340.0	c_lbm10-replicate-1	2341.0
pb2	4985.819307988039	4038.0	0.0	0.0	0.0	25.0	2316.0	c_lbm10-replicate-1	2341.0
ha	6674.007882882883	6734.5	0.0	0.0	0.0	1.0	1775.0	c_lbm10-replicate-2	1776.0
mp	264.4965920155794	274.0	0.0	1.0	50.0	976.0	0.0	c_lbm10-replicate-2	1027.0
na	3527.9505833905287	3547.0	0.0	0.0	0.0	33.0	1424.0	c_lbm10-replicate-2	1457.0
np	1026.2715654952076	1056.0	0.0	1.0	4.0	571.0	989.0	c_lbm10-replicate-2	1565.0
ns	5150.279775280899	5258.0	0.0	0.0	0.0	8.0	882.0	c_lbm10-replicate-2	890.0
pa	4293.418271383789	4534.0	0.0	0.0	0.0	18.0	2215.0	c_lbm10-replicate-2	2233.0
pb1	6210.771892353695	5942.0	0.0	0.0	0.0	1.0	2340.0	c_lbm10-replicate-2	2341.0
pb2	4206.212302434857	4207.0	0.0	0.0	0.0	17.0	2324.0	c_lbm10-replicate-2	2341.0
ha	5415.315878378378	5355.0	0.0	0.0	5.0	740.0	1031.0	c_lbm11-replicate-1	1776.0
mp	6.628042843232716	6.0	24.0	1003.0	0.0	0.0	0.0	c_lbm11-replicate-1	1027.0
na	11.01372683596431	8.0	64.0	1256.0	137.0	0.0	0.0	c_lbm11-replicate-1	1457.0
np	12.932268370607028	11.0	43.0	1282.0	240.0	0.0	0.0	c_lbm11-replicate-1	1565.0
ns	9888.639325842696	10353.0	0.0	0.0	0.0	1.0	889.0	c_lbm11-replicate-1	890.0
pa	6723.987908643081	8955.0	0.0	451.0	522.0	8.0	1252.0	c_lbm11-replicate-1	2233.0
pb1	2656.370354549338	508.0	0.0	0.0	22.0	1234.0	1085.0	c_lbm11-replicate-1	2341.0
pb2	1846.683895771038	1777.0	389.0	706.0	0.0	28.0	1218.0	c_lbm11-replicate-1	2341.0
ha	7391.418355855856	6590.0	0.0	0.0	5.0	228.0	1543.0	c_lbm11-replicate-2	1776.0
mp	8.57935735150925	1.0	442.0	426.0	159.0	0.0	0.0	c_lbm11-replicate-2	1027.0
na	29.94783802333562	21.0	114.0	667.0	676.0	0.0	0.0	c_lbm11-replicate-2	1457.0
np	0.2338658146964856	0.0	1255.0	310.0	0.0	0.0	0.0	c_lbm11-replicate-2	1565.0
ns	741.7011235955056	747.5	0.0	0.0	5.0	703.0	182.0	c_lbm11-replicate-2	890.0
pa	2737.1504702194356	3408.0	0.0	698.0	4.0	308.0	1223.0	c_lbm11-replicate-2	2233.0
pb1	7539.065783853054	310.0	0.0	8.0	63.0	1180.0	1090.0	c_lbm11-replicate-2	2341.0
pb2	1.1982058949167025	0.0	1208.0	1133.0	0.0	0.0	0.0	c_lbm11-replicate-2	2341.0
ha	5125.156531531532	5236.5	0.0	0.0	1.0	14.0	1761.0	c_lbm1-replicate-1	1776.0
mp	42.22687439143135	43.0	0.0	134.0	893.0	0.0	0.0	c_lbm1-replicate-1	1027.0
na	1863.7982155113243	1922.0	0.0	0.0	1.0	133.0	1323.0	c_lbm1-replicate-1	1457.0
np	513.2760383386582	483.0	0.0	5.0	27.0	1533.0	0.0	c_lbm1-replicate-1	1565.0
ns	2563.3280898876405	2779.0	0.0	0.0	1.0	50.0	839.0	c_lbm1-replicate-1	890.0
pa	2227.1365875503807	2644.0	0.0	0.0	4.0	1007.0	1222.0	c_lbm1-replicate-1	2233.0
pb1	5327.027338744127	5312.0	0.0	0.0	0.0	45.0	2296.0	c_lbm1-replicate-1	2341.0
pb2	779.2964545066211	918.0	965.0	4.0	15.0	218.0	1139.0	c_lbm1-replicate-1	2341.0
ha	29467.18918918919	27383.0	0.0	0.0	0.0	0.0	1776.0	c_lbm1-replicate-2	1776.0
mp	237.40116845180137	227.0	0.0	1.0	79.0	947.0	0.0	c_lbm1-replicate-2	1027.0
na	4970.431022649279	4940.0	0.0	0.0	0.0	25.0	1432.0	c_lbm1-replicate-2	1457.0
np	1573.688817891374	1425.0	0.0	0.0	1.0	87.0	1477.0	c_lbm1-replicate-2	1565.0
ns	16637.134831460673	16350.5	0.0	0.0	0.0	1.0	889.0	c_lbm1-replicate-2	890.0
pa	6922.636811464397	8543.0	0.0	0.0	6.0	973.0	1254.0	c_lbm1-replicate-2	2233.0
pb1	13593.53225117471	12333.0	0.0	0.0	0.0	1.0	2340.0	c_lbm1-replicate-2	2341.0
pb2	11497.025630072618	8653.0	0.0	0.0	0.0	1.0	2340.0	c_lbm1-replicate-2	2341.0
ha	8903.804617117117	5889.5	0.0	0.0	4.0	817.0	955.0	c_lbm2-replicate-1	1776.0
mp	242.87049659201557	242.0	0.0	1.0	54.0	972.0	0.0	c_lbm2-replicate-1	1027.0
na	275.2463967055594	282.0	0.0	26.0	61.0	1370.0	0.0	c_lbm2-replicate-1	1457.0
np	1901.911821086262	1814.0	0.0	0.0	1.0	55.0	1509.0	c_lbm2-replicate-1	1565.0
ns	30603.69213483146	28466.0	0.0	0.0	0.0	0.0	890.0	c_lbm2-replicate-1	890.0
pa	2574.193013882669	3184.0	704.0	269.0	1.0	42.0	1217.0	c_lbm2-replicate-1	2233.0
pb1	2803.208457923964	2034.0	0.0	0.0	0.0	139.0	2202.0	c_lbm2-replicate-1	2341.0
pb2	2039.9760785988897	1279.0	0.0	1.0	34.0	1111.0	1195.0	c_lbm2-replicate-1	2341.0
ha	10101.99436936937	8319.0	0.0	0.0	0.0	1.0	1775.0	c_lbm2-replicate-2	1776.0
mp	61.428432327166504	64.0	0.0	63.0	938.0	26.0	0.0	c_lbm2-replicate-2	1027.0
na	1303.9732326698695	1168.0	0.0	0.0	0.0	321.0	1136.0	c_lbm2-replicate-2	1457.0
np	194.882428115016	204.0	0.0	27.0	46.0	1492.0	0.0	c_lbm2-replicate-2	1565.0
ns	8655.042696629214	9073.5	0.0	0.0	0.0	1.0	889.0	c_lbm2-replicate-2	890.0
pa	4919.724137931034	5959.0	970.0	3.0	0.0	12.0	1248.0	c_lbm2-replicate-2	2233.0
pb1	6693.57197778727	3781.0	0.0	0.0	0.0	9.0	2332.0	c_lbm2-replicate-2	2341.0
pb2	3689.3250747543784	2837.0	0.0	0.0	20.0	1086.0	1235.0	c_lbm2-replicate-2	2341.0
ha	21790.005630630632	13749.0	0.0	0.0	0.0	1.0	1775.0	c_lbm3-replicate-1	1776.0
mp	5.24537487828627	4.0	15.0	1012.0	0.0	0.0	0.0	c_lbm3-replicate-1	1027.0
na	33.15991763898421	33.0	2.0	625.0	830.0	0.0	0.0	c_lbm3-replicate-1	1457.0
np	68.27795527156549	69.0	0.0	55.0	1380.0	130.0	0.0	c_lbm3-replicate-1	1565.0
ns	24948.139325842694	21682.5	0.0	0.0	0.0	1.0	889.0	c_lbm3-replicate-1	890.0
pa	3513.291983878191	4342.0	0.0	24.0	741.0	237.0	1231.0	c_lbm3-replicate-1	2233.0
pb1	7484.245621529261	1157.0	0.0	0.0	1.0	923.0	1417.0	c_lbm3-replicate-1	2341.0
pb2	319.5155916275096	272.0	0.0	2.0	58.0	2281.0	0.0	c_lbm3-replicate-1	2341.0
ha	9559.387950450451	8289.5	0.0	0.0	0.0	23.0	1753.0	c_lbm3-replicate-2	1776.0
mp	178.64654333008764	189.0	0.0	1.0	96.0	930.0	0.0	c_lbm3-replicate-2	1027.0
na	33.20658888126287	7.0	14.0	1122.0	90.0	231.0	0.0	c_lbm3-replicate-2	1457.0
np	1407.726517571885	1477.0	0.0	1.0	0.0	170.0	1394.0	c_lbm3-replicate-2	1565.0
ns	34811.39887640449	35796.5	0.0	0.0	0.0	1.0	889.0	c_lbm3-replicate-2	890.0
pa	3092.523063143753	3790.0	35.0	935.0	4.0	20.0	1239.0	c_lbm3-replicate-2	2233.0
pb1	4325.818880820162	1311.0	0.0	0.0	0.0	595.0	1746.0	c_lbm3-replicate-2	2341.0
pb2	3719.807347287484	3373.0	0.0	11.0	857.0	238.0	1235.0	c_lbm3-replicate-2	2341.0
ha	6185.992117117117	5434.5	0.0	0.0	0.0	6.0	1770.0	c_lbm4-replicate-2	1776.0
mp	68.99318403115872	68.0	1.0	50.0	853.0	123.0	0.0	c_lbm4-replicate-2	1027.0
na	453.6170212765957	467.0	0.0	2.0	60.0	1395.0	0.0	c_lbm4-replicate-2	1457.0
np	135.61597444089458	140.0	0.0	28.0	154.0	1383.0	0.0	c_lbm4-replicate-2	1565.0
ns	3497.66404494382	3517.0	0.0	0.0	1.0	23.0	866.0	c_lbm4-replicate-2	890.0
pa	4588.165696372593	5410.0	0.0	389.0	584.0	13.0	1247.0	c_lbm4-replicate-2	2233.0
pb1	6214.27680478428	2836.0	0.0	0.0	0.0	20.0	2321.0	c_lbm4-replicate-2	2341.0
pb2	5162.197351559163	4399.0	0.0	0.0	0.0	454.0	1887.0	c_lbm4-replicate-2	2341.0
ha	9707.81813063063	8913.5	0.0	0.0	0.0	1.0	1775.0	c_lbm5-replicate-1	1776.0
mp	190.59104186952288	190.0	0.0	1.0	54.0	972.0	0.0	c_lbm5-replicate-1	1027.0
na	6679.170212765957	6394.0	0.0	0.0	0.0	25.0	1432.0	c_lbm5-replicate-1	1457.0
np	1110.819808306709	1116.0	0.0	1.0	12.0	493.0	1059.0	c_lbm5-replicate-1	1565.0
ns	6388.867415730337	6651.0	0.0	0.0	0.0	3.0	887.0	c_lbm5-replicate-1	890.0
pa	6312.412449619346	6589.0	0.0	0.0	0.0	1.0	2232.0	c_lbm5-replicate-1	2233.0
pb1	6352.232806492952	5758.0	0.0	0.0	0.0	1.0	2340.0	c_lbm5-replicate-1	2341.0
pb2	7081.877829987185	6553.0	0.0	0.0	0.0	2.0	2339.0	c_lbm5-replicate-1	2341.0
ha	9964.989864864863	10026.5	0.0	0.0	0.0	1.0	1775.0	c_lbm5-replicate-2	1776.0
mp	282.73222979552094	273.0	0.0	1.0	30.0	996.0	0.0	c_lbm5-replicate-2	1027.0
na	8502.474262182566	8515.0	0.0	0.0	0.0	6.0	1451.0	c_lbm5-replicate-2	1457.0
np	1641.1035143769968	1720.0	0.0	0.0	1.0	66.0	1498.0	c_lbm5-replicate-2	1565.0
ns	7903.340449438202	8111.0	0.0	0.0	0.0	2.0	888.0	c_lbm5-replicate-2	890.0
pa	7665.51500223914	7701.0	0.0	0.0	0.0	1.0	2232.0	c_lbm5-replicate-2	2233.0
pb1	9708.221272960274	8972.0	0.0	0.0	0.0	1.0	2340.0	c_lbm5-replicate-2	2341.0
pb2	7310.86159760786	7188.0	0.0	0.0	0.0	5.0	2336.0	c_lbm5-replicate-2	2341.0
ha	14158.112612612613	12785.0	0.0	0.0	0.0	1.0	1775.0	c_lbm6-replicate-1	1776.0
mp	51.40116845180136	51.0	1.0	53.0	973.0	0.0	0.0	c_lbm6-replicate-1	1027.0
na	4931.790665751544	5033.0	0.0	0.0	0.0	41.0	1416.0	c_lbm6-replicate-1	1457.0
np	2703.1297124600637	2819.0	0.0	0.0	1.0	34.0	1530.0	c_lbm6-replicate-1	1565.0
ns	32661.796629213484	32966.5	0.0	0.0	0.0	0.0	890.0	c_lbm6-replicate-1	890.0
pa	5557.090461262875	7199.0	0.0	0.0	0.0	204.0	2029.0	c_lbm6-replicate-1	2233.0
pb1	9414.859888936351	8346.0	0.0	0.0	0.0	1.0	2340.0	c_lbm6-replicate-1	2341.0
pb2	4267.185818026484	3112.0	0.0	0.0	0.0	29.0	2312.0	c_lbm6-replicate-1	2341.0
ha	7678.245495495496	7906.5	0.0	0.0	0.0	1.0	1775.0	c_lbm6-replicate-2	1776.0
mp	31.356377799415775	32.0	0.0	293.0	734.0	0.0	0.0	c_lbm6-replicate-2	1027.0
na	9807.039121482498	10044.0	0.0	0.0	0.0	9.0	1448.0	c_lbm6-replicate-2	1457.0
np	228.18785942492013	233.0	0.0	11.0	45.0	1509.0	0.0	c_lbm6-replicate-2	1565.0
ns	2842.0561797752807	2998.0	0.0	0.0	1.0	38.0	851.0	c_lbm6-replicate-2	890.0
pa	5136.624272279445	5439.0	0.0	0.0	0.0	12.0	2221.0	c_lbm6-replicate-2	2233.0
pb1	6701.771892353695	6325.0	0.0	0.0	0.0	5.0	2336.0	c_lbm6-replicate-2	2341.0
pb2	4967.601025202905	4205.0	0.0	0.0	0.0	25.0	2316.0	c_lbm6-replicate-2	2341.0
ha	10171.719031531533	9307.5	0.0	0.0	0.0	1.0	1775.0	c_lbm7-replicate-1	1776.0
mp	189.81012658227849	183.0	0.0	5.0	83.0	939.0	0.0	c_lbm7-replicate-1	1027.0
na	7553.689773507206	7291.0	0.0	0.0	0.0	15.0	1442.0	c_lbm7-replicate-1	1457.0
np	866.423642172524	909.0	0.0	0.0	1.0	1038.0	526.0	c_lbm7-replicate-1	1565.0
ns	5916.878651685393	5944.0	0.0	0.0	0.0	1.0	889.0	c_lbm7-replicate-1	890.0
pa	5053.4648454993285	4803.0	0.0	0.0	0.0	8.0	2225.0	c_lbm7-replicate-1	2233.0
pb1	5828.074327210594	4770.0	0.0	0.0	0.0	20.0	2321.0	c_lbm7-replicate-1	2341.0
pb2	5245.871849636907	4909.0	0.0	0.0	0.0	5.0	2336.0	c_lbm7-replicate-1	2341.0
ha	3141.3941441441443	3089.0	0.0	0.0	0.0	17.0	1759.0	c_lbm7-replicate-2	1776.0
mp	76.94157740993184	77.0	0.0	41.0	821.0	165.0	0.0	c_lbm7-replicate-2	1027.0
na	19837.529855868223	20751.0	0.0	0.0	0.0	1.0	1456.0	c_lbm7-replicate-2	1457.0
np	457.50862619808305	481.0	0.0	1.0	28.0	1536.0	0.0	c_lbm7-replicate-2	1565.0
ns	2283.6853932584268	2400.5	0.0	0.0	1.0	55.0	834.0	c_lbm7-replicate-2	890.0
pa	2348.478728168383	2565.0	0.0	0.0	0.0	189.0	2044.0	c_lbm7-replicate-2	2233.0
pb1	2572.826997009825	2062.0	0.0	0.0	0.0	45.0	2296.0	c_lbm7-replicate-2	2341.0
pb2	3419.9517300299017	3402.0	0.0	0.0	0.0	20.0	2321.0	c_lbm7-replicate-2	2341.0
ha	8562.773085585586	8326.0	0.0	0.0	0.0	1.0	1775.0	c_lbm8-replicate-1	1776.0
mp	40.53261927945472	40.0	0.0	87.0	940.0	0.0	0.0	c_lbm8-replicate-1	1027.0
na	4748.691832532601	4583.0	0.0	0.0	0.0	30.0	1427.0	c_lbm8-replicate-1	1457.0
np	375.86837060702874	391.0	0.0	1.0	29.0	1535.0	0.0	c_lbm8-replicate-1	1565.0
ns	7377.734831460674	7300.5	0.0	0.0	0.0	1.0	889.0	c_lbm8-replicate-1	890.0
pa	3673.371697268249	4096.0	0.0	0.0	0.0	286.0	1947.0	c_lbm8-replicate-1	2233.0
pb1	5190.519008970526	4409.0	0.0	0.0	0.0	27.0	2314.0	c_lbm8-replicate-1	2341.0
pb2	3889.075608714225	2785.0	0.0	0.0	0.0	38.0	2303.0	c_lbm8-replicate-1	2341.0
ha	14533.216216216217	12909.5	0.0	0.0	0.0	1.0	1775.0	c_lbm8-replicate-2	1776.0
mp	324.67185978578385	312.0	0.0	1.0	21.0	1005.0	0.0	c_lbm8-replicate-2	1027.0
na	5180.691146190803	5239.0	0.0	0.0	0.0	20.0	1437.0	c_lbm8-replicate-2	1457.0
np	4642.032587859425	4408.0	0.0	0.0	0.0	13.0	1552.0	c_lbm8-replicate-2	1565.0
ns	51358.29775280899	45116.5	0.0	0.0	0.0	0.0	890.0	c_lbm8-replicate-2	890.0
pa	5128.700850873264	6540.0	0.0	0.0	6.0	974.0	1253.0	c_lbm8-replicate-2	2233.0
pb1	7541.885091841093	6791.0	0.0	0.0	0.0	5.0	2336.0	c_lbm8-replicate-2	2341.0
pb2	2232.3942759504484	2033.0	0.0	0.0	1.0	154.0	2186.0	c_lbm8-replicate-2	2341.0
ha	5511.845157657658	5014.0	0.0	0.0	0.0	5.0	1771.0	c_lbm9-replicate-1	1776.0
mp	117.55988315481986	119.0	0.0	28.0	330.0	669.0	0.0	c_lbm9-replicate-1	1027.0
na	2886.9217570350033	2884.0	0.0	0.0	0.0	70.0	1387.0	c_lbm9-replicate-1	1457.0
np	626.9431309904153	609.0	0.0	5.0	24.0	1536.0	0.0	c_lbm9-replicate-1	1565.0
ns	7645.649438202247	8049.5	0.0	0.0	0.0	5.0	885.0	c_lbm9-replicate-1	890.0
pa	4709.5315718763995	5480.0	0.0	0.0	0.0	40.0	2193.0	c_lbm9-replicate-1	2233.0
pb1	6816.850918410935	5875.0	0.0	0.0	0.0	1.0	2340.0	c_lbm9-replicate-1	2341.0
pb2	4703.310123878684	3730.0	0.0	0.0	0.0	33.0	2308.0	c_lbm9-replicate-1	2341.0
ha	7766.225225225226	7742.0	0.0	0.0	0.0	1.0	1775.0	c_lbm9-replicate-2	1776.0
mp	95.37487828627069	89.0	0.0	13.0	643.0	371.0	0.0	c_lbm9-replicate-2	1027.0
na	2200.270418668497	2298.0	0.0	0.0	1.0	86.0	1370.0	c_lbm9-replicate-2	1457.0
np	585.6869009584665	571.0	0.0	1.0	20.0	1544.0	0.0	c_lbm9-replicate-2	1565.0
ns	8101.620224719101	8529.0	0.0	0.0	0.0	1.0	889.0	c_lbm9-replicate-2	890.0
pa	4205.566950291088	4762.0	0.0	0.0	0.0	35.0	2198.0	c_lbm9-replicate-2	2233.0
pb1	6104.093549765058	5080.0	0.0	0.0	0.0	1.0	2340.0	c_lbm9-replicate-2	2341.0
pb2	5277.920119607005	4064.0	0.0	0.0	0.0	11.0	2330.0	c_lbm9-replicate-2	2341.0
ha	16862.35304054054	16212.5	0.0	0.0	0.0	1.0	1775.0	cb_com1-replicate-1	1776.0
mp	1902.106134371957	2049.0	0.0	0.0	1.0	103.0	923.0	cb_com1-replicate-1	1027.0
na	2499.29993136582	2609.0	0.0	0.0	1.0	95.0	1361.0	cb_com1-replicate-1	1457.0
np	3307.8217252396166	3504.0	0.0	0.0	1.0	44.0	1520.0	cb_com1-replicate-1	1565.0
ns	15423.124719101124	17907.0	0.0	0.0	0.0	1.0	889.0	cb_com1-replicate-1	890.0
pa	11270.709359605911	11630.0	0.0	0.0	0.0	5.0	2228.0	cb_com1-replicate-1	2233.0
pb1	7709.766339171294	3127.0	0.0	0.0	0.0	19.0	2322.0	cb_com1-replicate-1	2341.0
pb2	8068.316958564716	7321.0	0.0	0.0	0.0	21.0	2320.0	cb_com1-replicate-1	2341.0
ha	10680.23367117117	11040.5	0.0	0.0	0.0	1.0	1775.0	cb_com1-replicate-2	1776.0
mp	387.0584225900682	404.0	0.0	1.0	31.0	995.0	0.0	cb_com1-replicate-2	1027.0
na	593.8146877144818	629.0	0.0	1.0	14.0	1442.0	0.0	cb_com1-replicate-2	1457.0
np	3566.511821086262	3757.0	0.0	0.0	1.0	29.0	1535.0	cb_com1-replicate-2	1565.0
ns	18828.76629213483	20829.0	0.0	0.0	0.0	1.0	889.0	cb_com1-replicate-2	890.0
pa	11985.132557098072	11835.0	0.0	0.0	0.0	1.0	2232.0	cb_com1-replicate-2	2233.0
pb1	14716.629218282786	9315.0	0.0	0.0	0.0	0.0	2341.0	cb_com1-replicate-2	2341.0
pb2	6849.590773173857	6672.0	0.0	0.0	0.0	11.0	2330.0	cb_com1-replicate-2	2341.0
ha	11589.221846846847	10951.0	0.0	0.0	0.0	1.0	1775.0	cb_com2-replicate-1	1776.0
mp	304.3680623174294	311.0	0.0	1.0	47.0	979.0	0.0	cb_com2-replicate-1	1027.0
na	3873.0871654083735	3984.0	0.0	0.0	0.0	38.0	1419.0	cb_com2-replicate-1	1457.0
np	1801.094568690096	1908.0	0.0	1.0	4.0	88.0	1472.0	cb_com2-replicate-1	1565.0
ns	12472.508988764044	14815.5	0.0	0.0	0.0	15.0	875.0	cb_com2-replicate-1	890.0
pa	11059.378862516793	11190.0	0.0	0.0	0.0	5.0	2228.0	cb_com2-replicate-1	2233.0
pb1	8949.786843229389	7054.0	0.0	0.0	0.0	1.0	2340.0	cb_com2-replicate-1	2341.0
pb2	5537.768902178556	5092.0	0.0	0.0	1.0	40.0	2300.0	cb_com2-replicate-1	2341.0
ha	9905.54054054054	9546.0	0.0	0.0	0.0	1.0	1775.0	cb_com2-replicate-2	1776.0
mp	341.46153846153845	368.0	0.0	1.0	56.0	970.0	0.0	cb_com2-replicate-2	1027.0
na	6140.299245024022	5960.0	0.0	0.0	0.0	15.0	1442.0	cb_com2-replicate-2	1457.0
np	2686.378913738019	2879.0	0.0	0.0	1.0	44.0	1520.0	cb_com2-replicate-2	1565.0
ns	22139.324719101125	25262.0	0.0	0.0	0.0	1.0	889.0	cb_com2-replicate-2	890.0
pa	5572.944021495746	5564.0	0.0	0.0	0.0	8.0	2225.0	cb_com2-replicate-2	2233.0
pb1	10412.770610850064	9818.0	0.0	0.0	0.0	1.0	2340.0	cb_com2-replicate-2	2341.0
pb2	6594.68218709953	6523.0	0.0	0.0	0.0	19.0	2322.0	cb_com2-replicate-2	2341.0
ha	14601.489864864863	13845.5	0.0	0.0	0.0	1.0	1775.0	cb_com3-replicate-1	1776.0
mp	96.52288218111003	102.0	0.0	40.0	439.0	548.0	0.0	cb_com3-replicate-1	1027.0
na	6883.401509951956	6597.0	0.0	0.0	0.0	15.0	1442.0	cb_com3-replicate-1	1457.0
np	394.47923322683704	411.0	0.0	1.0	38.0	1526.0	0.0	cb_com3-replicate-1	1565.0
ns	22381.13146067416	25256.5	0.0	0.0	0.0	1.0	889.0	cb_com3-replicate-1	890.0
pa	9975.180474697716	9859.0	0.0	0.0	0.0	1.0	2232.0	cb_com3-replicate-1	2233.0
pb1	7951.023494233234	5975.0	0.0	0.0	0.0	1.0	2340.0	cb_com3-replicate-1	2341.0
pb2	22599.06749252456	22019.0	0.0	0.0	18.0	1077.0	1246.0	cb_com3-replicate-1	2341.0
ha	18241.331644144146	17787.0	0.0	0.0	0.0	1.0	1775.0	cb_com3-replicate-2	1776.0
mp	208.7682570593963	221.0	0.0	2.0	76.0	949.0	0.0	cb_com3-replicate-2	1027.0
na	7507.27316403569	7286.0	0.0	0.0	0.0	4.0	1453.0	cb_com3-replicate-2	1457.0
np	1593.78785942492	1698.0	0.0	0.0	1.0	85.0	1479.0	cb_com3-replicate-2	1565.0
ns	37428.722471910114	37400.5	0.0	0.0	0.0	0.0	890.0	cb_com3-replicate-2	890.0
pa	8387.443797581729	8216.0	0.0	0.0	0.0	1.0	2232.0	cb_com3-replicate-2	2233.0
pb1	11037.93378897907	8771.0	0.0	0.0	0.0	1.0	2340.0	cb_com3-replicate-2	2341.0
pb2	9810.413925672789	10031.0	0.0	0.0	0.0	5.0	2336.0	cb_com3-replicate-2	2341.0
ha	22181.840653153155	17984.0	0.0	0.0	0.0	0.0	1776.0	cb_com4-replicate-1	1776.0
mp	63.1333982473223	67.0	1.0	85.0	936.0	5.0	0.0	cb_com4-replicate-1	1027.0
na	6293.190803019904	6121.0	0.0	0.0	0.0	5.0	1452.0	cb_com4-replicate-1	1457.0
np	194.86453674121407	206.0	0.0	5.0	65.0	1495.0	0.0	cb_com4-replicate-1	1565.0
ns	28643.304494382024	30989.0	0.0	0.0	0.0	1.0	889.0	cb_com4-replicate-1	890.0
pa	9890.989699955217	9852.0	0.0	0.0	0.0	1.0	2232.0	cb_com4-replicate-1	2233.0
pb1	5736.555318240068	4527.0	0.0	0.0	0.0	23.0	2318.0	cb_com4-replicate-1	2341.0
pb2	22973.51003844511	22302.0	0.0	10.0	33.0	1052.0	1246.0	cb_com4-replicate-1	2341.0
ha	15160.949324324323	14963.0	0.0	0.0	0.0	1.0	1775.0	cb_com4-replicate-2	1776.0
mp	197.2015579357351	203.0	0.0	8.0	85.0	934.0	0.0	cb_com4-replicate-2	1027.0
na	7938.347975291696	7886.0	0.0	0.0	0.0	4.0	1453.0	cb_com4-replicate-2	1457.0
np	671.476677316294	720.0	0.0	1.0	26.0	1538.0	0.0	cb_com4-replicate-2	1565.0
ns	21573.45617977528	24252.5	0.0	0.0	0.0	1.0	889.0	cb_com4-replicate-2	890.0
pa	9838.50515002239	9791.0	0.0	0.0	0.0	1.0	2232.0	cb_com4-replicate-2	2233.0
pb1	11349.095685604443	8946.0	0.0	0.0	0.0	1.0	2340.0	cb_com4-replicate-2	2341.0
pb2	9876.551473729176	9765.0	0.0	0.0	0.0	11.0	2330.0	cb_com4-replicate-2	2341.0
ha	10647.157094594597	9438.0	0.0	0.0	0.0	1.0	1775.0	ckr_com1-replicate-1	1776.0
mp	306.45472249269716	306.0	0.0	1.0	27.0	999.0	0.0	ckr_com1-replicate-1	1027.0
na	4946.175703500343	4962.0	75.0	2.0	0.0	25.0	1355.0	ckr_com1-replicate-1	1457.0
np	1085.176996805112	1114.0	0.0	0.0	1.0	574.0	990.0	ckr_com1-replicate-1	1565.0
ns	6886.376404494382	6805.5	0.0	0.0	0.0	1.0	889.0	ckr_com1-replicate-1	890.0
pa	5494.686072548142	5592.0	0.0	0.0	0.0	1.0	2232.0	ckr_com1-replicate-1	2233.0
pb1	6623.80222127296	6450.0	0.0	0.0	0.0	1.0	2340.0	ckr_com1-replicate-1	2341.0
pb2	5748.559589918838	5738.0	0.0	0.0	0.0	14.0	2327.0	ckr_com1-replicate-1	2341.0
ha	5933.0996621621625	5481.5	0.0	0.0	0.0	1.0	1775.0	ckr_com1-replicate-2	1776.0
mp	215.6222005842259	223.0	0.0	7.0	63.0	957.0	0.0	ckr_com1-replicate-2	1027.0
na	3194.2656142759092	3339.0	75.0	5.0	0.0	72.0	1305.0	ckr_com1-replicate-2	1457.0
np	669.882428115016	684.0	0.0	1.0	26.0	1538.0	0.0	ckr_com1-replicate-2	1565.0
ns	3636.216853932584	3877.0	0.0	0.0	1.0	47.0	842.0	ckr_com1-replicate-2	890.0
pa	3276.3399014778324	3486.0	0.0	0.0	0.0	17.0	2216.0	ckr_com1-replicate-2	2233.0
pb1	3677.5014950875698	3313.0	0.0	0.0	0.0	33.0	2308.0	ckr_com1-replicate-2	2341.0
pb2	2336.0128150363093	2340.0	0.0	0.0	1.0	96.0	2244.0	ckr_com1-replicate-2	2341.0
ha	7296.655968468468	7022.5	0.0	0.0	0.0	1.0	1775.0	ckr_com2-replicate-1	1776.0
mp	313.0	326.0	0.0	1.0	22.0	1004.0	0.0	ckr_com2-replicate-1	1027.0
na	3368.481125600549	3631.0	74.0	6.0	0.0	69.0	1308.0	ckr_com2-replicate-1	1457.0
np	1028.964217252396	1012.0	0.0	1.0	4.0	732.0	828.0	ckr_com2-replicate-1	1565.0
ns	5975.862921348315	6324.5	0.0	0.0	0.0	17.0	873.0	ckr_com2-replicate-1	890.0
pa	3384.0434393193013	3332.0	0.0	0.0	0.0	12.0	2221.0	ckr_com2-replicate-1	2233.0
pb1	10127.343870140963	9237.0	0.0	0.0	0.0	5.0	2336.0	ckr_com2-replicate-1	2341.0
pb2	4773.649295173003	4732.0	0.0	0.0	0.0	25.0	2316.0	ckr_com2-replicate-1	2341.0
ha	3459.6193693693695	2769.5	0.0	0.0	0.0	822.0	954.0	ckr_com2-replicate-2	1776.0
mp	509.6007789678676	552.0	0.0	1.0	22.0	1004.0	0.0	ckr_com2-replicate-2	1027.0
na	4040.058339052848	4500.0	73.0	7.0	0.0	66.0	1311.0	ckr_com2-replicate-2	1457.0
np	1482.2428115015975	1519.0	0.0	1.0	4.0	81.0	1479.0	ckr_com2-replicate-2	1565.0
ns	6004.119101123595	6368.0	0.0	0.0	1.0	27.0	862.0	ckr_com2-replicate-2	890.0
pa	3590.6341244961936	3566.0	0.0	0.0	0.0	17.0	2216.0	ckr_com2-replicate-2	2233.0
pb1	4550.7859888936355	3918.0	0.0	0.0	0.0	27.0	2314.0	ckr_com2-replicate-2	2341.0
pb2	4215.524562152926	4224.0	0.0	0.0	1.0	45.0	2295.0	ckr_com2-replicate-2	2341.0
ha	8543.085585585586	8500.5	0.0	0.0	0.0	1.0	1775.0	ckr_com3-replicate-1	1776.0
mp	222.25608568646544	222.0	0.0	1.0	49.0	977.0	0.0	ckr_com3-replicate-1	1027.0
na	4415.764584763212	4803.0	76.0	4.0	0.0	33.0	1344.0	ckr_com3-replicate-1	1457.0
np	887.6396166134185	930.0	0.0	1.0	9.0	1051.0	504.0	ckr_com3-replicate-1	1565.0
ns	5581.98202247191	6022.5	0.0	0.0	0.0	12.0	878.0	ckr_com3-replicate-1	890.0
pa	5503.607254814151	5736.0	0.0	0.0	0.0	5.0	2228.0	ckr_com3-replicate-1	2233.0
pb1	7284.984194788552	6859.0	0.0	0.0	0.0	27.0	2314.0	ckr_com3-replicate-1	2341.0
pb2	5916.927381460914	5506.0	0.0	0.0	0.0	7.0	2334.0	ckr_com3-replicate-1	2341.0
ha	3445.4870495495497	3478.5	0.0	0.0	0.0	23.0	1753.0	ckr_com3-replicate-2	1776.0
mp	135.460564751704	142.0	0.0	15.0	121.0	891.0	0.0	ckr_com3-replicate-2	1027.0
na	2179.7282086479067	2330.0	76.0	4.0	1.0	198.0	1178.0	ckr_com3-replicate-2	1457.0
np	421.7712460063898	426.0	0.0	5.0	24.0	1536.0	0.0	ckr_com3-replicate-2	1565.0
ns	1954.5404494382024	2117.5	0.0	1.0	3.0	91.0	795.0	ckr_com3-replicate-2	890.0
pa	3684.2001791312136	2939.0	0.0	0.0	1.0	26.0	2206.0	ckr_com3-replicate-2	2233.0
pb1	2167.52968816745	1945.0	0.0	0.0	0.0	102.0	2239.0	ckr_com3-replicate-2	2341.0
pb2	2009.1870995301151	2071.0	0.0	0.0	1.0	117.0	2223.0	ckr_com3-replicate-2	2341.0
ha	6851.957207207207	4984.5	0.0	0.0	0.0	13.0	1763.0	ckr_lbm1-replicate-1	1776.0
mp	63.134371957156766	64.0	0.0	54.0	973.0	0.0	0.0	ckr_lbm1-replicate-1	1027.0
na	66.87851750171585	67.0	1.0	256.0	910.0	290.0	0.0	ckr_lbm1-replicate-1	1457.0
np	415.3667731629393	423.0	0.0	5.0	34.0	1526.0	0.0	ckr_lbm1-replicate-1	1565.0
ns	5473.901123595506	5362.0	0.0	0.0	0.0	10.0	880.0	ckr_lbm1-replicate-1	890.0
pa	1809.1589789520824	2353.0	6.0	967.0	2.0	51.0	1207.0	ckr_lbm1-replicate-1	2233.0
pb1	5284.338744126441	4750.0	0.0	0.0	0.0	31.0	2310.0	ckr_lbm1-replicate-1	2341.0
pb2	454.64459632635624	318.0	0.0	16.0	229.0	1966.0	130.0	ckr_lbm1-replicate-1	2341.0
ha	9738.281531531533	9552.5	0.0	0.0	0.0	1.0	1775.0	ckr_lbm1-replicate-2	1776.0
mp	50.410905550146055	51.0	0.0	106.0	921.0	0.0	0.0	ckr_lbm1-replicate-2	1027.0
na	443.452299245024	399.0	0.0	0.0	12.0	1405.0	40.0	ckr_lbm1-replicate-2	1457.0
np	175.34249201277956	159.0	0.0	15.0	103.0	1447.0	0.0	ckr_lbm1-replicate-2	1565.0
ns	5492.923595505618	5458.0	0.0	0.0	0.0	4.0	886.0	ckr_lbm1-replicate-2	890.0
pa	4815.76354679803	5906.0	0.0	973.0	0.0	13.0	1247.0	ckr_lbm1-replicate-2	2233.0
pb1	3913.154207603588	3514.0	0.0	0.0	0.0	49.0	2292.0	ckr_lbm1-replicate-2	2341.0
pb2	2952.6783425886374	2430.0	0.0	0.0	25.0	1093.0	1223.0	ckr_lbm1-replicate-2	2341.0
ha	1781.1542792792793	168.0	0.0	0.0	54.0	1032.0	690.0	cl_c1-replicate-1	1776.0
mp	238.2171372930867	248.0	0.0	1.0	57.0	969.0	0.0	cl_c1-replicate-1	1027.0
na	8176.150995195608	8169.0	0.0	0.0	0.0	1.0	1456.0	cl_c1-replicate-1	1457.0
np	721.244089456869	741.0	0.0	1.0	18.0	1529.0	17.0	cl_c1-replicate-1	1565.0
ns	11981.286516853932	12480.0	0.0	0.0	0.0	1.0	889.0	cl_c1-replicate-1	890.0
pa	8583.526645768025	7902.0	0.0	0.0	0.0	1.0	2232.0	cl_c1-replicate-1	2233.0
pb1	4733.909013242204	49.0	0.0	836.0	409.0	7.0	1089.0	cl_c1-replicate-1	2341.0
pb2	8561.785988893635	8864.0	0.0	0.0	0.0	1.0	2340.0	cl_c1-replicate-1	2341.0
ha	1451.0208333333333	376.0	0.0	0.0	18.0	1071.0	687.0	cl_c2-replicate-1	1776.0
mp	395.2005842259007	416.0	0.0	1.0	17.0	1009.0	0.0	cl_c2-replicate-1	1027.0
na	9426.004118050789	9429.0	0.0	0.0	0.0	1.0	1456.0	cl_c2-replicate-1	1457.0
np	2025.5009584664535	1979.0	0.0	0.0	1.0	49.0	1515.0	cl_c2-replicate-1	1565.0
ns	9731.029213483143	10084.5	0.0	0.0	0.0	1.0	889.0	cl_c2-replicate-1	890.0
pa	10045.233318405732	7611.0	0.0	0.0	0.0	1.0	2232.0	cl_c2-replicate-1	2233.0
pb1	1578.867150790261	2129.0	0.0	280.0	338.0	244.0	1479.0	cl_c2-replicate-1	2341.0
pb2	8929.683468603162	8592.0	0.0	0.0	0.0	1.0	2340.0	cl_c2-replicate-1	2341.0
ha	7724.489864864865	6087.0	0.0	0.0	0.0	5.0	1771.0	d_com1-replicate-1	1776.0
mp	162.25219084712757	168.0	0.0	5.0	86.0	936.0	0.0	d_com1-replicate-1	1027.0
na	5803.971173644475	6022.0	71.0	6.0	0.0	22.0	1358.0	d_com1-replicate-1	1457.0
np	709.5284345047924	736.0	0.0	1.0	5.0	1559.0	0.0	d_com1-replicate-1	1565.0
ns	5133.771910112359	5309.0	0.0	0.0	0.0	5.0	885.0	d_com1-replicate-1	890.0
pa	5295.035826242723	5465.0	0.0	0.0	0.0	7.0	2226.0	d_com1-replicate-1	2233.0
pb1	5618.690303289192	4250.0	0.0	0.0	0.0	1.0	2340.0	d_com1-replicate-1	2341.0
pb2	6204.322511747117	5104.0	0.0	0.0	0.0	2.0	2339.0	d_com1-replicate-1	2341.0
ha	8470.266891891892	8568.0	0.0	0.0	0.0	1.0	1775.0	d_com1-replicate-2	1776.0
mp	253.3777994157741	261.0	0.0	3.0	69.0	955.0	0.0	d_com1-replicate-2	1027.0
na	3323.7151681537407	3753.0	73.0	7.0	1.0	128.0	1248.0	d_com1-replicate-2	1457.0
np	987.5968051118213	996.0	0.0	1.0	20.0	779.0	765.0	d_com1-replicate-2	1565.0
ns	5125.714606741573	5196.5	0.0	0.0	1.0	25.0	864.0	d_com1-replicate-2	890.0
pa	4750.194805194805	5384.0	0.0	0.0	0.0	27.0	2206.0	d_com1-replicate-2	2233.0
pb1	4167.980350277659	2398.0	0.0	0.0	0.0	12.0	2329.0	d_com1-replicate-2	2341.0
pb2	3259.9897479709525	3177.0	0.0	0.0	1.0	55.0	2285.0	d_com1-replicate-2	2341.0
ha	10551.52195945946	9814.5	0.0	0.0	0.0	1.0	1775.0	d_com2-replicate-1	1776.0
mp	94.1236611489776	94.0	0.0	27.0	572.0	428.0	0.0	d_com2-replicate-1	1027.0
na	9927.975978037062	10411.0	73.0	4.0	0.0	17.0	1363.0	d_com2-replicate-1	1457.0
np	732.5150159744409	729.0	0.0	1.0	20.0	1444.0	100.0	d_com2-replicate-1	1565.0
ns	9434.570786516852	9515.0	0.0	0.0	0.0	3.0	887.0	d_com2-replicate-1	890.0
pa	3893.893416927899	3920.0	0.0	0.0	0.0	13.0	2220.0	d_com2-replicate-1	2233.0
pb1	5427.962836394703	4295.0	0.0	0.0	0.0	5.0	2336.0	d_com2-replicate-1	2341.0
pb2	4318.956856044426	4351.0	0.0	0.0	0.0	34.0	2307.0	d_com2-replicate-1	2341.0
ha	5589.920045045045	5518.5	0.0	0.0	0.0	5.0	1771.0	d_com2-replicate-2	1776.0
mp	55.50438169425511	56.0	0.0	73.0	954.0	0.0	0.0	d_com2-replicate-2	1027.0
na	4890.665751544269	5376.0	76.0	4.0	0.0	70.0	1307.0	d_com2-replicate-2	1457.0
np	394.43833865814696	390.0	0.0	1.0	29.0	1535.0	0.0	d_com2-replicate-2	1565.0
ns	4366.041573033708	4467.0	0.0	0.0	1.0	27.0	862.0	d_com2-replicate-2	890.0
pa	4837.186744290193	5081.0	0.0	0.0	0.0	11.0	2222.0	d_com2-replicate-2	2233.0
pb1	3853.563861597608	3561.0	0.0	0.0	0.0	33.0	2308.0	d_com2-replicate-2	2341.0
pb2	3653.968816744981	3641.0	0.0	0.0	1.0	41.0	2299.0	d_com2-replicate-2	2341.0
ha	14961.482545045044	13746.5	0.0	0.0	0.0	1.0	1775.0	d_com3-replicate-1	1776.0
mp	47.33203505355405	50.0	1.0	186.0	811.0	29.0	0.0	d_com3-replicate-1	1027.0
na	4743.306794783803	4982.0	77.0	3.0	0.0	61.0	1316.0	d_com3-replicate-1	1457.0
np	247.59488817891375	254.0	0.0	2.0	49.0	1514.0	0.0	d_com3-replicate-1	1565.0
ns	8545.516853932584	8725.5	0.0	0.0	0.0	1.0	889.0	d_com3-replicate-1	890.0
pa	3249.7725033587103	4119.0	0.0	0.0	11.0	975.0	1247.0	d_com3-replicate-1	2233.0
pb1	5440.010679196925	4557.0	0.0	0.0	0.0	5.0	2336.0	d_com3-replicate-1	2341.0
pb2	3703.4301580521146	3375.0	0.0	0.0	0.0	45.0	2296.0	d_com3-replicate-1	2341.0
ha	3696.4318693693695	3819.5	0.0	0.0	0.0	36.0	1740.0	d_com3-replicate-2	1776.0
mp	416.4761441090555	423.0	0.0	1.0	33.0	993.0	0.0	d_com3-replicate-2	1027.0
na	4017.5621139327386	4447.0	72.0	8.0	0.0	77.0	1300.0	d_com3-replicate-2	1457.0
np	18.926517571884983	14.0	6.0	1113.0	446.0	0.0	0.0	d_com3-replicate-2	1565.0
ns	69329.04044943821	71141.5	0.0	0.0	0.0	0.0	890.0	d_com3-replicate-2	890.0
pa	198.3936408419167	270.0	969.0	31.0	25.0	1208.0	0.0	d_com3-replicate-2	2233.0
pb1	5226.11020931226	7375.0	841.0	2.0	0.0	9.0	1489.0	d_com3-replicate-2	2341.0
pb2	955.017941050833	991.0	0.0	1.0	4.0	1199.0	1137.0	d_com3-replicate-2	2341.0
ha	7113.981981981982	5392.5	0.0	0.0	0.0	6.0	1770.0	d_lbm1-replicate-1	1776.0
mp	55.476144109055504	54.0	0.0	60.0	967.0	0.0	0.0	d_lbm1-replicate-1	1027.0
na	94.3582704186685	90.0	0.0	66.0	919.0	472.0	0.0	d_lbm1-replicate-1	1457.0
np	1561.8830670926518	1568.0	0.0	0.0	1.0	89.0	1475.0	d_lbm1-replicate-1	1565.0
ns	38577.7797752809	36306.5	0.0	0.0	0.0	0.0	890.0	d_lbm1-replicate-1	890.0
pa	3273.986565158979	4151.0	0.0	704.0	38.0	260.0	1231.0	d_lbm1-replicate-1	2233.0
pb1	3976.217001281504	1766.0	0.0	0.0	0.0	122.0	2219.0	d_lbm1-replicate-1	2341.0
pb2	1259.9786416061513	906.0	158.0	832.0	107.0	86.0	1158.0	d_lbm1-replicate-1	2341.0
ha	11203.233108108108	9728.5	0.0	0.0	0.0	1.0	1775.0	d_lbm1-replicate-2	1776.0
mp	219.317429406037	213.0	0.0	4.0	81.0	942.0	0.0	d_lbm1-replicate-2	1027.0
na	19.358270418668496	15.0	2.0	1137.0	318.0	0.0	0.0	d_lbm1-replicate-2	1457.0
np	1542.5309904153355	1608.0	0.0	0.0	1.0	183.0	1381.0	d_lbm1-replicate-2	1565.0
ns	34417.59325842697	36032.5	0.0	0.0	0.0	0.0	890.0	d_lbm1-replicate-2	890.0
pa	5694.587550380654	6607.0	341.0	26.0	462.0	156.0	1248.0	d_lbm1-replicate-2	2233.0
pb1	4700.785134557881	2218.0	0.0	0.0	0.0	50.0	2291.0	d_lbm1-replicate-2	2341.0
pb2	10992.70482699701	10069.0	0.0	0.0	25.0	1071.0	1245.0	d_lbm1-replicate-2	2341.0
ha	4585.407657657658	3868.0	0.0	0.0	0.0	10.0	1766.0	d_lbm2-replicate-1	1776.0
mp	42.33592989289192	40.0	1.0	92.0	934.0	0.0	0.0	d_lbm2-replicate-1	1027.0
na	130.42278654770075	132.0	0.0	57.0	216.0	1184.0	0.0	d_lbm2-replicate-1	1457.0
np	1067.0313099041534	1096.0	0.0	0.0	1.0	675.0	889.0	d_lbm2-replicate-1	1565.0
ns	26242.252808988764	25820.5	0.0	0.0	0.0	0.0	890.0	d_lbm2-replicate-1	890.0
pa	2602.824451410658	3262.0	724.0	249.0	1.0	42.0	1217.0	d_lbm2-replicate-1	2233.0
pb1	3085.369927381461	1723.0	0.0	0.0	0.0	180.0	2161.0	d_lbm2-replicate-1	2341.0
pb2	1177.5570269115765	808.0	234.0	861.0	6.0	111.0	1129.0	d_lbm2-replicate-1	2341.0
ha	11192.15990990991	9559.5	0.0	0.0	0.0	2.0	1774.0	d_lbm2-replicate-2	1776.0
mp	69.48782862706913	68.0	1.0	37.0	861.0	128.0	0.0	d_lbm2-replicate-2	1027.0
na	192.77007549759784	205.0	0.0	56.0	80.0	1321.0	0.0	d_lbm2-replicate-2	1457.0
np	288.4670926517572	302.0	0.0	1.0	41.0	1523.0	0.0	d_lbm2-replicate-2	1565.0
ns	26385.877528089888	28513.5	0.0	0.0	0.0	1.0	889.0	d_lbm2-replicate-2	890.0
pa	4281.757725033587	5215.0	970.0	3.0	0.0	13.0	1247.0	d_lbm2-replicate-2	2233.0
pb1	5403.280222127296	3749.0	0.0	0.0	0.0	15.0	2326.0	d_lbm2-replicate-2	2341.0
pb2	4096.371636052969	3641.0	0.0	10.0	448.0	645.0	1238.0	d_lbm2-replicate-2	2341.0
ha	9911.593468468467	9673.5	0.0	0.0	0.0	1.0	1775.0	d_lbm3-replicate-1	1776.0
mp	60.10905550146057	61.0	0.0	61.0	948.0	18.0	0.0	d_lbm3-replicate-1	1027.0
na	5307.458476321208	5341.0	0.0	0.0	0.0	57.0	1400.0	d_lbm3-replicate-1	1457.0
np	388.2747603833866	402.0	0.0	1.0	29.0	1535.0	0.0	d_lbm3-replicate-1	1565.0
ns	12090.344943820224	12432.5	0.0	0.0	0.0	1.0	889.0	d_lbm3-replicate-1	890.0
pa	4970.691894312584	6082.0	378.0	595.0	0.0	12.0	1248.0	d_lbm3-replicate-1	2233.0
pb1	8802.93378897907	8132.0	0.0	0.0	0.0	1.0	2340.0	d_lbm3-replicate-1	2341.0
pb2	5616.403246475865	5061.0	0.0	0.0	0.0	25.0	2316.0	d_lbm3-replicate-1	2341.0
ha	14221.274774774774	12430.0	0.0	0.0	0.0	1.0	1775.0	d_lbm3-replicate-2	1776.0
mp	211.5715676728335	213.0	0.0	11.0	70.0	946.0	0.0	d_lbm3-replicate-2	1027.0
na	4609.86135895676	4802.0	0.0	0.0	0.0	54.0	1403.0	d_lbm3-replicate-2	1457.0
np	2445.797444089457	2477.0	0.0	0.0	1.0	53.0	1511.0	d_lbm3-replicate-2	1565.0
ns	54011.16516853932	56006.5	0.0	0.0	0.0	0.0	890.0	d_lbm3-replicate-2	890.0
pa	3854.639050604568	4828.0	0.0	0.0	6.0	983.0	1244.0	d_lbm3-replicate-2	2233.0
pb1	3995.4173430158057	2607.0	0.0	0.0	0.0	6.0	2335.0	d_lbm3-replicate-2	2341.0
pb2	5968.152498932081	5914.0	0.0	0.0	0.0	6.0	2335.0	d_lbm3-replicate-2	2341.0
ha	6778.209459459459	5420.5	0.0	0.0	0.0	1.0	1775.0	d_lbm4-replicate-1	1776.0
mp	407.38461538461536	410.0	0.0	1.0	27.0	999.0	0.0	d_lbm4-replicate-1	1027.0
na	663.7886067261496	642.0	0.0	0.0	6.0	1301.0	150.0	d_lbm4-replicate-1	1457.0
np	2903.676038338658	2922.0	0.0	0.0	1.0	37.0	1527.0	d_lbm4-replicate-1	1565.0
ns	28033.316853932585	28189.0	0.0	0.0	0.0	1.0	889.0	d_lbm4-replicate-1	890.0
pa	9277.961486789072	11741.0	0.0	0.0	6.0	970.0	1257.0	d_lbm4-replicate-1	2233.0
pb1	3704.099957283213	3146.0	0.0	0.0	0.0	22.0	2319.0	d_lbm4-replicate-1	2341.0
pb2	1164.3020076890218	806.0	0.0	0.0	11.0	1247.0	1083.0	d_lbm4-replicate-1	2341.0
ha	11516.023648648648	9992.5	0.0	0.0	0.0	1.0	1775.0	d_lbm4-replicate-2	1776.0
mp	328.75462512171373	313.0	0.0	1.0	18.0	1008.0	0.0	d_lbm4-replicate-2	1027.0
na	1850.170899107756	1915.0	0.0	0.0	1.0	101.0	1355.0	d_lbm4-replicate-2	1457.0
np	3092.4830670926517	2991.0	0.0	0.0	1.0	29.0	1535.0	d_lbm4-replicate-2	1565.0
ns	58308.36741573034	55541.0	0.0	0.0	0.0	0.0	890.0	d_lbm4-replicate-2	890.0
pa	5334.958799820869	5989.0	0.0	0.0	0.0	25.0	2208.0	d_lbm4-replicate-2	2233.0
pb1	8881.192225544639	6814.0	0.0	0.0	0.0	1.0	2340.0	d_lbm4-replicate-2	2341.0
pb2	4616.2494660401535	3094.0	0.0	0.0	0.0	28.0	2313.0	d_lbm4-replicate-2	2341.0
ha	14854.56081081081	7198.5	0.0	0.0	0.0	5.0	1771.0	g_com1-replicate-1	1776.0
mp	42.40214216163583	3.0	58.0	885.0	0.0	84.0	0.0	g_com1-replicate-1	1027.0
na	38.34934797529169	39.0	23.0	165.0	1269.0	0.0	0.0	g_com1-replicate-1	1457.0
np	21.58849840255591	2.0	130.0	1151.0	104.0	180.0	0.0	g_com1-replicate-1	1565.0
ns	12196.705617977528	12955.5	0.0	0.0	0.0	3.0	887.0	g_com1-replicate-1	890.0
pa	8110.891177787729	2802.0	1098.0	5.0	0.0	5.0	1125.0	g_com1-replicate-1	2233.0
pb1	0.0773173857325929	0.0	2171.0	170.0	0.0	0.0	0.0	g_com1-replicate-1	2341.0
pb2	1178.544639043144	1036.0	1094.0	1.0	4.0	54.0	1188.0	g_com1-replicate-1	2341.0
ha	26402.992117117115	15088.0	0.0	0.0	0.0	1.0	1775.0	g_com1-replicate-2	1776.0
mp	482.55404089581305	514.0	0.0	5.0	37.0	985.0	0.0	g_com1-replicate-2	1027.0
na	0.0	0.0	1457.0	0.0	0.0	0.0	0.0	g_com1-replicate-2	1457.0
np	0.0	0.0	1565.0	0.0	0.0	0.0	0.0	g_com1-replicate-2	1565.0
ns	84746.34943820225	89475.5	0.0	0.0	0.0	0.0	890.0	g_com1-replicate-2	890.0
pa	6964.748768472907	2484.0	1101.0	0.0	2.0	5.0	1125.0	g_com1-replicate-2	2233.0
pb1	0.4946604015378044	0.0	1705.0	636.0	0.0	0.0	0.0	g_com1-replicate-2	2341.0
pb2	4952.03246475865	5469.0	1093.0	1.0	1.0	9.0	1237.0	g_com1-replicate-2	2341.0
ha	28027.17454954955	25309.0	0.0	0.0	0.0	0.0	1776.0	g_com2-replicate-1	1776.0
mp	25.124634858812072	26.0	1.0	492.0	534.0	0.0	0.0	g_com2-replicate-1	1027.0
na	121.4028826355525	123.0	0.0	62.0	190.0	1205.0	0.0	g_com2-replicate-1	1457.0
np	2.757188498402556	2.0	321.0	1244.0	0.0	0.0	0.0	g_com2-replicate-1	1565.0
ns	11303.6	11818.0	0.0	0.0	0.0	5.0	885.0	g_com2-replicate-1	890.0
pa	6020.0	1729.0	0.0	17.0	115.0	976.0	1125.0	g_com2-replicate-1	2233.0
pb1	5.204186245194362	5.0	401.0	1940.0	0.0	0.0	0.0	g_com2-replicate-1	2341.0
pb2	4243.282785134558	3708.0	1090.0	5.0	0.0	10.0	1236.0	g_com2-replicate-1	2341.0
ha	20039.570945945947	20532.0	0.0	0.0	0.0	0.0	1776.0	g_com2-replicate-2	1776.0
mp	57.55793573515093	59.0	0.0	114.0	909.0	4.0	0.0	g_com2-replicate-2	1027.0
na	440.75428963623887	425.0	0.0	2.0	52.0	1403.0	0.0	g_com2-replicate-2	1457.0
np	390.75207667731627	414.0	0.0	2.0	52.0	1511.0	0.0	g_com2-replicate-2	1565.0
ns	170966.3764044944	181283.5	0.0	0.0	0.0	0.0	890.0	g_com2-replicate-2	890.0
pa	8969.663233318406	3110.0	0.0	0.0	1.0	35.0	2197.0	g_com2-replicate-2	2233.0
pb1	0.0	0.0	2341.0	0.0	0.0	0.0	0.0	g_com2-replicate-2	2341.0
pb2	9944.067492524562	9915.0	951.0	143.0	1.0	3.0	1243.0	g_com2-replicate-2	2341.0
ha	1351.9572072072071	1237.5	0.0	0.0	1.0	702.0	1073.0	g_lbm1-replicate-1	1776.0
mp	5.545277507302823	5.0	1.0	1026.0	0.0	0.0	0.0	g_lbm1-replicate-1	1027.0
na	195.5483870967742	196.0	0.0	39.0	95.0	1323.0	0.0	g_lbm1-replicate-1	1457.0
np	60.076038338658144	57.0	0.0	68.0	1478.0	19.0	0.0	g_lbm1-replicate-1	1565.0
ns	619.1033707865168	601.5	0.0	1.0	4.0	803.0	82.0	g_lbm1-replicate-1	890.0
pa	5387.784594715629	5656.0	0.0	970.0	3.0	11.0	1249.0	g_lbm1-replicate-1	2233.0
pb1	2219.526697992311	1473.0	0.0	0.0	0.0	500.0	1841.0	g_lbm1-replicate-1	2341.0
pb2	99.82571550619392	55.0	37.0	442.0	804.0	1058.0	0.0	g_lbm1-replicate-1	2341.0
ha	7901.423423423424	7322.0	0.0	0.0	0.0	1.0	1775.0	g_lbm1-replicate-2	1776.0
mp	90.0126582278481	86.0	0.0	44.0	655.0	328.0	0.0	g_lbm1-replicate-2	1027.0
na	2251.598490048044	2137.0	0.0	0.0	1.0	88.0	1368.0	g_lbm1-replicate-2	1457.0
np	442.1968051118211	415.0	0.0	1.0	38.0	1526.0	0.0	g_lbm1-replicate-2	1565.0
ns	6412.558426966292	6428.5	0.0	0.0	0.0	4.0	886.0	g_lbm1-replicate-2	890.0
pa	3387.28302731751	3480.0	0.0	0.0	1.0	914.0	1318.0	g_lbm1-replicate-2	2233.0
pb1	6314.573686458778	5472.0	0.0	0.0	0.0	1.0	2340.0	g_lbm1-replicate-2	2341.0
pb2	4503.499359248184	4056.0	0.0	0.0	0.0	684.0	1657.0	g_lbm1-replicate-2	2341.0
ha	18818.18412162162	12907.5	0.0	0.0	0.0	0.0	1776.0	gn_lbm1-replicate-1	1776.0
mp	587.4001947419669	580.0	0.0	0.0	1.0	1026.0	0.0	gn_lbm1-replicate-1	1027.0
na	4703.538091969801	3135.0	0.0	0.0	0.0	1.0	1456.0	gn_lbm1-replicate-1	1457.0
np	3354.552715654952	4112.0	0.0	0.0	1.0	277.0	1287.0	gn_lbm1-replicate-1	1565.0
ns	39231.68539325843	39976.5	0.0	0.0	0.0	0.0	890.0	gn_lbm1-replicate-1	890.0
pa	7212.352440662786	7298.0	0.0	0.0	0.0	1.0	2232.0	gn_lbm1-replicate-1	2233.0
pb1	12816.91670226399	12107.0	0.0	0.0	0.0	1.0	2340.0	gn_lbm1-replicate-1	2341.0
pb2	4660.073045706963	3737.0	0.0	0.0	0.0	24.0	2317.0	gn_lbm1-replicate-1	2341.0
ha	5217.803490990991	4832.5	0.0	0.0	0.0	1.0	1775.0	gn_lbm1-replicate-2	1776.0
mp	164.23855890944498	164.0	0.0	1.0	57.0	969.0	0.0	gn_lbm1-replicate-2	1027.0
na	2041.3555250514755	1607.0	0.0	0.0	0.0	44.0	1413.0	gn_lbm1-replicate-2	1457.0
np	972.5169329073484	1019.0	0.0	1.0	26.0	745.0	793.0	gn_lbm1-replicate-2	1565.0
ns	3513.4191011235953	3499.5	0.0	0.0	1.0	22.0	867.0	gn_lbm1-replicate-2	890.0
pa	2765.2458575906853	2759.0	0.0	0.0	0.0	17.0	2216.0	gn_lbm1-replicate-2	2233.0
pb1	4323.506621102093	3977.0	0.0	0.0	0.0	27.0	2314.0	gn_lbm1-replicate-2	2341.0
pb2	2789.6270824434005	2539.0	0.0	0.0	1.0	60.0	2280.0	gn_lbm1-replicate-2	2341.0
ha	14623.162725225226	14274.0	0.0	0.0	0.0	1.0	1775.0	kc_com1-replicate-1	1776.0
mp	315.2297955209348	330.0	0.0	5.0	59.0	963.0	0.0	kc_com1-replicate-1	1027.0
na	13967.150308853808	14286.0	0.0	0.0	0.0	4.0	1453.0	kc_com1-replicate-1	1457.0
np	3295.103514376997	3517.0	0.0	0.0	1.0	40.0	1524.0	kc_com1-replicate-1	1565.0
ns	21011.437078651685	23952.0	0.0	0.0	0.0	1.0	889.0	kc_com1-replicate-1	890.0
pa	7195.877295118675	6936.0	0.0	0.0	0.0	4.0	2229.0	kc_com1-replicate-1	2233.0
pb1	7202.342588637334	7451.0	0.0	0.0	0.0	11.0	2330.0	kc_com1-replicate-1	2341.0
pb2	7419.311832550192	6678.0	0.0	0.0	0.0	23.0	2318.0	kc_com1-replicate-1	2341.0
ha	8929.344031531531	7286.0	0.0	0.0	0.0	1.0	1775.0	kc_com1-replicate-2	1776.0
mp	338.4965920155794	343.0	0.0	1.0	37.0	989.0	0.0	kc_com1-replicate-2	1027.0
na	10428.056966369251	10455.0	0.0	0.0	0.0	1.0	1456.0	kc_com1-replicate-2	1457.0
np	4693.511182108627	4992.0	0.0	0.0	1.0	28.0	1536.0	kc_com1-replicate-2	1565.0
ns	37137.38988764045	41975.5	0.0	0.0	0.0	1.0	889.0	kc_com1-replicate-2	890.0
pa	3511.7886251679356	1707.0	0.0	0.0	1.0	106.0	2126.0	kc_com1-replicate-2	2233.0
pb1	7431.171721486544	824.0	0.0	0.0	0.0	1246.0	1095.0	kc_com1-replicate-2	2341.0
pb2	10044.71166168304	9816.0	0.0	0.0	0.0	1.0	2340.0	kc_com1-replicate-2	2341.0
ha	19813.260135135137	19765.5	0.0	0.0	0.0	1.0	1775.0	kc_com2-replicate-1	1776.0
mp	286.33787731256086	306.0	0.0	1.0	54.0	972.0	0.0	kc_com2-replicate-1	1027.0
na	5315.615648593	5525.0	0.0	0.0	0.0	28.0	1429.0	kc_com2-replicate-1	1457.0
np	1734.6575079872205	1799.0	0.0	1.0	0.0	91.0	1473.0	kc_com2-replicate-1	1565.0
ns	16962.911235955056	19499.5	0.0	0.0	0.0	1.0	889.0	kc_com2-replicate-1	890.0
pa	8819.270040304524	9159.0	0.0	0.0	0.0	7.0	2226.0	kc_com2-replicate-1	2233.0
pb1	5913.308415207176	4186.0	0.0	0.0	0.0	5.0	2336.0	kc_com2-replicate-1	2341.0
pb2	4986.064929517301	3811.0	0.0	0.0	0.0	65.0	2276.0	kc_com2-replicate-1	2341.0
ha	11573.888513513511	11748.0	0.0	0.0	0.0	1.0	1775.0	kc_com2-replicate-2	1776.0
mp	299.6815968841285	311.0	0.0	1.0	44.0	982.0	0.0	kc_com2-replicate-2	1027.0
na	5952.9869595058335	6058.0	0.0	0.0	0.0	15.0	1442.0	kc_com2-replicate-2	1457.0
np	2421.338658146965	2599.0	0.0	0.0	1.0	54.0	1510.0	kc_com2-replicate-2	1565.0
ns	28218.940449438203	31318.0	0.0	0.0	0.0	1.0	889.0	kc_com2-replicate-2	890.0
pa	11930.104791759964	11705.0	0.0	0.0	0.0	1.0	2232.0	kc_com2-replicate-2	2233.0
pb1	5603.640751815464	131.0	0.0	344.0	524.0	384.0	1089.0	kc_com2-replicate-2	2341.0
pb2	10241.930798803927	9182.0	0.0	0.0	0.0	16.0	2325.0	kc_com2-replicate-2	2341.0
ha	18287.44876126126	17347.0	0.0	0.0	0.0	1.0	1775.0	kc_com3-replicate-1	1776.0
mp	317.10710808179164	337.0	0.0	1.0	44.0	982.0	0.0	kc_com3-replicate-1	1027.0
na	7733.17707618394	7482.0	0.0	0.0	0.0	15.0	1442.0	kc_com3-replicate-1	1457.0
np	3419.0670926517573	3633.0	0.0	0.0	1.0	35.0	1529.0	kc_com3-replicate-1	1565.0
ns	29619.42808988764	33867.5	0.0	0.0	0.0	1.0	889.0	kc_com3-replicate-1	890.0
pa	12203.33631885356	12115.0	0.0	0.0	0.0	1.0	2232.0	kc_com3-replicate-1	2233.0
pb1	8268.428022212729	6183.0	0.0	0.0	0.0	1.0	2340.0	kc_com3-replicate-1	2341.0
pb2	7183.655702691158	6014.0	0.0	0.0	0.0	26.0	2315.0	kc_com3-replicate-1	2341.0
ha	11471.90427927928	11302.5	0.0	0.0	0.0	1.0	1775.0	kc_com3-replicate-2	1776.0
mp	212.9707887049659	230.0	0.0	5.0	90.0	932.0	0.0	kc_com3-replicate-2	1027.0
na	14628.549073438571	14602.0	0.0	0.0	0.0	4.0	1453.0	kc_com3-replicate-2	1457.0
np	2587.739936102236	2797.0	0.0	0.0	1.0	48.0	1516.0	kc_com3-replicate-2	1565.0
ns	27261.36179775281	31209.5	0.0	0.0	0.0	1.0	889.0	kc_com3-replicate-2	890.0
pa	8792.704881325571	9244.0	0.0	0.0	0.0	11.0	2222.0	kc_com3-replicate-2	2233.0
pb1	4968.426313541222	490.0	0.0	0.0	0.0	1255.0	1086.0	kc_com3-replicate-2	2341.0
pb2	5787.63562580094	4012.0	0.0	0.0	0.0	30.0	2311.0	kc_com3-replicate-2	2341.0
ha	20492.532094594593	18863.5	0.0	0.0	0.0	0.0	1776.0	kc_com4-replicate-1	1776.0
mp	234.64264849074976	243.0	0.0	5.0	80.0	942.0	0.0	kc_com4-replicate-1	1027.0
na	8885.51956074125	8768.0	0.0	0.0	0.0	4.0	1453.0	kc_com4-replicate-1	1457.0
np	1142.7092651757189	1215.0	0.0	1.0	9.0	319.0	1236.0	kc_com4-replicate-1	1565.0
ns	22258.144943820225	25441.0	0.0	0.0	0.0	1.0	889.0	kc_com4-replicate-1	890.0
pa	10003.640841916704	9938.0	0.0	0.0	0.0	1.0	2232.0	kc_com4-replicate-1	2233.0
pb1	10911.765912003417	10097.0	0.0	0.0	0.0	1.0	2340.0	kc_com4-replicate-1	2341.0
pb2	27097.340025630074	23674.0	0.0	0.0	23.0	1072.0	1246.0	kc_com4-replicate-1	2341.0
ha	19273.95945945946	18822.0	0.0	0.0	0.0	2.0	1774.0	kc_com4-replicate-2	1776.0
mp	339.7555988315482	371.0	0.0	1.0	55.0	971.0	0.0	kc_com4-replicate-2	1027.0
na	9399.492793411118	9792.0	0.0	0.0	0.0	7.0	1450.0	kc_com4-replicate-2	1457.0
np	2370.141853035144	2546.0	0.0	0.0	1.0	61.0	1503.0	kc_com4-replicate-2	1565.0
ns	40335.01348314607	45942.5	0.0	0.0	0.0	1.0	889.0	kc_com4-replicate-2	890.0
pa	5571.112404836543	2801.0	0.0	0.0	1.0	45.0	2187.0	kc_com4-replicate-2	2233.0
pb1	12315.658692866296	10582.0	0.0	0.0	0.0	1.0	2340.0	kc_com4-replicate-2	2341.0
pb2	9108.388722768048	9066.0	0.0	0.0	0.0	5.0	2336.0	kc_com4-replicate-2	2341.0
ha	18387.85641891892	17385.0	0.0	0.0	0.0	1.0	1775.0	kc_com5-replicate-1	1776.0
mp	337.2921129503408	355.0	0.0	1.0	44.0	982.0	0.0	kc_com5-replicate-1	1027.0
na	8273.113932738504	8261.0	0.0	0.0	0.0	6.0	1451.0	kc_com5-replicate-1	1457.0
np	3330.968690095847	3567.0	0.0	0.0	1.0	46.0	1518.0	kc_com5-replicate-1	1565.0
ns	39093.03820224719	44589.5	0.0	0.0	0.0	1.0	889.0	kc_com5-replicate-1	890.0
pa	11321.696372592924	11453.0	0.0	0.0	0.0	1.0	2232.0	kc_com5-replicate-1	2233.0
pb1	5935.418624519436	5439.0	0.0	0.0	0.0	1.0	2340.0	kc_com5-replicate-1	2341.0
pb2	5316.88979068774	4903.0	0.0	0.0	20.0	1082.0	1239.0	kc_com5-replicate-1	2341.0
ha	12158.247747747748	9491.5	0.0	0.0	0.0	1.0	1775.0	kc_com5-replicate-2	1776.0
mp	276.0671859785784	285.0	0.0	1.0	65.0	961.0	0.0	kc_com5-replicate-2	1027.0
na	1484.086479066575	1532.0	0.0	0.0	1.0	167.0	1289.0	kc_com5-replicate-2	1457.0
np	3010.4575079872207	3204.0	0.0	0.0	1.0	37.0	1527.0	kc_com5-replicate-2	1565.0
ns	35643.82921348314	40690.5	0.0	0.0	0.0	1.0	889.0	kc_com5-replicate-2	890.0
pa	14139.708463949844	14004.0	0.0	0.0	0.0	1.0	2232.0	kc_com5-replicate-2	2233.0
pb1	11630.453652285349	8933.0	0.0	0.0	0.0	1.0	2340.0	kc_com5-replicate-2	2341.0
pb2	7181.614267407091	6572.0	0.0	0.0	0.0	26.0	2315.0	kc_com5-replicate-2	2341.0
ha	22037.101914414416	21884.5	0.0	0.0	0.0	0.0	1776.0	kc_com6-replicate-1	1776.0
mp	82.53164556962025	88.0	0.0	57.0	817.0	153.0	0.0	kc_com6-replicate-1	1027.0
na	11139.964310226493	11118.0	0.0	0.0	0.0	1.0	1456.0	kc_com6-replicate-1	1457.0
np	607.2594249201278	656.0	0.0	1.0	29.0	1535.0	0.0	kc_com6-replicate-1	1565.0
ns	27446.794382022472	31401.5	0.0	0.0	0.0	1.0	889.0	kc_com6-replicate-1	890.0
pa	11861.430362740708	11873.0	0.0	0.0	0.0	1.0	2232.0	kc_com6-replicate-1	2233.0
pb1	8668.642460486972	6756.0	0.0	0.0	0.0	1.0	2340.0	kc_com6-replicate-1	2341.0
pb2	38281.648868005126	29349.0	0.0	494.0	600.0	1.0	1246.0	kc_com6-replicate-1	2341.0
ha	13435.92623873874	13071.0	0.0	0.0	0.0	1.0	1775.0	kc_com6-replicate-2	1776.0
mp	208.87828627069135	219.0	0.0	4.0	96.0	927.0	0.0	kc_com6-replicate-2	1027.0
na	5756.006177076184	5648.0	0.0	0.0	0.0	25.0	1432.0	kc_com6-replicate-2	1457.0
np	1113.0019169329073	1206.0	0.0	1.0	10.0	376.0	1178.0	kc_com6-replicate-2	1565.0
ns	21447.911235955056	24926.5	0.0	0.0	0.0	1.0	889.0	kc_com6-replicate-2	890.0
pa	9792.557545902371	9620.0	0.0	0.0	0.0	1.0	2232.0	kc_com6-replicate-2	2233.0
pb1	8256.361384023921	6818.0	0.0	0.0	0.0	1.0	2340.0	kc_com6-replicate-2	2341.0
pb2	8903.09611277232	7613.0	0.0	0.0	0.0	35.0	2306.0	kc_com6-replicate-2	2341.0
ha	21553.491554054053	21528.0	0.0	0.0	0.0	1.0	1775.0	kc_com7-replicate-1	1776.0
mp	67.85783836416748	69.0	0.0	81.0	845.0	101.0	0.0	kc_com7-replicate-1	1027.0
na	6501.237474262182	5756.0	0.0	0.0	0.0	8.0	1449.0	kc_com7-replicate-1	1457.0
np	146.7929712460064	153.0	0.0	33.0	88.0	1444.0	0.0	kc_com7-replicate-1	1565.0
ns	20469.48764044944	24268.0	0.0	0.0	0.0	1.0	889.0	kc_com7-replicate-1	890.0
pa	15635.609493954322	16181.0	0.0	0.0	0.0	1.0	2232.0	kc_com7-replicate-1	2233.0
pb1	783.1849636907305	816.0	0.0	36.0	658.0	620.0	1027.0	kc_com7-replicate-1	2341.0
pb2	22489.321230243484	18003.0	322.0	772.0	1.0	1.0	1245.0	kc_com7-replicate-1	2341.0
ha	10805.55686936937	11016.5	0.0	0.0	0.0	1.0	1775.0	kc_com7-replicate-2	1776.0
mp	36.59980525803311	38.0	0.0	126.0	901.0	0.0	0.0	kc_com7-replicate-2	1027.0
na	6048.407000686342	5988.0	0.0	0.0	0.0	38.0	1419.0	kc_com7-replicate-2	1457.0
np	136.46389776357827	146.0	0.0	39.0	193.0	1333.0	0.0	kc_com7-replicate-2	1565.0
ns	10321.186516853932	11808.5	0.0	0.0	0.0	15.0	875.0	kc_com7-replicate-2	890.0
pa	9157.129422301836	8504.0	0.0	0.0	0.0	2.0	2231.0	kc_com7-replicate-2	2233.0
pb1	4729.447244767193	4312.0	0.0	0.0	0.0	47.0	2294.0	kc_com7-replicate-2	2341.0
pb2	5859.126868859462	5187.0	1092.0	3.0	0.0	7.0	1239.0	kc_com7-replicate-2	2341.0
ha	12906.427364864863	11872.5	0.0	0.0	0.0	1.0	1775.0	kc_com8-replicate-1	1776.0
mp	65.37000973709834	71.0	1.0	102.0	895.0	29.0	0.0	kc_com8-replicate-1	1027.0
na	13087.60741249142	13100.0	0.0	0.0	0.0	1.0	1456.0	kc_com8-replicate-1	1457.0
np	575.5130990415336	603.0	0.0	1.0	36.0	1528.0	0.0	kc_com8-replicate-1	1565.0
ns	41996.13820224719	45801.0	0.0	0.0	0.0	1.0	889.0	kc_com8-replicate-1	890.0
pa	16922.277205553066	16780.0	0.0	0.0	0.0	1.0	2232.0	kc_com8-replicate-1	2233.0
pb1	1608.457496796241	1584.0	0.0	0.0	0.0	329.0	2012.0	kc_com8-replicate-1	2341.0
pb2	5394.081161896625	5207.0	529.0	565.0	1.0	7.0	1239.0	kc_com8-replicate-1	2341.0
ha	17527.633445945947	17566.5	0.0	0.0	0.0	1.0	1775.0	kc_com8-replicate-2	1776.0
mp	96.04089581304773	96.0	0.0	50.0	490.0	487.0	0.0	kc_com8-replicate-2	1027.0
na	1615.954701441318	1595.0	0.0	0.0	1.0	141.0	1315.0	kc_com8-replicate-2	1457.0
np	2187.0357827476037	2307.0	0.0	1.0	0.0	69.0	1495.0	kc_com8-replicate-2	1565.0
ns	30004.46179775281	34596.0	0.0	0.0	0.0	1.0	889.0	kc_com8-replicate-2	890.0
pa	16826.82579489476	16756.0	0.0	0.0	0.0	1.0	2232.0	kc_com8-replicate-2	2233.0
pb1	3474.020504058095	3525.0	0.0	0.0	0.0	61.0	2280.0	kc_com8-replicate-2	2341.0
pb2	7526.306706535668	7639.0	1093.0	1.0	1.0	6.0	1240.0	kc_com8-replicate-2	2341.0
ha	4.529842342342342	0.0	1613.0	130.0	4.0	29.0	0.0	PCR_NC1_run10-replicate-1	1776.0
mp	0.0	0.0	1027.0	0.0	0.0	0.0	0.0	PCR_NC1_run10-replicate-1	1027.0
na	0.0	0.0	1457.0	0.0	0.0	0.0	0.0	PCR_NC1_run10-replicate-1	1457.0
np	0.0	0.0	1565.0	0.0	0.0	0.0	0.0	PCR_NC1_run10-replicate-1	1565.0
ns	0.0	0.0	890.0	0.0	0.0	0.0	0.0	PCR_NC1_run10-replicate-1	890.0
pa	0.0	0.0	2233.0	0.0	0.0	0.0	0.0	PCR_NC1_run10-replicate-1	2233.0
pb1	0.1050832977360102	0.0	2213.0	128.0	0.0	0.0	0.0	PCR_NC1_run10-replicate-1	2341.0
pb2	0.0	0.0	2341.0	0.0	0.0	0.0	0.0	PCR_NC1_run10-replicate-1	2341.0
ha	0.0	0.0	1776.0	0.0	0.0	0.0	0.0	PCR_NC1_run9-replicate-1	1776.0
mp	0.0	0.0	1027.0	0.0	0.0	0.0	0.0	PCR_NC1_run9-replicate-1	1027.0
na	0.0	0.0	1457.0	0.0	0.0	0.0	0.0	PCR_NC1_run9-replicate-1	1457.0
np	0.0	0.0	1565.0	0.0	0.0	0.0	0.0	PCR_NC1_run9-replicate-1	1565.0
ns	0.0	0.0	890.0	0.0	0.0	0.0	0.0	PCR_NC1_run9-replicate-1	890.0
pa	0.0	0.0	2233.0	0.0	0.0	0.0	0.0	PCR_NC1_run9-replicate-1	2233.0
pb1	0.0	0.0	2341.0	0.0	0.0	0.0	0.0	PCR_NC1_run9-replicate-1	2341.0
pb2	0.0	0.0	2341.0	0.0	0.0	0.0	0.0	PCR_NC1_run9-replicate-1	2341.0
ha	0.2302927927927928	0.0	1590.0	186.0	0.0	0.0	0.0	pcr_nc2_run10-replicate-1	1776.0
mp	0.0	0.0	1027.0	0.0	0.0	0.0	0.0	pcr_nc2_run10-replicate-1	1027.0
na	0.0	0.0	1457.0	0.0	0.0	0.0	0.0	pcr_nc2_run10-replicate-1	1457.0
np	0.0	0.0	1565.0	0.0	0.0	0.0	0.0	pcr_nc2_run10-replicate-1	1565.0
ns	0.1617977528089887	0.0	746.0	144.0	0.0	0.0	0.0	pcr_nc2_run10-replicate-1	890.0
pa	0.0	0.0	2233.0	0.0	0.0	0.0	0.0	pcr_nc2_run10-replicate-1	2233.0
pb1	0.0	0.0	2341.0	0.0	0.0	0.0	0.0	pcr_nc2_run10-replicate-1	2341.0
pb2	0.0	0.0	2341.0	0.0	0.0	0.0	0.0	pcr_nc2_run10-replicate-1	2341.0
ha	0.0	0.0	1776.0	0.0	0.0	0.0	0.0	pcr_nc2_run9-replicate-1	1776.0
mp	0.0	0.0	1027.0	0.0	0.0	0.0	0.0	pcr_nc2_run9-replicate-1	1027.0
na	0.0	0.0	1457.0	0.0	0.0	0.0	0.0	pcr_nc2_run9-replicate-1	1457.0
np	0.0	0.0	1565.0	0.0	0.0	0.0	0.0	pcr_nc2_run9-replicate-1	1565.0
ns	0.0	0.0	890.0	0.0	0.0	0.0	0.0	pcr_nc2_run9-replicate-1	890.0
pa	0.0	0.0	2233.0	0.0	0.0	0.0	0.0	pcr_nc2_run9-replicate-1	2233.0
pb1	0.0	0.0	2341.0	0.0	0.0	0.0	0.0	pcr_nc2_run9-replicate-1	2341.0
pb2	0.0	0.0	2341.0	0.0	0.0	0.0	0.0	pcr_nc2_run9-replicate-1	2341.0
ha	1.9403153153153152	2.0	416.0	1360.0	0.0	0.0	0.0	pcr_nc3_run10-replicate-1	1776.0
mp	0.0	0.0	1027.0	0.0	0.0	0.0	0.0	pcr_nc3_run10-replicate-1	1027.0
na	0.2868908716540837	0.0	1292.0	165.0	0.0	0.0	0.0	pcr_nc3_run10-replicate-1	1457.0
np	0.0	0.0	1565.0	0.0	0.0	0.0	0.0	pcr_nc3_run10-replicate-1	1565.0
ns	0.0	0.0	890.0	0.0	0.0	0.0	0.0	pcr_nc3_run10-replicate-1	890.0
pa	4.747872816838334	2.0	1062.0	1171.0	0.0	0.0	0.0	pcr_nc3_run10-replicate-1	2233.0
pb1	0.3519863306279367	0.0	1984.0	357.0	0.0	0.0	0.0	pcr_nc3_run10-replicate-1	2341.0
pb2	0.0	0.0	2341.0	0.0	0.0	0.0	0.0	pcr_nc3_run10-replicate-1	2341.0
ha	0.1328828828828828	0.0	1582.0	194.0	0.0	0.0	0.0	pcr_nc4_run10-replicate-1	1776.0
mp	0.0	0.0	1027.0	0.0	0.0	0.0	0.0	pcr_nc4_run10-replicate-1	1027.0
na	0.0	0.0	1457.0	0.0	0.0	0.0	0.0	pcr_nc4_run10-replicate-1	1457.0
np	0.0	0.0	1565.0	0.0	0.0	0.0	0.0	pcr_nc4_run10-replicate-1	1565.0
ns	0.1685393258426966	0.0	740.0	150.0	0.0	0.0	0.0	pcr_nc4_run10-replicate-1	890.0
pa	0.0	0.0	2233.0	0.0	0.0	0.0	0.0	pcr_nc4_run10-replicate-1	2233.0
pb1	0.0	0.0	2341.0	0.0	0.0	0.0	0.0	pcr_nc4_run10-replicate-1	2341.0
pb2	0.0	0.0	2341.0	0.0	0.0	0.0	0.0	pcr_nc4_run10-replicate-1	2341.0
ha	1.8952702702702704	1.0	531.0	1245.0	0.0	0.0	0.0	PCRNC1_run8-replicate-1	1776.0
mp	0.0	0.0	1027.0	0.0	0.0	0.0	0.0	PCRNC1_run8-replicate-1	1027.0
na	0.0	0.0	1457.0	0.0	0.0	0.0	0.0	PCRNC1_run8-replicate-1	1457.0
np	0.0	0.0	1565.0	0.0	0.0	0.0	0.0	PCRNC1_run8-replicate-1	1565.0
ns	0.9674157303370786	0.0	634.0	256.0	0.0	0.0	0.0	PCRNC1_run8-replicate-1	890.0
pa	0.8248992386923422	1.0	1102.0	1131.0	0.0	0.0	0.0	PCRNC1_run8-replicate-1	2233.0
pb1	1.21315677061085	1.0	946.0	1395.0	0.0	0.0	0.0	PCRNC1_run8-replicate-1	2341.0
pb2	0.0	0.0	2341.0	0.0	0.0	0.0	0.0	PCRNC1_run8-replicate-1	2341.0
ha	0.0152027027027027	0.0	1749.0	27.0	0.0	0.0	0.0	PCRNC2_run8-replicate-1	1776.0
mp	0.0	0.0	1027.0	0.0	0.0	0.0	0.0	PCRNC2_run8-replicate-1	1027.0
na	0.0	0.0	1457.0	0.0	0.0	0.0	0.0	PCRNC2_run8-replicate-1	1457.0
np	0.0	0.0	1565.0	0.0	0.0	0.0	0.0	PCRNC2_run8-replicate-1	1565.0
ns	0.0	0.0	890.0	0.0	0.0	0.0	0.0	PCRNC2_run8-replicate-1	890.0
pa	0.0	0.0	2233.0	0.0	0.0	0.0	0.0	PCRNC2_run8-replicate-1	2233.0
pb1	0.0	0.0	2341.0	0.0	0.0	0.0	0.0	PCRNC2_run8-replicate-1	2341.0
pb2	0.0	0.0	2341.0	0.0	0.0	0.0	0.0	PCRNC2_run8-replicate-1	2341.0
ha	0.0456081081081081	0.0	1749.0	27.0	0.0	0.0	0.0	PCRNC3_run9-replicate-1	1776.0
mp	0.0	0.0	1027.0	0.0	0.0	0.0	0.0	PCRNC3_run9-replicate-1	1027.0
na	0.0	0.0	1457.0	0.0	0.0	0.0	0.0	PCRNC3_run9-replicate-1	1457.0
np	0.0	0.0	1565.0	0.0	0.0	0.0	0.0	PCRNC3_run9-replicate-1	1565.0
ns	0.0	0.0	890.0	0.0	0.0	0.0	0.0	PCRNC3_run9-replicate-1	890.0
pa	0.1083743842364532	0.0	2104.0	129.0	0.0	0.0	0.0	PCRNC3_run9-replicate-1	2233.0
pb1	0.0	0.0	2341.0	0.0	0.0	0.0	0.0	PCRNC3_run9-replicate-1	2341.0
pb2	0.0	0.0	2341.0	0.0	0.0	0.0	0.0	PCRNC3_run9-replicate-1	2341.0
ha	0.0585585585585585	0.0	1748.0	28.0	0.0	0.0	0.0	PCRNC4_run9-replicate-1	1776.0
mp	0.0	0.0	1027.0	0.0	0.0	0.0	0.0	PCRNC4_run9-replicate-1	1027.0
na	0.0	0.0	1457.0	0.0	0.0	0.0	0.0	PCRNC4_run9-replicate-1	1457.0
np	0.0	0.0	1565.0	0.0	0.0	0.0	0.0	PCRNC4_run9-replicate-1	1565.0
ns	0.0	0.0	890.0	0.0	0.0	0.0	0.0	PCRNC4_run9-replicate-1	890.0
pa	0.0	0.0	2233.0	0.0	0.0	0.0	0.0	PCRNC4_run9-replicate-1	2233.0
pb1	0.0	0.0	2341.0	0.0	0.0	0.0	0.0	PCRNC4_run9-replicate-1	2341.0
pb2	0.0	0.0	2341.0	0.0	0.0	0.0	0.0	PCRNC4_run9-replicate-1	2341.0
ha	0.1677927927927928	0.0	1597.0	179.0	0.0	0.0	0.0	rt_nc2_run10-replicate-1	1776.0
mp	0.0	0.0	1027.0	0.0	0.0	0.0	0.0	rt_nc2_run10-replicate-1	1027.0
na	0.0	0.0	1457.0	0.0	0.0	0.0	0.0	rt_nc2_run10-replicate-1	1457.0
np	0.0	0.0	1565.0	0.0	0.0	0.0	0.0	rt_nc2_run10-replicate-1	1565.0
ns	0.397752808988764	0.0	546.0	344.0	0.0	0.0	0.0	rt_nc2_run10-replicate-1	890.0
pa	66.04388714733543	94.0	973.0	27.0	183.0	1050.0	0.0	rt_nc2_run10-replicate-1	2233.0
pb1	0.7731738573259291	0.0	1489.0	852.0	0.0	0.0	0.0	rt_nc2_run10-replicate-1	2341.0
pb2	0.0491243058521999	0.0	2226.0	115.0	0.0	0.0	0.0	rt_nc2_run10-replicate-1	2341.0
ha	0.0	0.0	1776.0	0.0	0.0	0.0	0.0	rt_nc3_run10-replicate-1	1776.0
mp	0.0	0.0	1027.0	0.0	0.0	0.0	0.0	rt_nc3_run10-replicate-1	1027.0
na	0.0	0.0	1457.0	0.0	0.0	0.0	0.0	rt_nc3_run10-replicate-1	1457.0
np	0.0	0.0	1565.0	0.0	0.0	0.0	0.0	rt_nc3_run10-replicate-1	1565.0
ns	0.0	0.0	890.0	0.0	0.0	0.0	0.0	rt_nc3_run10-replicate-1	890.0
pa	0.1303179579041648	0.0	1942.0	291.0	0.0	0.0	0.0	rt_nc3_run10-replicate-1	2233.0
pb1	0.0	0.0	2341.0	0.0	0.0	0.0	0.0	rt_nc3_run10-replicate-1	2341.0
pb2	0.0	0.0	2341.0	0.0	0.0	0.0	0.0	rt_nc3_run10-replicate-1	2341.0
ha	0.6734234234234234	0.0	1750.0	0.0	26.0	0.0	0.0	rt_nc_run9-replicate-1	1776.0
mp	0.0	0.0	1027.0	0.0	0.0	0.0	0.0	rt_nc_run9-replicate-1	1027.0
na	0.0	0.0	1457.0	0.0	0.0	0.0	0.0	rt_nc_run9-replicate-1	1457.0
np	0.0	0.0	1565.0	0.0	0.0	0.0	0.0	rt_nc_run9-replicate-1	1565.0
ns	0.0	0.0	890.0	0.0	0.0	0.0	0.0	rt_nc_run9-replicate-1	890.0
pa	0.0	0.0	2233.0	0.0	0.0	0.0	0.0	rt_nc_run9-replicate-1	2233.0
pb1	0.0	0.0	2341.0	0.0	0.0	0.0	0.0	rt_nc_run9-replicate-1	2341.0
pb2	0.0	0.0	2341.0	0.0	0.0	0.0	0.0	rt_nc_run9-replicate-1	2341.0
ha	0.7291666666666666	0.0	1741.0	7.0	28.0	0.0	0.0	RTNC2_run8-replicate-1	1776.0
mp	0.0	0.0	1027.0	0.0	0.0	0.0	0.0	RTNC2_run8-replicate-1	1027.0
na	0.0	0.0	1457.0	0.0	0.0	0.0	0.0	RTNC2_run8-replicate-1	1457.0
np	0.0	0.0	1565.0	0.0	0.0	0.0	0.0	RTNC2_run8-replicate-1	1565.0
ns	0.0	0.0	890.0	0.0	0.0	0.0	0.0	RTNC2_run8-replicate-1	890.0
pa	0.0	0.0	2233.0	0.0	0.0	0.0	0.0	RTNC2_run8-replicate-1	2233.0
pb1	0.0	0.0	2341.0	0.0	0.0	0.0	0.0	RTNC2_run8-replicate-1	2341.0
pb2	0.0	0.0	2341.0	0.0	0.0	0.0	0.0	RTNC2_run8-replicate-1	2341.0
ha	17504.58614864865	11289.5	845.0	5.0	2.0	1.0	923.0	run4_PCR_NC_1-replicate-1	1776.0
mp	0.0	0.0	1027.0	0.0	0.0	0.0	0.0	run4_PCR_NC_1-replicate-1	1027.0
na	0.0	0.0	1457.0	0.0	0.0	0.0	0.0	run4_PCR_NC_1-replicate-1	1457.0
np	0.0	0.0	1565.0	0.0	0.0	0.0	0.0	run4_PCR_NC_1-replicate-1	1565.0
ns	0.0	0.0	890.0	0.0	0.0	0.0	0.0	run4_PCR_NC_1-replicate-1	890.0
pa	14133.025078369908	3431.0	1101.0	2.0	0.0	5.0	1125.0	run4_PCR_NC_1-replicate-1	2233.0
pb1	0.0	0.0	2341.0	0.0	0.0	0.0	0.0	run4_PCR_NC_1-replicate-1	2341.0
pb2	0.0	0.0	2341.0	0.0	0.0	0.0	0.0	run4_PCR_NC_1-replicate-1	2341.0
ha	0.0	0.0	1776.0	0.0	0.0	0.0	0.0	run4_PCR_NC_2-replicate-1	1776.0
mp	0.0	0.0	1027.0	0.0	0.0	0.0	0.0	run4_PCR_NC_2-replicate-1	1027.0
na	0.0	0.0	1457.0	0.0	0.0	0.0	0.0	run4_PCR_NC_2-replicate-1	1457.0
np	0.0	0.0	1565.0	0.0	0.0	0.0	0.0	run4_PCR_NC_2-replicate-1	1565.0
ns	0.1224719101123595	0.0	781.0	109.0	0.0	0.0	0.0	run4_PCR_NC_2-replicate-1	890.0
pa	0.0	0.0	2233.0	0.0	0.0	0.0	0.0	run4_PCR_NC_2-replicate-1	2233.0
pb1	0.0	0.0	2341.0	0.0	0.0	0.0	0.0	run4_PCR_NC_2-replicate-1	2341.0
pb2	0.0	0.0	2341.0	0.0	0.0	0.0	0.0	run4_PCR_NC_2-replicate-1	2341.0
ha	0.5157657657657657	0.0	1197.0	579.0	0.0	0.0	0.0	run4_PCR_NC_3-replicate-1	1776.0
mp	0.0	0.0	1027.0	0.0	0.0	0.0	0.0	run4_PCR_NC_3-replicate-1	1027.0
na	0.1400137268359643	0.0	1355.0	102.0	0.0	0.0	0.0	run4_PCR_NC_3-replicate-1	1457.0
np	0.1571884984025559	0.0	1442.0	123.0	0.0	0.0	0.0	run4_PCR_NC_3-replicate-1	1565.0
ns	0.0	0.0	890.0	0.0	0.0	0.0	0.0	run4_PCR_NC_3-replicate-1	890.0
pa	0.2028660994178235	0.0	1938.0	295.0	0.0	0.0	0.0	run4_PCR_NC_3-replicate-1	2233.0
pb1	0.3395984621956429	0.0	1985.0	356.0	0.0	0.0	0.0	run4_PCR_NC_3-replicate-1	2341.0
pb2	0.1238786843229389	0.0	2196.0	145.0	0.0	0.0	0.0	run4_PCR_NC_3-replicate-1	2341.0
ha	0.2781531531531531	0.0	1471.0	305.0	0.0	0.0	0.0	run4_PCR_NC_4-replicate-1	1776.0
mp	0.0	0.0	1027.0	0.0	0.0	0.0	0.0	run4_PCR_NC_4-replicate-1	1027.0
na	0.6781056966369252	0.0	961.0	496.0	0.0	0.0	0.0	run4_PCR_NC_4-replicate-1	1457.0
np	0.0	0.0	1565.0	0.0	0.0	0.0	0.0	run4_PCR_NC_4-replicate-1	1565.0
ns	0.5741573033707865	0.0	602.0	288.0	0.0	0.0	0.0	run4_PCR_NC_4-replicate-1	890.0
pa	0.1343484102104791	0.0	2083.0	150.0	0.0	0.0	0.0	run4_PCR_NC_4-replicate-1	2233.0
pb1	0.7689021785561726	0.0	1237.0	1104.0	0.0	0.0	0.0	run4_PCR_NC_4-replicate-1	2341.0
pb2	0.2926099957283212	0.0	2118.0	223.0	0.0	0.0	0.0	run4_PCR_NC_4-replicate-1	2341.0
ha	0.0709459459459459	0.0	1650.0	126.0	0.0	0.0	0.0	run4_RT_NC_1-replicate-1	1776.0
mp	0.0	0.0	1027.0	0.0	0.0	0.0	0.0	run4_RT_NC_1-replicate-1	1027.0
na	0.0	0.0	1457.0	0.0	0.0	0.0	0.0	run4_RT_NC_1-replicate-1	1457.0
np	0.0	0.0	1565.0	0.0	0.0	0.0	0.0	run4_RT_NC_1-replicate-1	1565.0
ns	0.0	0.0	890.0	0.0	0.0	0.0	0.0	run4_RT_NC_1-replicate-1	890.0
pa	79.91849529780565	59.0	721.0	310.0	256.0	946.0	0.0	run4_RT_NC_1-replicate-1	2233.0
pb1	31011.002563007263	0.0	1244.0	0.0	1.0	1.0	1095.0	run4_RT_NC_1-replicate-1	2341.0
pb2	0.0	0.0	2341.0	0.0	0.0	0.0	0.0	run4_RT_NC_1-replicate-1	2341.0
ha	0.0	0.0	1776.0	0.0	0.0	0.0	0.0	run5_PCR_NC_1-replicate-1	1776.0
mp	0.0	0.0	1027.0	0.0	0.0	0.0	0.0	run5_PCR_NC_1-replicate-1	1027.0
na	0.0	0.0	1457.0	0.0	0.0	0.0	0.0	run5_PCR_NC_1-replicate-1	1457.0
np	0.0	0.0	1565.0	0.0	0.0	0.0	0.0	run5_PCR_NC_1-replicate-1	1565.0
ns	0.0	0.0	890.0	0.0	0.0	0.0	0.0	run5_PCR_NC_1-replicate-1	890.0
pa	0.0	0.0	2233.0	0.0	0.0	0.0	0.0	run5_PCR_NC_1-replicate-1	2233.0
pb1	0.0	0.0	2341.0	0.0	0.0	0.0	0.0	run5_PCR_NC_1-replicate-1	2341.0
pb2	0.0	0.0	2341.0	0.0	0.0	0.0	0.0	run5_PCR_NC_1-replicate-1	2341.0
ha	0.0	0.0	1776.0	0.0	0.0	0.0	0.0	run5_PCR_NC_2-replicate-1	1776.0
mp	0.0	0.0	1027.0	0.0	0.0	0.0	0.0	run5_PCR_NC_2-replicate-1	1027.0
na	0.0	0.0	1457.0	0.0	0.0	0.0	0.0	run5_PCR_NC_2-replicate-1	1457.0
np	0.0	0.0	1565.0	0.0	0.0	0.0	0.0	run5_PCR_NC_2-replicate-1	1565.0
ns	0.2292134831460674	0.0	771.0	119.0	0.0	0.0	0.0	run5_PCR_NC_2-replicate-1	890.0
pa	0.0631437527989252	0.0	2162.0	71.0	0.0	0.0	0.0	run5_PCR_NC_2-replicate-1	2233.0
pb1	0.0311832550192225	0.0	2268.0	73.0	0.0	0.0	0.0	run5_PCR_NC_2-replicate-1	2341.0
pb2	0.045279794959419	0.0	2235.0	106.0	0.0	0.0	0.0	run5_PCR_NC_2-replicate-1	2341.0
ha	0.0	0.0	1776.0	0.0	0.0	0.0	0.0	run5_PCR_NC_3-replicate-1	1776.0
mp	0.5851996105160662	0.0	722.0	305.0	0.0	0.0	0.0	run5_PCR_NC_3-replicate-1	1027.0
na	0.0	0.0	1457.0	0.0	0.0	0.0	0.0	run5_PCR_NC_3-replicate-1	1457.0
np	0.0	0.0	1565.0	0.0	0.0	0.0	0.0	run5_PCR_NC_3-replicate-1	1565.0
ns	0.0	0.0	890.0	0.0	0.0	0.0	0.0	run5_PCR_NC_3-replicate-1	890.0
pa	0.0	0.0	2233.0	0.0	0.0	0.0	0.0	run5_PCR_NC_3-replicate-1	2233.0
pb1	0.0	0.0	2341.0	0.0	0.0	0.0	0.0	run5_PCR_NC_3-replicate-1	2341.0
pb2	0.0	0.0	2341.0	0.0	0.0	0.0	0.0	run5_PCR_NC_3-replicate-1	2341.0
ha	0.0	0.0	1776.0	0.0	0.0	0.0	0.0	run5_PCR_NC_4-replicate-1	1776.0
mp	0.0	0.0	1027.0	0.0	0.0	0.0	0.0	run5_PCR_NC_4-replicate-1	1027.0
na	0.0	0.0	1457.0	0.0	0.0	0.0	0.0	run5_PCR_NC_4-replicate-1	1457.0
np	0.0	0.0	1565.0	0.0	0.0	0.0	0.0	run5_PCR_NC_4-replicate-1	1565.0
ns	0.0	0.0	890.0	0.0	0.0	0.0	0.0	run5_PCR_NC_4-replicate-1	890.0
pa	0.0	0.0	2233.0	0.0	0.0	0.0	0.0	run5_PCR_NC_4-replicate-1	2233.0
pb1	0.0	0.0	2341.0	0.0	0.0	0.0	0.0	run5_PCR_NC_4-replicate-1	2341.0
pb2	0.0	0.0	2341.0	0.0	0.0	0.0	0.0	run5_PCR_NC_4-replicate-1	2341.0
ha	0.6024774774774775	0.0	1074.0	702.0	0.0	0.0	0.0	run5_RT_NC_1-replicate-1	1776.0
mp	0.0	0.0	1027.0	0.0	0.0	0.0	0.0	run5_RT_NC_1-replicate-1	1027.0
na	0.3095401509951956	0.0	1164.0	293.0	0.0	0.0	0.0	run5_RT_NC_1-replicate-1	1457.0
np	0.0	0.0	1565.0	0.0	0.0	0.0	0.0	run5_RT_NC_1-replicate-1	1565.0
ns	0.9101123595505618	1.0	248.0	642.0	0.0	0.0	0.0	run5_RT_NC_1-replicate-1	890.0
pa	0.941782355575459	1.0	1103.0	1130.0	0.0	0.0	0.0	run5_RT_NC_1-replicate-1	2233.0
pb1	0.0	0.0	2341.0	0.0	0.0	0.0	0.0	run5_RT_NC_1-replicate-1	2341.0
pb2	0.0	0.0	2341.0	0.0	0.0	0.0	0.0	run5_RT_NC_1-replicate-1	2341.0
ha	0.4971846846846847	0.0	1302.0	474.0	0.0	0.0	0.0	run6_PCR_NC_1-replicate-1	1776.0
mp	0.0	0.0	1027.0	0.0	0.0	0.0	0.0	run6_PCR_NC_1-replicate-1	1027.0
na	0.0	0.0	1457.0	0.0	0.0	0.0	0.0	run6_PCR_NC_1-replicate-1	1457.0
np	0.0	0.0	1565.0	0.0	0.0	0.0	0.0	run6_PCR_NC_1-replicate-1	1565.0
ns	9.747191011235955	10.0	0.0	890.0	0.0	0.0	0.0	run6_PCR_NC_1-replicate-1	890.0
pa	0.0716524854455888	0.0	2153.0	80.0	0.0	0.0	0.0	run6_PCR_NC_1-replicate-1	2233.0
pb1	0.0956856044425459	0.0	2229.0	112.0	0.0	0.0	0.0	run6_PCR_NC_1-replicate-1	2341.0
pb2	0.0845792396411789	0.0	2190.0	151.0	0.0	0.0	0.0	run6_PCR_NC_1-replicate-1	2341.0
ha	2.193130630630631	1.0	810.0	966.0	0.0	0.0	0.0	run6_PCR_NC_2-replicate-1	1776.0
mp	0.4751703992210321	0.0	861.0	166.0	0.0	0.0	0.0	run6_PCR_NC_2-replicate-1	1027.0
na	0.3939601921757035	0.0	1061.0	396.0	0.0	0.0	0.0	run6_PCR_NC_2-replicate-1	1457.0
np	0.2543130990415335	0.0	1322.0	243.0	0.0	0.0	0.0	run6_PCR_NC_2-replicate-1	1565.0
ns	59.0808988764045	59.0	0.0	32.0	858.0	0.0	0.0	run6_PCR_NC_2-replicate-1	890.0
pa	0.0	0.0	2233.0	0.0	0.0	0.0	0.0	run6_PCR_NC_2-replicate-1	2233.0
pb1	0.0	0.0	2341.0	0.0	0.0	0.0	0.0	run6_PCR_NC_2-replicate-1	2341.0
pb2	0.2887654848355404	0.0	2087.0	254.0	0.0	0.0	0.0	run6_PCR_NC_2-replicate-1	2341.0
ha	0.4268018018018018	0.0	1091.0	685.0	0.0	0.0	0.0	run6_PCR_NC_3-replicate-1	1776.0
mp	0.0	0.0	1027.0	0.0	0.0	0.0	0.0	run6_PCR_NC_3-replicate-1	1027.0
na	0.3967055593685655	0.0	1137.0	320.0	0.0	0.0	0.0	run6_PCR_NC_3-replicate-1	1457.0
np	0.0	0.0	1565.0	0.0	0.0	0.0	0.0	run6_PCR_NC_3-replicate-1	1565.0
ns	0.0	0.0	890.0	0.0	0.0	0.0	0.0	run6_PCR_NC_3-replicate-1	890.0
pa	0.8620689655172413	1.0	1091.0	1142.0	0.0	0.0	0.0	run6_PCR_NC_3-replicate-1	2233.0
pb1	0.4455360956856044	0.0	1800.0	541.0	0.0	0.0	0.0	run6_PCR_NC_3-replicate-1	2341.0
pb2	0.0	0.0	2341.0	0.0	0.0	0.0	0.0	run6_PCR_NC_3-replicate-1	2341.0
ha	0.0	0.0	1776.0	0.0	0.0	0.0	0.0	run6_PCR_NC_4-replicate-1	1776.0
mp	0.0	0.0	1027.0	0.0	0.0	0.0	0.0	run6_PCR_NC_4-replicate-1	1027.0
na	0.0	0.0	1457.0	0.0	0.0	0.0	0.0	run6_PCR_NC_4-replicate-1	1457.0
np	0.0	0.0	1565.0	0.0	0.0	0.0	0.0	run6_PCR_NC_4-replicate-1	1565.0
ns	0.0	0.0	890.0	0.0	0.0	0.0	0.0	run6_PCR_NC_4-replicate-1	890.0
pa	0.0	0.0	2233.0	0.0	0.0	0.0	0.0	run6_PCR_NC_4-replicate-1	2233.0
pb1	0.0	0.0	2341.0	0.0	0.0	0.0	0.0	run6_PCR_NC_4-replicate-1	2341.0
pb2	0.0	0.0	2341.0	0.0	0.0	0.0	0.0	run6_PCR_NC_4-replicate-1	2341.0
ha	0.0	0.0	1776.0	0.0	0.0	0.0	0.0	run6_PCR_NC_5-replicate-1	1776.0
mp	0.0	0.0	1027.0	0.0	0.0	0.0	0.0	run6_PCR_NC_5-replicate-1	1027.0
na	0.0	0.0	1457.0	0.0	0.0	0.0	0.0	run6_PCR_NC_5-replicate-1	1457.0
np	0.0	0.0	1565.0	0.0	0.0	0.0	0.0	run6_PCR_NC_5-replicate-1	1565.0
ns	0.5438202247191011	0.0	625.0	265.0	0.0	0.0	0.0	run6_PCR_NC_5-replicate-1	890.0
pa	0.0	0.0	2233.0	0.0	0.0	0.0	0.0	run6_PCR_NC_5-replicate-1	2233.0
pb1	0.0	0.0	2341.0	0.0	0.0	0.0	0.0	run6_PCR_NC_5-replicate-1	2341.0
pb2	0.0	0.0	2341.0	0.0	0.0	0.0	0.0	run6_PCR_NC_5-replicate-1	2341.0
ha	0.0	0.0	1776.0	0.0	0.0	0.0	0.0	run6_PCR_NC_6-replicate-1	1776.0
mp	0.0	0.0	1027.0	0.0	0.0	0.0	0.0	run6_PCR_NC_6-replicate-1	1027.0
na	0.0	0.0	1457.0	0.0	0.0	0.0	0.0	run6_PCR_NC_6-replicate-1	1457.0
np	0.0	0.0	1565.0	0.0	0.0	0.0	0.0	run6_PCR_NC_6-replicate-1	1565.0
ns	0.0	0.0	890.0	0.0	0.0	0.0	0.0	run6_PCR_NC_6-replicate-1	890.0
pa	0.2991491267353336	0.0	1899.0	334.0	0.0	0.0	0.0	run6_PCR_NC_6-replicate-1	2233.0
pb1	0.0	0.0	2341.0	0.0	0.0	0.0	0.0	run6_PCR_NC_6-replicate-1	2341.0
pb2	0.0	0.0	2341.0	0.0	0.0	0.0	0.0	run6_PCR_NC_6-replicate-1	2341.0
ha	0.0	0.0	1776.0	0.0	0.0	0.0	0.0	run6_RT_NC_2-replicate-1	1776.0
mp	0.0	0.0	1027.0	0.0	0.0	0.0	0.0	run6_RT_NC_2-replicate-1	1027.0
na	0.0	0.0	1457.0	0.0	0.0	0.0	0.0	run6_RT_NC_2-replicate-1	1457.0
np	0.0	0.0	1565.0	0.0	0.0	0.0	0.0	run6_RT_NC_2-replicate-1	1565.0
ns	0.0	0.0	890.0	0.0	0.0	0.0	0.0	run6_RT_NC_2-replicate-1	890.0
pa	0.0	0.0	2233.0	0.0	0.0	0.0	0.0	run6_RT_NC_2-replicate-1	2233.0
pb1	0.0457069628363947	0.0	2234.0	107.0	0.0	0.0	0.0	run6_RT_NC_2-replicate-1	2341.0
pb2	0.0	0.0	2341.0	0.0	0.0	0.0	0.0	run6_RT_NC_2-replicate-1	2341.0
ha	0.0	0.0	1776.0	0.0	0.0	0.0	0.0	run6_RT_NC_3-replicate-1	1776.0
mp	0.0	0.0	1027.0	0.0	0.0	0.0	0.0	run6_RT_NC_3-replicate-1	1027.0
na	0.0	0.0	1457.0	0.0	0.0	0.0	0.0	run6_RT_NC_3-replicate-1	1457.0
np	0.0	0.0	1565.0	0.0	0.0	0.0	0.0	run6_RT_NC_3-replicate-1	1565.0
ns	0.0	0.0	890.0	0.0	0.0	0.0	0.0	run6_RT_NC_3-replicate-1	890.0
pa	0.0	0.0	2233.0	0.0	0.0	0.0	0.0	run6_RT_NC_3-replicate-1	2233.0
pb1	0.0	0.0	2341.0	0.0	0.0	0.0	0.0	run6_RT_NC_3-replicate-1	2341.0
pb2	0.0	0.0	2341.0	0.0	0.0	0.0	0.0	run6_RT_NC_3-replicate-1	2341.0
