SequencingId	SampleId	Replicate
c_com1_rep1	c_com1	1
c_com1_rep2	c_com1	2
c_com1_rep3	c_com1	1
c_com2_rep1	c_com2	1
c_com2_rep2	c_com2	2
c_com3_rep1	c_com3	1
c_com3_rep2	c_com3	2
c_com3_rep3	c_com3	1
c_com3_rep4	c_com3	2
c_com4_rep1	c_com4	1
c_com4_rep2	c_com4	2
c_com5_rep1	c_com5	1
c_com5_rep2	c_com5	2
c_com6_rep1	c_com6	1
c_com6_rep2	c_com6	2
c_lbm10_rep1	c_lbm10	1
c_lbm10_rep2	c_lbm10	2
c_lbm11_rep1	c_lbm11	1
c_lbm11_rep2	c_lbm11	2
c_lbm11_rep3	c_lbm11	1
c_lbm11_rep4	c_lbm11	2
c_lbm1_rep1	c_lbm1	1
c_lbm1_rep2	c_lbm1	2
c_lbm2_rep1	c_lbm2	1
c_lbm2_rep2	c_lbm2	2
c_lbm2_rep3	c_lbm2	1
c_lbm3_rep1	c_lbm3	1
c_lbm3_rep2	c_lbm3	2
c_lbm3_rep3	c_lbm3	1
c_lbm3_rep4	c_lbm3	2
c_lbm4_rep2	c_lbm4	2
c_lbm5_rep1	c_lbm5	1
c_lbm5_rep2	c_lbm5	2
c_lbm6_rep1	c_lbm6	1
c_lbm6_rep2	c_lbm6	2
c_lbm7_rep1	c_lbm7	1
c_lbm7_rep2	c_lbm7	2
c_lbm8_rep1	c_lbm8	1
c_lbm8_rep2	c_lbm8	2
c_lbm8_rep4	c_lbm8	2
c_lbm9_rep1	c_lbm9	1
c_lbm9_rep2	c_lbm9	2
CB_com1_R1	cb_com1	1
CB_com1_R2	cb_com1	2
cb_com1_rep3	cb_com1	1
CB_com1_rep4	cb_com1	2
CB_com2_R1	cb_com2	1
CB_com2_R2	cb_com2	2
cb_com2_rep3	cb_com2	1
CB_com2_rep4	cb_com2	2
CB_com3_Rep1	cb_com3	1
CB_com3_Rep2	cb_com3	2
CB_Com3_Rep3	cb_com3	1
CB_com3_rep3	cb_com3	1
CB_com3_rep6	cb_com3	2
CB_com4_Rep1	cb_com4	1
CB_com4_Rep2	cb_com4	2
CB_Com4_Rep3	cb_com4	1
CB_com4_rep4	cb_com4	2
CB_com4_rep5	cb_com4	1
ckr_com1_rep1	ckr_com1	1
ckr_com1_rep2	ckr_com1	2
ckr_com2_rep1	ckr_com2	1
ckr_com2_rep2	ckr_com2	2
ckr_com3_rep1	ckr_com3	1
ckr_com3_rep2	ckr_com3	2
ckr_lbm1_rep1	ckr_lbm1	1
ckr_lbm1_rep2	ckr_lbm1	2
CL_C1_Rep1	cl_c1	1
CL_C2_Rep1	cl_c2	1
d_com1_rep1	d_com1	1
d_com1_rep2	d_com1	2
d_com2_rep1	d_com2	1
d_com2_rep2	d_com2	2
d_com3_rep1	d_com3	1
d_com3_rep2	d_com3	2
d_com3_rep4	d_com3	2
d_lbm1_rep1	d_lbm1	1
d_lbm1_rep2	d_lbm1	2
d_lbm1_rep3	d_lbm1	1
d_lbm1_rep4	d_lbm1	2
d_lbm2_rep1	d_lbm2	1
d_lbm2_rep2	d_lbm2	2
d_lbm2_rep3	d_lbm2	1
d_lbm2_rep4	d_lbm2	2
d_lbm3_rep1	d_lbm3	1
d_lbm3_rep2	d_lbm3	2
d_lbm3_rep4	d_lbm3	2
d_lbm4_rep1	d_lbm4	1
d_lbm4_rep2	d_lbm4	2
d_lbm4_rep3	d_lbm4	1
d_lbm4_rep4	d_lbm4	2
G_com1_Rep1	g_com1	1
G_com1_Rep2	g_com1	2
G_Com1_Rep3	g_com1	1
G_Com1_Rep4	g_com1	2
G_com2_Rep1	g_com2	1
G_com2_Rep2	g_com2	2
G_Com2_Rep3	g_com2	1
G_Com2_Rep4	g_com2	2
g_lbm1_rep1	g_lbm1	1
g_lbm1_rep2	g_lbm1	2
gn_lbm1_rep1	gn_lbm1	1
gn_lbm1_rep2	gn_lbm1	2
gn_lbm1_rep3	gn_lbm1	1
KC_com1_R1	kc_com1	1
KC_com1_R2	kc_com1	2
KC_com1_rep3	kc_com1	1
KC_com1_rep4	kc_com1	2
KC_com2_R1	kc_com2	1
KC_com2_R2	kc_com2	2
kc_com2_rep3	kc_com2	1
KC_com2_rep4	kc_com2	2
KC_com3_Rep1	kc_com3	1
KC_com3_Rep2	kc_com3	2
KC_com3_rep3	kc_com3	1
KC_com3_rep4	kc_com3	2
KC_com4_Rep1	kc_com4	1
KC_com4_Rep2	kc_com4	2
KC_Com4_Rep3	kc_com4	1
KC_com4_rep5	kc_com4	1
KC_com4_rep6	kc_com4	2
KC_com5_Rep1	kc_com5	1
KC_com5_Rep2	kc_com5	2
KC_com5_rep3	kc_com5	1
KC_com5_rep4	kc_com5	2
KC_com6_Rep1	kc_com6	1
KC_com6_Rep2	kc_com6	2
KC_Com6_Rep3	kc_com6	1
KC_com6_rep3	kc_com6	1
KC_com6_rep6	kc_com6	2
KC_com7_Rep1	kc_com7	1
KC_com7_Rep2	kc_com7	2
KC_Com7_Rep3	kc_com7	1
KC_Com7_Rep4	kc_com7	2
KC_com8_Rep1	kc_com8	1
KC_com8_Rep2	kc_com8	2
KC_com8_rep3	kc_com8	1
KC_com8_rep4	kc_com8	2
PCR_NC1_run10	PCR_NC1_run10	1
PCR_NC1_run9	PCR_NC1_run9	1
pcr_nc2_run10	pcr_nc2_run10	1
pcr_nc2_run9	pcr_nc2_run9	1
pcr_nc3_run10	pcr_nc3_run10	1
pcr_nc4_run10	pcr_nc4_run10	1
PCRNC1_run8	PCRNC1_run8	1
PCRNC2_run8	PCRNC2_run8	1
PCRNC3_run9	PCRNC3_run9	1
PCRNC4_run9	PCRNC4_run9	1
rt_nc2_run10	rt_nc2_run10	1
rt_nc3_run10	rt_nc3_run10	1
rt_nc_run9	rt_nc_run9	1
RTNC2_run8	RTNC2_run8	1
run4_PCR_NC_1	run4_PCR_NC_1	1
run4_PCR_NC_2	run4_PCR_NC_2	1
run4_PCR_NC_3	run4_PCR_NC_3	1
run4_PCR_NC_4	run4_PCR_NC_4	1
run4_RT_NC_1	run4_RT_NC_1	1
run5_PCR_NC_1	run5_PCR_NC_1	1
run5_PCR_NC_2	run5_PCR_NC_2	1
run5_PCR_NC_3	run5_PCR_NC_3	1
run5_PCR_NC_4	run5_PCR_NC_4	1
run5_RT_NC_1	run5_RT_NC_1	1
run6_PCR_NC_1	run6_PCR_NC_1	1
run6_PCR_NC_2	run6_PCR_NC_2	1
run6_PCR_NC_3	run6_PCR_NC_3	1
run6_PCR_NC_4	run6_PCR_NC_4	1
run6_PCR_NC_5	run6_PCR_NC_5	1
run6_PCR_NC_6	run6_PCR_NC_6	1
run6_RT_NC_2	run6_RT_NC_2	1
run6_RT_NC_3	run6_RT_NC_3	1