sample	replicate	segment	position	penultimate_base	final_base
c_com1	1	pb2	378	N	T
c_com1	1	pb2	379	N	T
c_com1	1	pb2	380	N	A
c_com1	1	pb2	381	N	T
c_com1	1	pb2	388	N	A
c_com1	1	pb2	389	N	A
c_com1	1	pb2	390	N	A
c_com1	1	pb2	391	N	G
c_com1	1	pb2	392	N	T
c_com1	1	pb2	393	N	T
c_com1	1	pb2	394	N	G
c_com1	1	pb2	395	N	A
c_com1	1	pb2	396	N	A
c_com1	1	pb2	397	N	A
c_com1	1	pb2	398	N	G
c_com1	1	pb2	399	N	G
c_com1	1	pb2	400	N	T
c_com1	1	pb2	401	N	T
c_com1	1	pb2	402	N	G
c_com1	1	pb2	403	N	A
c_com1	1	pb2	404	N	A
c_com1	1	pb2	405	N	A
c_com1	1	pb2	406	N	C
c_com1	1	pb2	407	N	A
c_com1	1	pb2	412	N	A
c_com1	1	pb2	413	N	C
c_com1	1	pb2	414	N	C
c_com1	1	pb2	415	N	T
c_com1	1	pb2	416	N	T
c_com1	1	pb2	417	N	T
c_com1	1	pb2	418	N	G
c_com1	1	pb2	419	N	G
c_com1	1	pb2	420	N	C
c_com1	1	pb2	421	N	C
c_com1	1	pb2	694	N	G
c_com1	1	pb2	695	N	G
c_com1	1	pb2	696	N	A
c_com1	1	pb2	697	N	A
c_com1	1	pb2	698	N	C
c_com1	1	pb2	699	N	A
c_com1	1	pb2	700	N	A
c_com1	1	pb2	701	N	G
c_com1	1	pb2	702	N	C
c_com1	1	pb2	703	N	A
c_com1	1	pb2	704	N	G
c_com1	1	pb2	705	N	T
c_com1	1	pb2	706	N	G
c_com1	1	pb2	707	N	T
c_com1	1	pb2	708	N	C
c_com1	1	pb2	709	N	T
c_com1	1	pb2	710	N	A
c_com1	1	pb2	711	N	C
c_com1	1	pb2	712	N	A
c_com1	1	pb2	713	N	T
c_com1	1	pb2	714	N	T
c_com1	1	pb2	715	N	G
c_com1	1	pb2	716	N	A
c_com1	1	pb2	717	N	G
c_com1	1	pb2	1013	N	C
c_com1	1	pb2	1015	N	T
c_com1	1	pb2	1016	N	T
c_com1	1	pb2	1017	N	T
c_com1	1	pb2	1021	N	A
c_com1	1	pb2	1022	N	G
c_com1	1	pb2	1023	N	A
c_com1	1	pb2	1024	N	A
c_com1	2	na	260	N	A
c_com1	2	na	261	N	G
c_com1	2	na	262	N	A
c_com1	2	na	263	N	T
c_com1	2	na	264	N	C
c_com1	2	na	265	N	C
c_com1	2	na	266	N	A
c_com1	2	na	267	N	G
c_com1	2	na	268	N	T
c_com1	2	na	269	N	A
c_com1	2	na	270	N	G
c_com1	2	na	271	N	C
c_com1	2	na	272	N	A
c_com1	2	na	273	N	C
c_com1	2	pb2	426	N	A
c_com1	2	pb2	427	N	C
c_com1	2	pb2	428	N	A
c_com1	2	pb2	429	N	C
c_com1	2	pb2	430	N	T
c_com1	2	pb2	431	N	T
c_com1	2	pb2	432	N	C
c_com1	2	pb2	433	N	A
c_com1	2	pb2	434	N	G
c_com1	2	pb2	435	N	A
c_com1	2	pb2	436	N	A
c_com1	2	pb2	437	N	A
c_com1	2	pb2	438	N	C
c_com1	2	pb2	439	N	C
c_com1	2	pb2	440	N	A
c_com1	2	pb2	441	N	A
c_com1	2	pb2	442	N	G
c_com1	2	pb2	443	N	T
c_com1	2	pb2	444	N	T
c_com1	2	pb2	445	N	A
c_com1	2	pb2	446	N	A
c_com1	2	pb2	447	N	G
c_com1	2	pb2	448	N	A
c_com1	2	pb2	449	N	T
c_com1	2	pb2	450	N	A
c_com1	2	pb2	451	N	A
c_com1	2	pb2	452	N	G
c_com1	2	pb2	453	N	A
c_com1	2	pb2	454	N	C
c_com1	2	pb2	455	N	G
c_com1	2	pb2	456	N	G
c_com1	2	pb2	457	N	A
c_com1	2	pb2	458	N	A
c_com1	2	pb2	459	N	G
c_com1	2	pb2	460	N	G
c_com1	2	pb2	461	N	T
c_com1	2	pb2	462	N	C
c_com1	2	pb2	463	N	G
c_com1	2	pb2	501	N	G
c_com1	2	pb2	502	N	G
c_com1	2	pb2	503	N	C
c_com1	2	pb2	504	N	G
c_com1	2	pb2	505	N	C
c_com1	2	pb2	506	N	A
c_com1	2	pb2	507	N	G
c_com1	2	pb2	517	N	A
c_com1	2	pb2	518	N	T
c_com1	2	pb2	519	N	G
c_com1	2	pb2	520	N	G
c_com1	2	pb2	521	N	A
c_com1	2	pb2	522	N	A
c_com1	2	pb2	523	N	G
c_com1	2	pb2	524	N	T
c_com1	2	pb2	525	N	T
c_com1	2	pb2	526	N	G
c_com1	2	pb2	527	N	T
c_com1	2	pb2	528	N	C
c_com1	2	pb2	529	N	T
c_com1	2	pb2	530	N	T
c_com1	2	pb2	531	N	T
c_com1	2	pb2	532	N	C
c_com1	2	pb2	533	N	C
c_com1	2	pb2	534	N	A
c_com1	2	pb2	535	N	A
c_com1	2	pb2	536	N	A
c_com1	2	pb2	537	N	T
c_com1	2	pb2	538	N	G
c_com1	2	pb2	539	N	A
c_com1	2	pb2	540	N	A
c_com1	2	pb2	541	N	G
c_com1	2	pb2	542	N	T
c_com1	2	pb2	543	N	A
c_com1	2	pb2	544	N	G
c_com1	2	pb2	545	N	G
c_com1	2	pb2	546	N	A
c_com1	2	pb2	547	N	G
c_com1	2	pb2	548	N	C
c_com1	2	pb2	549	N	G
c_com1	2	pb2	550	N	A
c_com1	2	pb2	551	N	G
c_com1	2	pb2	552	N	A
c_com1	2	pb2	553	N	A
c_com1	2	pb2	554	N	T
c_com1	2	pb2	555	N	A
c_com1	2	pb2	556	N	T
c_com1	2	pb2	557	N	T
c_com1	2	pb2	558	N	G
c_com1	2	pb2	559	N	A
c_com1	2	pb2	560	N	C
c_com1	2	pb2	561	N	G
c_com1	2	pb2	562	N	T
c_com1	2	pb2	563	N	C
c_com1	2	pb2	564	N	G
c_com1	2	pb2	565	N	G
c_com1	2	pb2	566	N	A
c_com1	2	pb2	567	N	G
c_com1	2	pb2	568	N	T
c_com1	2	pb2	569	N	C
c_com1	2	pb2	570	N	A
c_com1	2	pb2	571	N	C
c_com1	2	pb2	572	N	A
c_com1	2	pb2	573	N	A
c_com1	2	pb2	574	N	T
c_com1	2	pb2	575	N	T
c_com1	2	pb2	576	N	G
c_com1	2	pb2	577	N	A
c_com1	2	pb2	578	N	C
c_com1	2	pb2	579	N	G
c_com1	2	pb2	580	N	A
c_com1	2	pb2	581	N	T
c_com1	2	pb2	582	N	A
c_com1	2	pb2	583	N	A
c_com1	2	pb2	584	N	C
c_com1	2	pb2	585	N	A
c_com1	2	pb2	586	N	A
c_com1	2	pb2	587	N	A
c_com1	2	pb2	588	N	G
c_com1	2	pb2	589	N	G
c_com1	2	pb2	590	N	A
c_com1	2	pb2	591	N	A
c_com1	2	pb2	592	N	A
c_com1	2	pb2	593	N	A
c_com1	2	pb2	594	N	G
c_com1	2	pb2	595	N	A
c_com1	2	pb2	596	N	A
c_com1	2	pb2	597	N	G
c_com1	2	pb2	598	N	G
c_com1	2	pb2	599	N	A
c_com1	2	pb2	600	N	A
c_com1	2	pb2	601	N	G
c_com1	2	pb2	602	N	A
c_com1	2	pb2	603	N	A
c_com1	2	pb2	604	N	C
c_com1	2	pb2	605	N	T
c_com1	2	pb2	606	N	C
c_com1	2	pb2	607	N	C
c_com1	2	pb2	608	N	A
c_com1	2	pb2	609	N	G
c_com1	2	pb2	610	N	G
c_com1	2	pb2	611	N	A
c_com1	2	pb2	612	N	A
c_com1	2	pb2	613	N	T
c_com1	2	pb2	614	N	G
c_com1	2	pb2	615	N	C
c_com1	2	pb2	616	N	A
c_com1	2	pb2	617	N	A
c_com1	2	pb2	618	N	A
c_com1	2	pb2	619	N	A
c_com1	2	pb2	620	N	T
c_com1	2	pb2	621	N	C
c_com1	2	np	336	N	C
c_com1	2	np	337	N	A
c_com1	2	np	338	N	G
c_com1	2	np	339	N	G
c_com1	2	np	340	N	A
c_com1	2	np	341	N	G
c_com1	2	np	342	N	A
c_com1	2	np	568	N	A
c_com1	2	np	569	N	G
c_com1	2	np	570	N	A
c_com1	2	np	571	N	T
c_com1	2	np	572	N	C
c_com1	2	np	573	N	C
c_com1	2	np	574	N	G
c_com1	2	np	575	N	G
c_com1	2	np	576	N	G
c_com1	2	np	577	N	G
c_com1	2	np	578	N	C
c_com1	2	np	579	N	T
c_com1	2	np	580	N	G
c_com1	2	np	581	N	C
c_com1	2	np	582	N	T
c_com1	2	np	583	N	G
c_com1	2	np	584	N	G
c_com1	2	np	585	N	A
c_com1	2	np	586	N	G
c_com1	2	np	587	N	C
c_com1	2	np	588	N	A
c_com1	2	np	589	N	G
c_com1	2	np	590	N	C
c_com1	2	np	591	N	A
c_com1	2	np	592	N	G
c_com1	2	np	593	N	T
c_com1	2	np	594	N	G
c_com1	2	np	595	N	A
c_com1	2	np	596	N	A
c_com1	2	np	597	N	A
c_com1	2	np	598	N	G
c_com1	2	np	599	N	G
c_com1	2	np	600	N	A
c_com1	2	np	601	N	G
c_com1	2	np	602	N	T
c_com1	2	np	603	N	T
c_com1	2	np	604	N	G
c_com1	2	np	605	N	G
c_com1	2	np	606	N	A
c_com1	2	np	607	N	A
c_com1	2	np	608	N	C
c_com1	2	np	609	N	A
c_com1	2	np	610	N	A
c_com1	2	np	611	N	T
c_com1	2	np	612	N	G
c_com1	2	np	613	N	G
c_com1	2	np	614	N	T
c_com1	2	np	725	N	A
c_com1	2	np	726	N	A
c_com1	2	np	727	N	G
c_com1	2	np	728	N	G
c_com1	2	np	729	N	G
c_com1	2	np	730	N	A
c_com1	2	np	731	N	A
c_com1	2	np	732	N	A
c_com1	2	np	733	N	G
c_com1	2	np	734	N	T
c_com1	2	np	735	N	T
c_com1	2	np	736	N	C
c_com1	2	np	737	N	C
c_com1	2	np	738	N	A
c_com1	2	np	739	N	A
c_com1	2	np	740	N	A
c_com1	2	np	741	N	C
c_com1	2	np	742	N	A
c_com1	2	np	743	N	G
c_com1	2	np	744	N	C
c_com1	2	np	745	N	A
c_com1	2	np	746	N	G
c_com1	2	np	747	N	C
c_com1	2	np	748	N	A
c_com1	2	np	749	N	C
c_com1	2	np	750	N	A
c_com1	2	np	751	N	A
c_com1	2	np	752	N	C
c_com1	2	np	753	N	G
c_com1	2	np	754	N	A
c_com1	2	np	755	N	G
c_com1	2	np	756	N	C
c_com1	2	np	758	T	A
c_com1	2	np	759	G	T
c_com1	2	np	760	A	G
c_com1	2	np	761	T	A
c_com1	2	np	762	G	T
c_com1	2	np	764	A	G
c_com1	2	np	765	C	A
c_com1	2	np	767	A	C
c_com1	2	np	769	G	A
c_com1	2	np	770	T	G
c_com1	2	np	771	G	T
c_com1	2	np	772	A	G
c_com1	2	np	773	G	A
c_com1	2	np	776	A	G
c_com1	2	np	779	G	A
c_com1	2	np	780	C	G
c_com1	2	np	782	G	C
c_com1	2	np	784	A	G
c_com1	2	np	786	T	A
c_com1	2	np	787	C	T
c_com1	2	np	789	T	C
c_com1	2	np	790	G	T
c_com1	2	np	793	A	G
c_com1	2	np	795	T	A
c_com1	2	np	796	G	T
c_com1	2	np	797	C	G
c_com1	2	np	798	T	C
c_com1	2	np	799	G	T
c_com1	2	np	800	A	G
c_com1	2	np	801	G	A
c_com1	2	np	802	A	G
c_com1	2	np	803	T	A
c_com1	2	np	805	G	T
c_com1	2	np	806	A	G
c_com1	2	np	808	G	A
c_com1	2	np	809	A	G
c_com1	2	np	810	T	A
c_com1	2	np	811	C	T
c_com1	2	np	812	T	C
c_com1	2	np	813	C	T
c_com1	2	np	814	A	C
c_com1	2	np	815	T	A
c_com1	2	np	816	C	T
c_com1	2	np	817	T	C
c_com1	2	np	820	C	T
c_com1	2	np	821	T	C
c_com1	2	np	822	C	T
c_com1	2	np	823	G	C
c_com1	2	np	824	C	G
c_com1	2	np	825	A	C
c_com1	2	np	826	C	A
c_com1	2	np	827	G	C
c_com1	2	np	828	A	G
c_com1	2	np	829	T	A
c_com1	2	np	830	C	T
c_com1	2	np	831	T	C
c_com1	2	np	832	G	T
c_com1	2	np	833	C	G
c_com1	2	np	834	T	C
c_com1	2	np	835	C	T
c_com1	2	np	836	T	C
c_com1	2	np	837	C	T
c_com1	2	np	838	A	C
c_com1	2	np	839	T	A
c_com1	2	np	840	C	T
c_com1	2	np	841	T	C
c_com1	2	np	843	G	T
c_com1	2	np	844	A	G
c_com1	2	np	845	G	A
c_com1	2	np	849	A	G
c_com1	2	np	850	T	A
c_com1	2	np	851	C	T
c_com1	2	np	852	A	C
c_com1	2	np	853	G	A
c_com1	2	np	854	T	G
c_com1	2	np	855	G	T
c_com1	2	np	857	C	G
c_com1	2	np	858	T	C
c_com1	2	np	859	C	T
c_com1	2	np	860	A	C
c_com1	2	np	861	T	A
c_com1	2	np	862	A	T
c_com1	2	np	864	G	A
c_com1	2	np	865	T	G
c_com1	2	np	866	C	T
c_com1	2	np	868	T	C
c_com1	2	np	869	G	T
c_com1	2	np	870	T	G
c_com1	2	np	871	C	T
c_com1	2	np	872	T	C
c_com1	2	np	873	G	T
c_com1	2	np	874	C	G
c_com1	2	np	876	T	C
c_com1	2	np	877	G	T
c_com1	2	np	878	C	G
c_com1	2	np	879	T	C
c_com1	2	np	881	G	T
c_com1	2	np	882	C	G
c_com1	2	np	883	G	C
c_com1	2	np	884	T	G
c_com1	2	np	885	G	T
c_com1	2	np	886	T	G
c_com1	2	np	887	A	T
c_com1	2	np	888	T	A
c_com1	2	np	889	G	T
c_com1	2	np	891	A	G
c_com1	2	np	892	C	A
c_com1	2	np	893	T	C
c_com1	2	np	895	G	T
c_com1	2	np	896	C	G
c_com1	2	np	897	T	C
c_com1	2	np	898	G	T
c_com1	2	np	899	T	G
c_com1	2	np	900	A	T
c_com1	2	np	901	G	A
c_com1	2	np	902	C	G
c_com1	2	np	904	A	C
c_com1	2	np	905	G	A
c_com1	2	np	906	T	G
c_com1	2	np	907	G	T
c_com1	2	np	909	A	G
c_com1	2	np	910	T	A
c_com1	2	np	911	A	T
c_com1	2	np	912	T	A
c_com1	2	np	913	G	T
c_com1	2	np	914	A	G
c_com1	2	np	915	C	A
c_com1	2	np	916	T	C
c_com1	2	np	919	N	T
c_com1	2	np	920	N	G
c_com1	2	np	921	N	A
c_com1	2	np	922	N	A
c_com1	2	np	923	N	A
c_com1	2	np	924	N	G
c_com1	2	np	925	N	A
c_com1	2	np	926	N	G
c_com1	2	np	927	N	A
c_com1	2	np	928	N	A
c_com1	2	np	929	N	G
c_com1	2	np	930	N	G
c_com1	2	np	931	N	A
c_com1	2	np	932	N	T
c_com1	2	np	933	N	A
c_com1	2	np	934	N	C
c_com1	2	np	935	N	T
c_com1	2	np	936	N	C
c_com1	2	np	937	N	T
c_com1	2	np	938	N	C
c_com1	2	np	939	N	T
c_com1	2	np	940	N	A
c_com1	2	np	941	N	G
c_com1	2	np	942	N	T
c_com1	2	np	943	N	C
c_com1	2	np	944	N	G
c_com1	2	np	945	N	G
c_com1	2	np	946	N	A
c_com1	2	np	947	N	A
c_com1	2	np	948	N	T
c_com1	2	np	949	N	T
c_com1	2	np	950	N	G
c_com1	2	np	951	N	A
c_com1	2	np	952	N	T
c_com1	2	np	953	N	C
c_com1	2	np	954	N	C
c_com1	2	np	955	N	T
c_com1	2	np	956	N	T
c_com1	2	np	957	N	T
c_com1	2	np	958	N	C
c_com1	2	np	959	N	C
c_com1	2	np	960	N	G
c_com1	2	np	961	N	T
c_com1	2	np	962	N	C
c_com1	2	np	963	N	T
c_com1	2	np	964	N	G
c_com1	2	np	965	N	C
c_com1	2	np	966	N	T
c_com1	2	np	967	N	C
c_com1	2	np	968	N	C
c_com1	2	np	969	N	A
c_com1	2	np	970	N	A
c_com1	2	np	971	N	A
c_com1	2	np	972	N	A
c_com1	2	np	973	N	C
c_com1	2	np	974	N	A
c_com1	2	np	975	N	G
c_com1	2	np	976	N	T
c_com1	2	np	977	N	C
c_com1	2	np	978	N	A
c_com1	2	np	979	N	A
c_com1	2	np	980	N	G
c_com1	2	np	981	N	T
c_com1	2	np	982	N	C
c_com1	2	np	983	N	T
c_com1	2	np	984	N	T
c_com1	2	np	985	N	C
c_com1	2	np	986	N	A
c_com1	2	np	987	N	G
c_com1	2	np	988	N	T
c_com1	2	np	989	N	C
c_com1	2	np	990	N	T
c_com1	2	np	991	N	C
c_com1	2	np	992	N	A
c_com1	2	np	993	N	T
c_com1	2	np	1030	N	G
c_com1	2	np	1031	N	G
c_com1	2	np	1032	N	T
c_com1	2	np	1033	N	A
c_com1	2	np	1034	N	T
c_com1	2	np	1035	N	G
c_com1	2	np	1036	N	G
c_com1	2	np	1037	N	A
c_com1	2	np	1038	N	T
c_com1	2	np	1040	N	G
c_com1	2	np	1041	N	C
c_com1	2	np	1042	N	A
c_com1	2	np	1043	N	T
c_com1	2	np	1044	N	G
c_com1	2	np	1055	N	G
c_com1	2	np	1056	N	C
c_com1	2	np	1057	N	A
c_com1	2	np	1058	N	T
c_com1	2	np	1059	N	T
c_com1	2	np	1060	N	T
c_com1	2	np	1061	N	G
c_com1	2	np	1062	N	A
c_com1	2	np	1063	N	G
c_com1	2	np	1064	N	G
c_com1	2	np	1065	N	A
c_com1	2	np	1066	N	T
c_com1	2	np	1067	N	C
c_com1	2	np	1068	N	T
c_com1	2	np	1069	N	A
c_com1	2	np	1070	N	A
c_com1	2	np	1071	N	G
c_com1	2	np	1072	N	A
c_com1	2	np	1073	N	G
c_com1	2	np	1074	N	T
c_com1	2	np	1075	N	G
c_com1	2	np	1076	N	T
c_com1	2	np	1077	N	C
c_com1	2	np	1078	N	A
c_com1	2	np	1079	N	A
c_com1	2	np	1080	N	G
c_com1	2	np	1081	N	C
c_com1	2	np	1082	N	T
c_com1	2	np	1083	N	T
c_com1	2	np	1084	N	T
c_com1	2	np	1085	N	A
c_com1	2	np	1086	N	T
c_com1	2	np	1087	N	C
c_com1	2	np	1088	N	A
c_com1	2	np	1089	N	G
c_com1	2	np	1090	N	A
c_com1	2	np	1091	N	G
c_com1	2	np	1092	N	G
c_com1	2	np	1093	N	G
c_com1	2	np	1094	N	A
c_com1	2	np	1095	N	C
c_com1	2	np	1096	N	A
c_com1	2	np	1097	N	A
c_com1	2	np	1098	N	G
c_com1	2	np	1099	N	A
c_com1	2	np	1100	N	G
c_com1	2	np	1101	N	T
c_com1	2	np	1102	N	A
c_com1	2	np	1103	N	G
c_com1	2	np	1104	N	T
c_com1	2	np	1105	N	C
c_com1	2	np	1106	N	C
c_com1	2	np	1107	N	C
c_com1	2	np	1108	N	A
c_com1	2	np	1109	N	A
c_com1	2	np	1110	N	G
c_com1	2	np	1111	N	A
c_com1	2	np	1112	N	G
c_com1	2	np	1113	N	G
c_com1	2	np	1114	N	A
c_com1	2	np	1115	N	C
c_com1	2	np	1116	N	A
c_com1	2	np	1117	N	A
c_com1	2	np	1118	N	C
c_com1	2	np	1119	N	T
c_com1	2	np	1120	N	G
c_com1	2	np	1121	N	T
c_com1	2	np	1122	N	C
c_com1	2	np	1123	N	C
c_com1	2	np	1124	N	A
c_com1	2	np	1125	N	C
c_com1	2	np	1126	N	C
c_com1	2	np	1127	N	A
c_com1	2	np	1128	A	G
c_com1	2	np	1129	G	A
c_com1	2	np	1131	A	G
c_com1	2	np	1132	G	A
c_com1	2	np	1133	T	G
c_com1	2	np	1135	C	T
c_com1	2	np	1136	A	C
c_com1	2	np	1137	G	A
c_com1	2	np	1138	A	G
c_com1	2	np	1139	T	A
c_com1	2	np	1141	G	T
c_com1	2	np	1142	C	G
c_com1	2	np	1143	T	C
c_com1	2	np	1145	C	T
c_com1	2	np	1146	A	C
c_com1	2	np	1149	T	A
c_com1	2	np	1150	G	T
c_com1	2	np	1151	A	G
c_com1	2	np	1155	C	A
c_com1	2	np	1156	A	C
c_com1	2	np	1157	T	A
c_com1	2	np	1158	G	T
c_com1	2	np	1160	A	G
c_com1	2	np	1161	G	A
c_com1	2	np	1162	A	G
c_com1	2	np	1163	C	A
c_com1	2	np	1164	A	C
c_com1	2	np	1166	T	A
c_com1	2	np	1167	G	T
c_com1	2	np	1169	A	G
c_com1	2	np	1170	C	A
c_com1	2	np	1171	T	C
c_com1	2	np	1172	C	T
c_com1	2	np	1174	A	C
c_com1	2	np	1175	G	A
c_com1	2	np	1176	T	G
c_com1	2	np	1177	A	T
c_com1	2	np	1178	C	A
c_com1	2	np	1179	T	C
c_com1	2	np	1180	C	T
c_com1	2	np	1181	T	C
c_com1	2	np	1183	G	T
c_com1	2	np	1184	A	G
c_com1	2	np	1186	C	A
c_com1	2	np	1187	T	C
c_com1	2	np	1188	G	T
c_com1	2	np	1189	A	G
c_com1	2	np	1190	G	A
c_com1	2	np	1192	A	G
c_com1	2	np	1193	G	A
c_com1	2	np	1194	C	G
c_com1	2	np	1195	A	C
c_com1	2	np	1196	G	A
c_com1	2	np	1197	A	G
c_com1	2	np	1198	T	A
c_com1	2	np	1199	A	T
c_com1	2	np	1200	C	A
c_com1	2	np	1201	T	C
c_com1	2	np	1202	G	T
c_com1	2	np	1205	C	G
c_com1	2	np	1206	T	C
c_com1	2	np	1207	A	T
c_com1	2	np	1208	T	A
c_com1	2	np	1209	A	T
c_com1	2	np	1211	G	A
c_com1	2	np	1212	A	G
c_com1	2	np	1214	C	A
c_com1	2	np	1215	A	C
c_com1	2	np	1217	G	A
c_com1	2	np	1218	A	G
c_com1	2	np	1220	G	A
c_com1	2	np	1221	T	G
c_com1	2	np	1222	G	T
c_com1	2	np	1224	A	G
c_com1	2	np	1225	G	A
c_com1	2	np	1227	A	G
c_com1	2	np	1230	C	A
c_com1	2	np	1231	A	C
c_com1	2	np	1232	C	A
c_com1	2	np	1233	T	C
c_com1	2	np	1234	A	T
c_com1	2	np	1236	C	A
c_com1	2	np	1238	A	C
c_com1	2	np	1240	C	A
c_com1	2	np	1241	A	C
c_com1	2	np	1242	G	A
c_com1	2	np	1243	A	G
c_com1	2	np	1244	G	A
c_com1	2	np	1245	A	G
c_com1	2	np	1246	G	A
c_com1	2	np	1247	C	G
c_com1	2	np	1248	A	C
c_com1	2	np	1249	T	A
c_com1	2	np	1250	C	T
c_com1	2	np	1251	T	C
c_com1	2	np	1252	G	T
c_com1	2	np	1253	C	G
c_com1	2	np	1254	A	C
c_com1	2	np	1255	G	A
c_com1	2	np	1258	C	G
c_com1	2	np	1259	A	C
c_com1	2	np	1262	T	A
c_com1	2	np	1263	C	T
c_com1	2	np	1264	A	C
c_com1	2	np	1265	G	A
c_com1	2	np	1266	C	G
c_com1	2	np	1267	G	C
c_com1	2	np	1268	T	G
c_com1	2	np	1269	A	T
c_com1	2	np	1270	C	A
c_com1	2	np	1271	A	C
c_com1	2	np	1272	G	A
c_com1	2	np	1273	C	G
c_com1	2	np	1276	A	C
c_com1	2	np	1277	C	A
c_com1	2	np	1278	A	C
c_com1	2	np	1279	T	A
c_com1	2	np	1281	C	T
c_com1	2	np	1282	T	C
c_com1	2	np	1283	C	T
c_com1	2	np	1284	T	C
c_com1	2	np	1285	G	T
c_com1	2	np	1286	T	G
c_com1	2	np	1287	G	T
c_com1	2	np	1288	C	G
c_com1	2	np	1289	A	C
c_com1	2	np	1290	G	A
c_com1	2	np	1291	A	G
c_com1	2	np	1292	G	A
c_com1	2	np	1293	A	G
c_com1	2	np	1296	C	A
c_com1	2	np	1298	T	C
c_com1	2	np	1299	C	T
c_com1	2	np	1302	A	C
c_com1	2	np	1303	T	A
c_com1	2	np	1305	C	T
c_com1	2	np	1306	G	C
c_com1	2	np	1307	A	G
c_com1	2	np	1310	G	A
c_com1	2	np	1311	A	G
c_com1	2	np	1312	G	A
c_com1	2	np	1313	C	G
c_com1	2	np	1314	A	C
c_com1	2	np	1316	C	A
c_com1	2	np	1318	A	C
c_com1	2	np	1319	T	A
c_com1	2	np	1320	C	T
c_com1	2	np	1321	A	C
c_com1	2	np	1322	T	A
c_com1	2	np	1323	G	T
c_com1	2	np	1325	C	G
c_com1	2	np	1326	A	C
c_com1	2	np	1327	G	A
c_com1	2	np	1328	C	G
c_com1	2	np	1329	A	C
c_com1	2	np	1330	T	A
c_com1	2	np	1333	A	T
c_com1	2	np	1334	C	A
c_com1	2	np	1335	G	C
c_com1	2	np	1338	A	G
c_com1	2	np	1341	C	A
c_com1	2	np	1342	A	C
c_com1	2	np	1343	C	A
c_com1	2	np	1344	T	C
c_com1	2	np	1345	G	T
c_com1	2	np	1346	A	G
c_com1	2	np	1348	G	A
c_com1	2	np	1350	C	G
c_com1	2	np	1351	A	C
c_com1	2	np	1352	G	A
c_com1	2	np	1353	A	G
c_com1	2	np	1355	C	A
c_com1	2	np	1356	T	C
c_com1	2	np	1358	C	T
c_com1	2	np	1359	A	C
c_com1	2	np	1360	G	A
c_com1	2	np	1361	A	G
c_com1	2	np	1362	C	A
c_com1	2	np	1363	A	C
c_com1	2	np	1364	T	A
c_com1	2	np	1365	G	T
c_com1	2	np	1366	A	G
c_com1	2	np	1367	G	A
c_com1	2	np	1368	A	G
c_com1	2	np	1370	C	A
c_com1	2	np	1371	T	C
c_com1	2	np	1372	G	T
c_com1	2	np	1373	A	G
c_com1	2	np	1374	G	A
c_com1	2	np	1375	A	G
c_com1	2	np	1376	T	A
c_com1	2	np	1377	C	T
c_com1	2	np	1378	A	C
c_com1	2	np	1379	T	A
c_com1	2	np	1380	A	T
c_com1	2	np	1382	G	A
c_com1	2	np	1384	A	G
c_com1	2	np	1385	T	A
c_com1	2	np	1386	G	T
c_com1	2	np	1387	A	G
c_com1	2	np	1388	T	A
c_com1	2	np	1389	G	T
c_com1	2	np	1391	A	G
c_com1	2	np	1395	T	A
c_com1	2	np	1396	G	T
c_com1	2	np	1397	C	G
c_com1	2	np	1399	A	C
c_com1	2	np	1400	G	A
c_com1	2	np	1401	A	G
c_com1	2	np	1402	C	A
c_com1	2	np	1404	T	C
c_com1	2	np	1405	G	T
c_com1	2	np	1406	A	G
c_com1	2	np	1408	G	A
c_com1	2	np	1409	A	G
c_com1	2	np	1410	T	A
c_com1	2	np	1411	G	T
c_com1	2	np	1412	T	G
c_com1	2	np	1413	G	T
c_com1	2	np	1414	T	G
c_com1	2	np	1415	C	T
c_com1	2	np	1416	T	C
c_com1	2	np	1419	C	T
c_com1	2	np	1421	A	C
c_com1	2	np	1422	G	A
c_com1	2	np	1426	C	G
c_com1	2	np	1427	G	C
c_com1	2	np	1431	A	G
c_com1	2	np	1432	G	A
c_com1	2	np	1433	T	G
c_com1	2	np	1434	C	T
c_com1	2	np	1435	T	C
c_com1	2	np	1437	C	T
c_com1	2	np	1438	G	C
c_com1	2	np	1439	A	G
c_com1	2	np	1440	G	A
c_com1	2	np	1441	C	G
c_com1	2	np	1442	T	C
c_com1	2	np	1443	C	T
c_com1	2	np	1444	T	C
c_com1	2	np	1445	C	T
c_com1	2	np	1446	G	C
c_com1	2	np	1448	A	G
c_com1	2	np	1449	C	A
c_com1	2	np	1450	G	C
c_com1	2	np	1451	A	G
c_com1	2	np	1455	G	A
c_com1	2	np	1457	C	G
c_com1	2	np	1458	A	C
c_com1	2	np	1460	C	A
c_com1	2	np	1461	G	C
c_com1	2	np	1462	A	G
c_com1	2	np	1464	C	A
c_com1	2	np	1467	G	C
c_com1	2	np	1468	A	G
c_com1	2	np	1469	T	A
c_com1	2	np	1470	C	T
c_com1	2	np	1471	G	C
c_com1	2	np	1472	T	G
c_com1	2	np	1473	G	T
c_com1	2	np	1474	C	G
c_com1	2	np	1476	T	C
c_com1	2	np	1478	C	T
c_com1	2	np	1480	T	C
c_com1	2	np	1483	G	T
c_com1	2	np	1484	A	G
c_com1	2	np	1485	C	A
c_com1	2	np	1486	A	C
c_com1	2	np	1487	T	A
c_com1	2	np	1488	G	T
c_com1	2	np	1489	A	G
c_com1	2	np	1490	G	A
c_com1	2	np	1491	C	G
c_com1	2	np	1492	A	C
c_com1	2	np	1494	T	A
c_com1	2	np	1495	G	T
c_com1	2	np	1496	A	G
c_com1	2	np	1498	G	A
c_com1	2	np	1500	A	G
c_com1	2	np	1501	T	A
c_com1	2	np	1502	C	T
c_com1	2	np	1503	T	C
c_com1	2	np	1505	A	T
c_com1	2	np	1506	T	A
c_com1	2	np	1509	C	T
c_com1	2	np	1510	T	C
c_com1	2	np	1512	C	T
c_com1	2	np	1513	G	C
c_com1	2	np	1515	A	G
c_com1	2	np	1516	G	A
c_com1	2	np	1517	A	G
c_com1	2	np	1518	C	A
c_com1	2	np	1519	A	C
c_com1	2	np	1521	T	A
c_com1	2	np	1522	G	T
c_com1	2	np	1523	C	G
c_com1	2	np	1524	A	C
c_com1	2	np	1525	G	A
c_com1	2	np	1526	A	G
c_com1	2	np	1527	G	A
c_com1	2	np	1529	A	G
c_com1	2	np	1530	G	A
c_com1	2	np	1531	T	G
c_com1	2	np	1532	A	T
c_com1	2	np	1533	T	A
c_com1	2	np	1534	G	T
c_com1	2	np	1535	A	G
c_com1	2	np	1536	C	A
c_com1	2	np	1537	A	C
c_com1	2	np	1538	N	A
