	sample_id	total_nts	total_snps	snps_per_1kb
0	d_lbm2	8973	13.0	1.4487908168951298
1	d_lbm3	9282	12.0	1.292824822236587
2	d_lbm4	11246	10.0	0.8892050506846879
3	kc_com3	11194	12.0	1.0720028586742898
4	kc_com4	11195	5.0	0.4466279589102278
5	d_com3	6779	1.0	0.14751438265230862
6	kc_com5	11223	7.0	0.623719148177849
7	kc_com2	10374	0.0	0.0
8	d_com2	10151	12.0	1.1821495419170525
9	cb_com1	11241	10.0	0.8896005693443644
10	c_com3	3674	0.0	0.0
11	g_com1	3862	1.0	0.2589331952356292
12	c_com4	0	0.0	0.0
13	ckr_com3	11047	15.0	1.3578347062550917
14	c_com5	11223	9.0	0.8019246190858059
15	c_com2	9236	0.0	0.0
16	ckr_com2	11180	12.0	1.073345259391771
17	gn_lbm1	11203	13.0	1.1604034633580291
18	c_lbm2	9161	8.0	0.8732671105774479
19	c_lbm5	11227	15.0	1.3360648436804134
20	g_lbm1	7607	5.0	0.6572893387669252
21	c_lbm3	6415	1.0	0.1558846453624318
22	d_lbm1	7830	10.0	1.277139208173691
23	c_lbm10	11227	6.0	0.5344259374721653
24	kc_com7	9354	2.0	0.2138122728244601
25	d_com1	11095	11.0	0.9914375844975213
26	c_lbm11	6185	6.0	0.9700889248181083
27	kc_com1	11225	0.0	0.0
28	kc_com6	10411	10.0	0.9605225242531937
29	kc_com8	10257	1.0	0.09749439407234084
30	g_com2	6005	3.0	0.49958368026644456
31	cb_com2	11225	7.0	0.623608017817372
32	ckr_com1	11112	19.0	1.7098632109431247
33	cb_com3	10779	7.0	0.6494108915483812
34	c_com1	5987	0.0	0.0
35	cb_com4	10201	1.0	0.09802960494069209
36	c_com6	11211	3.0	0.2675943270002676
37	ckr_lbm1	8021	0.0	0.0
38	c_lbm6	10205	5.0	0.4899559039686428
39	c_lbm1	10222	5.0	0.48914106828409315
40	c_lbm8	10226	10.0	0.9778994719342853
41	c_lbm9	10608	6.0	0.5656108597285069
42	c_lbm7	10404	11.0	1.0572856593617839
