,Special ID,County Name,State,Production,Collection Date,Control Area Released,Unnamed: 6
19,Bucks 03,Bucks,Pennsylvania,WOAH Poultry,2026-04-01,15-Apr-26,660
28,Lancaster 72,Lancaster,Pennsylvania,Commercial Duck Meat Bird,2026-03-27,14-Apr-26,"18,000"
49,Lancaster 71,Lancaster,Pennsylvania,Commercial Table Egg Layer,2026-03-17,14-Apr-26,"870,000"
56,Lancaster 70,Lancaster,Pennsylvania,Commercial Broiler Production,2026-03-12,31-Mar-26,"34,900"
75,Lancaster 69,Lancaster,Pennsylvania,Commercial Table Egg Layer,2026-03-06,05-Apr-26,"175,000"
105,Lancaster 68,Lancaster,Pennsylvania,Commercial Broiler Production,2026-02-24,15-Mar-26,"164,000"
109,Lancaster 66,Lancaster,Pennsylvania,Commercial Duck Meat Bird,2026-02-20,08-Mar-26,"4,500"
110,Lancaster 67,Lancaster,Pennsylvania,Commercial Broiler Production,2026-02-20,10-Mar-26,"157,300"
112,Lancaster 63,Lancaster,Pennsylvania,WOAH Poultry,2026-02-19,17-Mar-26,"4,900"
113,Lancaster 64,Lancaster,Pennsylvania,WOAH Poultry,2026-02-19,18-Mar-26,"41,000"
114,Lancaster 65,Lancaster,Pennsylvania,WOAH Poultry,2026-02-19,17-Mar-26,"39,300"
116,Lancaster 59,Lancaster,Pennsylvania,Commercial Broiler Production,2026-02-18,08-Mar-26,"178,900"
117,Lancaster 60,Lancaster,Pennsylvania,Commercial Table Egg Layer,2026-02-18,24-Mar-26,"1,451,700"
118,Lancaster 61,Lancaster,Pennsylvania,Commercial Turkey Meat Bird,2026-02-18,12-Mar-26,"15,000"
119,Lancaster 62,Lancaster,Pennsylvania,Commercial Turkey Meat Bird,2026-02-18,15-Mar-26,"14,000"
120,Dauphin 03,Dauphin,Pennsylvania,Commercial Table Egg Layer,2026-02-17,13-Mar-26,"69,400"
121,Lancaster 57,Lancaster,Pennsylvania,Commercial Table Egg Layer,2026-02-17,24-Mar-26,"2,641,200"
122,Lancaster 58,Lancaster,Pennsylvania,Commercial Table Egg Pullets,2026-02-17,18-Mar-26,"393,300"
126,Lancaster 56,Lancaster,Pennsylvania,Commercial Table Egg Layer,2026-02-11,07-Mar-26,"104,800"
128,Lancaster 54,Lancaster,Pennsylvania,Commercial Turkey Meat Bird,2026-02-10,04-Mar-26,"36,000"
129,Lancaster 55,Lancaster,Pennsylvania,WOAH Poultry,2026-02-10,03-Mar-26,"25,100"
137,Lancaster 53,Lancaster,Pennsylvania,WOAH Poultry,2026-02-04,20-Feb-26,"13,600"
140,Lancaster 51,Lancaster,Pennsylvania,WOAH Poultry,2026-02-03,26-Feb-26,"58,100"
141,Lancaster 52,Lancaster,Pennsylvania,Commercial Table Egg Layer,2026-02-03,22-Mar-26,"722,100"
153,Lancaster 50,Lancaster,Pennsylvania,Commercial Table Egg Layer,2026-01-28,03-Mar-26,"1,509,700"
160,Lancaster 49,Lancaster,Pennsylvania,WOAH Poultry,2026-01-22,09-Feb-26,"1,500"
170,Bucks 02,Bucks,Pennsylvania,WOAH Non-Poultry,2026-01-13,,40
208,Lancaster 48,Lancaster,Pennsylvania,Commercial Duck Meat Bird,2025-12-29,13-Jan-26,"32,800"
275,Wyoming 01,Wyoming,Pennsylvania,WOAH Non-Poultry,2025-11-28,,100
368,Lancaster 47,Lancaster,Pennsylvania,WOAH Poultry,2025-10-24,14-Nov-25,"45,900"
369,Lancaster 46,Lancaster,Pennsylvania,WOAH Poultry,2025-10-23,12-Nov-25,"1,000"
371,Lancaster 45,Lancaster,Pennsylvania,WOAH Poultry,2025-10-22,12-Nov-25,"1,100"
380,Lancaster 43,Lancaster,Pennsylvania,WOAH Poultry,2025-10-20,06-Nov-25,"1,200"
381,Lancaster 44,Lancaster,Pennsylvania,WOAH Poultry,2025-10-20,06-Nov-25,"2,800"
393,Lancaster 42,Lancaster,Pennsylvania,WOAH Poultry,2025-10-14,29-Oct-25,"5,900"
454,Lancaster 41,Lancaster,Pennsylvania,Commercial Raised for Release Upland Game Bird,2025-07-02,24-Jul-25,"29,300"
460,Northampton 02,Northampton,Pennsylvania,WOAH Non-Poultry,2025-05-19,,30
485,Lancaster 39,Lancaster,Pennsylvania,WOAH Poultry,2025-03-27,16-Apr-25,160
516,Lancaster 38,Lancaster,Pennsylvania,WOAH Poultry,2025-03-07,28-Mar-25,"6,500"
550,Luzerne 01,Luzerne,Pennsylvania,WOAH Non-Poultry,2025-02-20,,90
569,Lancaster 37,Lancaster,Pennsylvania,WOAH Poultry,2025-02-12,06-Mar-25,600
578,Lancaster 36,Lancaster,Pennsylvania,Commercial Broiler Production,2025-02-11,06-Mar-25,"80,000"
584,Lancaster 35,Lancaster,Pennsylvania,WOAH Poultry,2025-02-07,11-Mar-25,610
585,Lebanon 02,Lebanon,Pennsylvania,Commercial Broiler Production,2025-02-07,04-Mar-25,"53,500"
591,Lancaster 33,Lancaster,Pennsylvania,WOAH Poultry,2025-02-06,11-Mar-25,"14,900"
592,Lancaster 34,Lancaster,Pennsylvania,Commercial Duck Meat Bird,2025-02-06,26-Feb-25,"12,100"
594,Lebanon 01,Lebanon,Pennsylvania,Commercial Table Egg Layer,2025-02-06,05-Mar-25,"84,800"
609,Adams 03,Adams,Pennsylvania,WOAH Non-Poultry,2025-02-04,,30
613,Dauphin 02,Dauphin,Pennsylvania,Commercial Table Egg Layer,2025-02-04,11-Mar-25,"1,975,300"
657,Lehigh 07,Lehigh,Pennsylvania,WOAH Poultry,2025-01-28,15-Feb-25,"48,000"
929,Venango 01,Venango,Pennsylvania,WOAH Non-Poultry,2024-10-30,,20
1011,Monroe 02,Monroe,Pennsylvania,WOAH Non-Poultry,2025-01-30,,30
1024,Schuylkill 01,Schuylkill,Pennsylvania,WOAH Non-Poultry,2024-02-12,,30
1071,Northumberland 02,Northumberland,Pennsylvania,Commercial Raised for Release Upland Game Bird,2023-12-27,19-Jan-24,"98,300"
1301,Lancaster 32,Lancaster,Pennsylvania,WOAH Poultry,2023-03-17,19-Apr-23,"2,500"
1302,Chester 04,Chester,Pennsylvania,Commercial Turkey Meat Bird,2023-03-16,18-Apr-23,"11,800"
1303,Lancaster 30,Lancaster,Pennsylvania,WOAH Poultry,2023-03-16,08-Apr-23,"1,600"
1304,Lancaster 31,Lancaster,Pennsylvania,WOAH Poultry,2023-03-16,07-Apr-23,"2,400"
1307,Mifflin 01,Mifflin,Pennsylvania,WOAH Non-Poultry,2023-03-15,31-Mar-23,60
1309,Lancaster 25,Lancaster,Pennsylvania,WOAH Poultry,2023-03-14,13-Apr-23,"2,400"
1310,Lancaster 26,Lancaster,Pennsylvania,WOAH Poultry,2023-03-14,18-Apr-23,"3,900"
1311,Lancaster 27,Lancaster,Pennsylvania,WOAH Poultry,2023-03-14,18-Apr-23,"3,000"
1312,Lancaster 28,Lancaster,Pennsylvania,WOAH Poultry,2023-03-14,12-Apr-23,"2,400"
1313,Lancaster 29,Lancaster,Pennsylvania,WOAH Poultry,2023-03-14,09-Apr-23,"3,000"
1314,Lancaster 24,Lancaster,Pennsylvania,WOAH Poultry,2023-03-13,06-Apr-23,"6,000"
1317,Bucks 01,Bucks,Pennsylvania,WOAH Poultry,2023-03-06,31-Mar-23,"1,700"
1318,Lancaster 21,Lancaster,Pennsylvania,WOAH Poultry,2023-03-06,11-Apr-23,"6,000"
1319,Lancaster 22,Lancaster,Pennsylvania,WOAH Poultry,2023-03-06,13-Apr-23,"1,800"
1320,Lancaster 23,Lancaster,Pennsylvania,WOAH Poultry,2023-03-06,03-Apr-23,310
1321,Chester 02,Chester,Pennsylvania,WOAH Poultry,2023-03-04,11-Apr-23,"6,900"
1322,Lancaster 18,Lancaster,Pennsylvania,Commercial Turkey Meat Bird,2023-03-04,07-Apr-23,"19,600"
1323,Lancaster 19,Lancaster,Pennsylvania,Commercial Turkey Meat Bird,2023-03-04,18-Apr-23,"26,600"
1324,Lancaster 20,Lancaster,Pennsylvania,Commercial Duck Breeder,2023-03-04,16-Apr-23,"11,300"
1325,Northumberland 01,Northumberland,Pennsylvania,WOAH Poultry,2023-03-04,04-Apr-23,680
1326,Chester 03,Chester,Pennsylvania,WOAH Poultry,2023-03-03,09-Apr-23,"5,200"
1328,Lancaster 17,Lancaster,Pennsylvania,WOAH Poultry,2023-02-27,18-Apr-23,"4,400"
1329,Chester 01,Chester,Pennsylvania,WOAH Poultry,2023-02-24,13-Apr-23,"3,400"
1330,Lancaster 16,Lancaster,Pennsylvania,WOAH Poultry,2023-02-24,21-Mar-23,"4,000"
1332,Lancaster 15,Lancaster,Pennsylvania,WOAH Poultry,2023-02-23,14-Apr-23,"2,000"
1334,Lancaster 14,Lancaster,Pennsylvania,WOAH Poultry,2023-02-22,26-Mar-23,"4,200"
1335,Lancaster 13,Lancaster,Pennsylvania,Commercial Broiler Production,2023-02-21,31-Mar-23,"97,700"
1338,Tioga 01,Tioga,Pennsylvania,WOAH Non-Poultry,2023-02-17,03-Mar-23,50
1341,Lancaster 12,Lancaster,Pennsylvania,WOAH Poultry,2023-02-08,04-Mar-23,"20,300"
1343,Allegheny 02,Allegheny,Pennsylvania,WOAH Non-Poultry,2023-02-07,22-Feb-23,20
1351,Lancaster 10,Lancaster,Pennsylvania,Commercial Duck Meat Bird,2023-02-01,04-Mar-23,"32,800"
1352,Lancaster 11,Lancaster,Pennsylvania,WOAH Poultry,2023-02-01,05-Mar-23,"2,700"
1470,Berks 12,Berks,Pennsylvania,WOAH Non-Poultry,2022-11-17,03-Dec-22,30
1481,Lehigh 05,Lehigh,Pennsylvania,Commercial Turkey Meat Bird,2022-11-10,03-Dec-22,"18,500"
1482,Lehigh 06,Lehigh,Pennsylvania,Commercial Turkey Breeder Toms,2022-11-10,03-Dec-22,160
1485,Lehigh 03,Lehigh,Pennsylvania,Commercial Turkey Breeder Hens,2022-11-08,03-Dec-22,"7,500"
1486,Lehigh 04,Lehigh,Pennsylvania,Commercial Turkey Meat Bird,2022-11-08,03-Dec-22,"17,400"
1492,Dauphin 01,Dauphin,Pennsylvania,WOAH Non-Poultry,2022-11-04,27-Dec-22,130
1493,Lehigh 02,Lehigh,Pennsylvania,Commercial Turkey Meat Bird,2022-11-04,03-Dec-22,"14,500"
1499,Lehigh 01,Lehigh,Pennsylvania,Commercial Turkey Meat Bird,2022-11-03,03-Dec-22,"28,500"
1505,Allegheny 01,Allegheny,Pennsylvania,WOAH Non-Poultry,2022-11-02,18-Nov-22,20
1561,Adams 02,Adams,Pennsylvania,Commercial Turkey Meat Bird,2022-10-17,08-Nov-22,"15,100"
1578,Adams 01,Adams,Pennsylvania,WOAH Poultry,2022-10-11,31-Oct-22,"2,800"
1596,Berks 11,Berks,Pennsylvania,WOAH Non-Poultry,2022-10-05,26-Oct-22,10
1605,Westmoreland 01,Westmoreland,Pennsylvania,WOAH Non-Poultry,2022-10-04,24-Oct-22,160
1619,Lancaster 09,Lancaster,Pennsylvania,WOAH Non-Poultry,2022-09-29,17-Oct-22,180
1706,Northampton 01,Northampton,Pennsylvania,WOAH Poultry,2022-08-11,02-Sep-22,90
1731,Cumberland 02,Cumberland,Pennsylvania,Commercial Duck Meat Bird,2025-02-11,01-Mar-25,"20,000"
1749,Berks 10,Berks,Pennsylvania,Commercial Duck Meat Bird,2022-06-02,02-Jul-22,"30,100"
1759,Berks 09,Berks,Pennsylvania,Commercial Duck Breeder,2022-05-23,06-Jul-22,"4,700"
1771,Berks 08,Berks,Pennsylvania,Commercial Duck Breeder,2022-05-18,25-Jun-22,"7,200"
1782,Berks 07,Berks,Pennsylvania,Commercial Table Egg Layer,2022-05-17,25-Jun-22,"79,000"
1794,Berks 06,Berks,Pennsylvania,Commercial Table Egg Breeder,2022-05-14,01-Jul-22,"83,700"
1814,Berks 04,Berks,Pennsylvania,Commercial Duck Breeder,2022-05-10,30-Jun-22,"23,800"
1815,Berks 05,Berks,Pennsylvania,Commercial Duck Meat Bird,2022-05-10,17-Jun-22,"37,300"
1817,Lancaster 08,Lancaster,Pennsylvania,Commercial Table Egg Layer,2022-05-10,18-Jun-22,"72,300"
1839,Berks 01,Berks,Pennsylvania,Commercial Duck Breeder,2022-05-03,31-May-22,"29,600"
1840,Berks 02,Berks,Pennsylvania,Commercial Duck Meat Bird,2022-05-03,31-May-22,"74,300"
1856,Lancaster 07,Lancaster,Pennsylvania,Commercial Duck Meat Bird,2022-04-29,20-May-22,"19,300"
1867,Lancaster 06,Lancaster,Pennsylvania,Commercial Broiler Breeder Pullets,2022-04-27,19-May-22,"18,100"
1871,Lancaster 05,Lancaster,Pennsylvania,Commercial Table Egg Layer,2022-04-26,14-Jul-22,"307,400"
1881,Lancaster 04,Lancaster,Pennsylvania,Commercial Broiler Production,2022-04-22,12-May-22,"50,300"
1893,Lancaster 02,Lancaster,Pennsylvania,Commercial Table Egg Layer,2022-04-20,25-Jun-22,"1,127,700"
1894,Lancaster 03,Lancaster,Pennsylvania,Commercial Table Egg Layer,2022-04-20,01-Jul-22,"879,400"
1917,Lancaster 01,Lancaster,Pennsylvania,Commercial Table Egg Layer,2022-04-15,01-Jun-22,"1,380,500"
2032,Wayne 01,Wayne,Pennsylvania,WOAH Non-Poultry,2024-02-06,,360
2072,Monroe 01,Monroe,Pennsylvania,WOAH Non-Poultry,2022-10-05,26-Oct-22,40
2096,Washington 01,Washington,Pennsylvania,WOAH Poultry,2022-09-20,07-Oct-22,"1,800"
2115,Butler 01,Butler,Pennsylvania,WOAH Non-Poultry,2025-02-20,,610
2118,Cumberland 01,Cumberland,Pennsylvania,Commercial Broiler Production,2025-02-05,01-Mar-25,"26,400"
2150,York 01,York,Pennsylvania,Commercial Turkey Meat Bird,2022-09-29,26-Oct-22,"25,900"
2163,Franklin 01,Franklin,Pennsylvania,Commercial Turkey Meat Bird,2025-03-21,10-Apr-25,"13,400"
