,State,County,Collection Date,Date Detected,HPAI Strain,Bird Species,WOAH Classification,Sampling Method,Submitting Agency
82,Pennsylvania,Philadelphia,2026-03-31,4/14/2026,EA H5,Bald eagle,Wild bird,Morbidity/Mortality,PA Game Commission
251,Pennsylvania,Columbia,2026-03-18,3/31/2026,EA/AM H5N1,Red-tailed hawk,Wild bird,Morbidity/Mortality,PA Game Commission
280,Pennsylvania,Bucks,2026-02-19,3/26/2026,EA/AM H5N1,Canada goose,Wild bird,Morbidity/Mortality,PA Game Commission
281,Pennsylvania,Warren,2026-03-06,3/26/2026,EA/AM H5N1,Common raven,Wild bird,Morbidity/Mortality,PA Game Commission
282,Pennsylvania,Bucks,2026-03-16,3/26/2026,EA H5,Common merganser,Wild bird,Morbidity/Mortality,PA Game Commission
283,Pennsylvania,Philadelphia,2026-03-05,3/25/2026,EA/AM H5N1,Canada goose,Wild bird,Morbidity/Mortality,PA Game Commission
284,Pennsylvania,Bucks,2026-02-27,3/25/2026,EA/AM H5N1,Canada goose,Wild bird,Morbidity/Mortality,PA Game Commission
285,Pennsylvania,Montgomery,2026-03-05,3/25/2026,EA/AM H5N1,Canada goose,Wild bird,Morbidity/Mortality,PA Game Commission
286,Pennsylvania,Bucks,2026-03-05,3/25/2026,EA/AM H5N1,Canada goose,Wild bird,Morbidity/Mortality,PA Game Commission
287,Pennsylvania,Montgomery,2026-02-27,3/25/2026,EA H5,Canada goose,Wild bird,Morbidity/Mortality,PA Game Commission
288,Pennsylvania,Chester,2026-03-05,3/25/2026,EA/AM H5N1,Canada goose,Wild bird,Morbidity/Mortality,PA Game Commission
289,Pennsylvania,Dauphin,2026-03-18,3/25/2026,EA/AM H5N1,Great horned owl,Wild bird,Morbidity/Mortality,PA Game Commission
290,Pennsylvania,Northampton,2026-03-18,3/25/2026,EA/AM H5N1,Turkey vulture,Wild bird,Morbidity/Mortality,PA Game Commission
293,Pennsylvania,Bucks,2026-03-16,3/25/2026,EA/AM H5N1,Great blue heron,Wild bird,Morbidity/Mortality,PA Game Commission
294,Pennsylvania,Lancaster,2026-03-09,3/25/2026,EA/AM H5N1,Snow goose,Wild bird,Morbidity/Mortality,PA Game Commission
295,Pennsylvania,Lancaster,2026-03-09,3/25/2026,EA/AM H5N1,Canada goose,Wild bird,Morbidity/Mortality,PA Game Commission
296,Pennsylvania,Carbon,2026-03-06,3/25/2026,EA/AM H5N1,Canada goose,Wild bird,Morbidity/Mortality,PA Game Commission
297,Pennsylvania,Carbon,2026-03-07,3/25/2026,EA/AM H5N1,Canada goose,Wild bird,Morbidity/Mortality,PA Game Commission
298,Pennsylvania,Carbon,2026-03-10,3/25/2026,EA H5,Bald eagle,Wild bird,Morbidity/Mortality,PA Game Commission
299,Pennsylvania,Chester,2026-03-02,3/25/2026,EA H5 mixed,Canada goose,Wild bird,Morbidity/Mortality,PA Game Commission
300,Pennsylvania,Bucks,2026-02-27,3/25/2026,EA/AM H5N1,Turkey vulture,Wild bird,Morbidity/Mortality,PA Game Commission
330,Pennsylvania,Montgomery,2026-02-23,3/19/2026,EA H5,Canada goose,Wild bird,Morbidity/Mortality,PA Game Commission
333,Pennsylvania,Erie,2026-02-13,3/19/2026,EA H5,Canada goose,Wild bird,Morbidity/Mortality,PA Game Commission
334,Pennsylvania,Pike,2026-02-14,3/19/2026,EA/AM H5N1,Bald eagle,Wild bird,Morbidity/Mortality,PA Game Commission
335,Pennsylvania,Erie,2026-02-16,3/19/2026,EA H5,Canada goose,Wild bird,Morbidity/Mortality,PA Game Commission
336,Pennsylvania,Bucks,2026-02-17,3/19/2026,EA/AM H5,Canada goose,Wild bird,Morbidity/Mortality,PA Game Commission
337,Pennsylvania,Washington,2026-02-17,3/19/2026,EA/AM H5N1,Canada goose,Wild bird,Morbidity/Mortality,PA Game Commission
338,Pennsylvania,Washington,2026-02-17,3/19/2026,EA/AM H5N1,Canada goose,Wild bird,Morbidity/Mortality,PA Game Commission
339,Pennsylvania,Beaver,2026-02-18,3/19/2026,EA/AM H5N1,Canada goose,Wild bird,Morbidity/Mortality,PA Game Commission
340,Pennsylvania,Allegheny,2026-02-18,3/19/2026,EA H5,Canada goose,Wild bird,Morbidity/Mortality,PA Game Commission
341,Pennsylvania,Westmoreland,2026-02-18,3/19/2026,EA H5,Canada goose,Wild bird,Morbidity/Mortality,PA Game Commission
342,Pennsylvania,Northampton,2026-02-18,3/19/2026,EA H5,Canada goose,Wild bird,Morbidity/Mortality,PA Game Commission
343,Pennsylvania,Crawford,2026-02-18,3/19/2026,EA/AM H5N1,Cooper's hawk,Wild bird,Morbidity/Mortality,PA Game Commission
345,Pennsylvania,Berks,2026-02-19,3/19/2026,EA/AM H5N1,Canada goose,Wild bird,Morbidity/Mortality,PA Game Commission
346,Pennsylvania,Crawford,2026-02-19,3/19/2026,EA/AM H5N1,Red-tailed hawk,Wild bird,Morbidity/Mortality,PA Game Commission
347,Pennsylvania,Lehigh,2026-02-23,3/19/2026,EA/AM H5N1,Canada goose,Wild bird,Morbidity/Mortality,PA Game Commission
348,Pennsylvania,Lancaster,2026-02-23,3/19/2026,EA H5,Canada goose,Wild bird,Morbidity/Mortality,PA Game Commission
349,Pennsylvania,Montgomery,2026-02-23,3/19/2026,EA/AM H5N1,Turkey vulture,Wild bird,Morbidity/Mortality,PA Game Commission
350,Pennsylvania,Berks,2026-02-23,3/19/2026,EA/AM H5N1,Snow goose,Wild bird,Morbidity/Mortality,PA Game Commission
351,Pennsylvania,Bucks,2026-02-23,3/19/2026,EA/AM H5N1,Fish crow,Wild bird,Morbidity/Mortality,PA Game Commission
352,Pennsylvania,Beaver,2026-02-24,3/19/2026,EA/AM H5N1,Canada goose,Wild bird,Morbidity/Mortality,PA Game Commission
353,Pennsylvania,Crawford,2026-02-26,3/19/2026,EA H5,Trumpeter swan,Wild bird,Morbidity/Mortality,PA Game Commission
354,Pennsylvania,Venango,2026-02-26,3/19/2026,EA/AM H5N1,Bald eagle,Wild bird,Morbidity/Mortality,PA Game Commission
355,Pennsylvania,Venango,2026-02-26,3/19/2026,EA H5,Canada goose,Wild bird,Morbidity/Mortality,PA Game Commission
470,Pennsylvania,Allegheny,2026-02-11,3/4/2026,EA H5,Canada goose,Wild bird,Morbidity/Mortality,PA Game Commission
471,Pennsylvania,Washington,2026-02-10,3/4/2026,EA/AM H5N1,Canada goose,Wild bird,Morbidity/Mortality,PA Game Commission
472,Pennsylvania,Westmoreland,2026-02-11,3/4/2026,EA/AM H5N1,Canada goose,Wild bird,Morbidity/Mortality,PA Game Commission
473,Pennsylvania,Monroe,2026-02-09,3/4/2026,EA/AM H5N1,Red-shouldered hawk,Wild bird,Morbidity/Mortality,PA Game Commission
474,Pennsylvania,Bucks,2026-02-13,3/4/2026,EA/AM H5N1,Canada goose,Wild bird,Morbidity/Mortality,PA Game Commission
475,Pennsylvania,Berks,2026-02-13,3/4/2026,EA/AM H5N1,Red-tailed hawk,Wild bird,Morbidity/Mortality,PA Game Commission
476,Pennsylvania,Montgomery,2026-02-10,3/4/2026,EA/AM H5N1,Canada goose,Wild bird,Morbidity/Mortality,PA Game Commission
477,Pennsylvania,Lehigh,2026-02-13,3/4/2026,EA/AM H5N1,American crow,Wild bird,Morbidity/Mortality,PA Game Commission
478,Pennsylvania,Washington,2026-02-10,3/4/2026,EA/AM H5N1,Canada goose,Wild bird,Morbidity/Mortality,PA Game Commission
479,Pennsylvania,Huntington,2026-02-11,3/4/2026,EA/AM H5N1,American crow,Wild bird,Morbidity/Mortality,PA Game Commission
480,Pennsylvania,Lehigh,2026-02-17,3/4/2026,EA/AM H5N1,American crow,Wild bird,Morbidity/Mortality,PA Game Commission
481,Pennsylvania,Lehigh,2026-02-17,3/4/2026,EA/AM H5N1,American crow,Wild bird,Morbidity/Mortality,PA Game Commission
482,Pennsylvania,Berks,2026-02-17,3/4/2026,EA/AM H5N1,Canada goose,Wild bird,Morbidity/Mortality,PA Game Commission
497,Pennsylvania,Union,2026-02-09,3/3/2026,EA/AM H5N1,Mallard,Wild bird,Live bird,NWDP
728,Pennsylvania,Fayette,2026-01-20,2/17/2026,EA/AM H5N1,Canada goose,Wild bird,Morbidity/Mortality,PA Game Commission
729,Pennsylvania,Allegheny,2026-01-22,2/17/2026,EA/AM H5N1,Canada goose,Wild bird,Morbidity/Mortality,PA Game Commission
730,Pennsylvania,Washington,2026-01-22,2/17/2026,EA/AM H5N1,Canada goose,Wild bird,Morbidity/Mortality,PA Game Commission
731,Pennsylvania,Jefferson,2026-01-30,2/17/2026,EA/AM H5N1,Eastern screech owl,Wild bird,Morbidity/Mortality,PA Game Commission
732,Pennsylvania,Philadelphia,2026-02-04,2/17/2026,EA H5,Cooper's hawk,Wild bird,Morbidity/Mortality,PA Game Commission
733,Pennsylvania,Philadelphia,,2/17/2026,EA/AM H5N1,Snow goose,Wild bird,Morbidity/Mortality,PA Game Commission
734,Pennsylvania,Bucks,2026-02-04,2/17/2026,EA H5,Great blue heron,Wild bird,Morbidity/Mortality,PA Game Commission
981,Pennsylvania,Lycoming,2026-01-22,2/5/2026,EA H5,Mallard,Wild bird,Live bird,NWDP
982,Pennsylvania,Lycoming,2026-01-22,2/5/2026,EA H5,Mallard,Wild bird,Live bird,NWDP
986,Pennsylvania,Crawford,2026-01-13,2/5/2026,EA/AM H5N1,American crow,Wild bird,Morbidity/Mortality,PA Game Commission
987,Pennsylvania,Lehigh,2026-01-20,2/5/2026,EA/AM H5N1,Red-tailed hawk,Wild bird,Morbidity/Mortality,PA Game Commission
988,Pennsylvania,Chester,2026-01-13,2/5/2026,EA/AM H5N1,Red-tailed hawk,Wild bird,Morbidity/Mortality,PA Game Commission
989,Pennsylvania,Chester,2026-01-13,2/5/2026,EA/AM H5N1,Red-tailed hawk,Wild bird,Morbidity/Mortality,PA Game Commission
990,Pennsylvania,Bucks,2026-01-28,2/5/2026,EA/AM H5N1,Snow goose,Wild bird,Morbidity/Mortality,PA Game Commission
995,Pennsylvania,Northampton,2026-01-12,2/5/2026,EA/AM H5N1,Snow goose,Wild bird,Morbidity/Mortality,PA Game Commission
996,Pennsylvania,Lehigh,2026-01-16,2/5/2026,EA/AM H5N1,Canada goose,Wild bird,Morbidity/Mortality,PA Game Commission
997,Pennsylvania,Cumberland,2026-01-21,2/5/2026,EA/AM H5N1,Canada goose,Wild bird,Morbidity/Mortality,PA Game Commission
998,Pennsylvania,Susquehanna,2026-01-15,2/5/2026,EA H5,Canada goose,Wild bird,Morbidity/Mortality,PA Game Commission
999,Pennsylvania,Columbia,2026-01-08,2/5/2026,EA/AM H5N1,Broad-winged hawk,Wild bird,Morbidity/Mortality,PA Game Commission
1000,Pennsylvania,Allegheny,2026-01-07,2/5/2026,EA/AM H5N5,Canada goose,Wild bird,Morbidity/Mortality,PA Game Commission
1001,Pennsylvania,Allegheny,2026-01-07,2/5/2026,EA/AM H5N1,Canada goose,Wild bird,Morbidity/Mortality,PA Game Commission
1002,Pennsylvania,Carbon,2026-01-14,2/5/2026,EA/AM H5N1,Red-tailed hawk,Wild bird,Morbidity/Mortality,PA Game Commission
1003,Pennsylvania,Armstrong,2026-01-05,2/5/2026,EA/AM H5N1,Canada goose,Wild bird,Morbidity/Mortality,PA Game Commission
1004,Pennsylvania,Armstrong,2026-01-05,2/5/2026,EA/AM H5N1,Canada goose,Wild bird,Morbidity/Mortality,PA Game Commission
1143,Pennsylvania,Clinton,2026-01-21,2/2/2026,EA H5,Mallard,Wild bird,Live bird,NWDP
1144,Pennsylvania,Clinton,2026-01-21,2/2/2026,EA H5,Mallard,Wild bird,Live bird,NWDP
1145,Pennsylvania,Clinton,2026-01-21,2/2/2026,EA H5,Mallard,Wild bird,Live bird,NWDP
1146,Pennsylvania,Clinton,2026-01-21,2/2/2026,EA/AM H5N1,Mallard,Wild bird,Live bird,NWDP
1147,Pennsylvania,Clinton,2026-01-21,2/2/2026,EA H5,Mallard,Wild bird,Live bird,NWDP
1148,Pennsylvania,Clinton,2026-01-21,2/2/2026,EA H5,Mallard,Wild bird,Live bird,NWDP
1149,Pennsylvania,Clinton,2026-01-21,2/2/2026,EA H5,Mallard,Wild bird,Live bird,NWDP
1150,Pennsylvania,Clinton,2026-01-21,2/2/2026,EA H5,Mallard,Wild bird,Live bird,NWDP
1151,Pennsylvania,Clinton,2026-01-21,2/2/2026,EA H5,Mallard,Wild bird,Live bird,NWDP
1152,Pennsylvania,Clinton,2026-01-21,2/2/2026,EA H5,Mallard,Wild bird,Live bird,NWDP
1153,Pennsylvania,Clinton,2026-01-21,2/2/2026,EA/AM H5N1,Mallard,Wild bird,Live bird,NWDP
1228,Pennsylvania,Montgomery,2025-12-24,1/26/2026,EA/AM H5N1,Snow goose,Wild bird,Morbidity/Mortality,PA Game Commission
1410,Pennsylvania,Northampton,2025-12-26,1/16/2026,EA/AM H5N1,Fish crow,Wild bird,Morbidity/Mortality,PA Game Commission
1414,Pennsylvania,Bradford,2025-12-26,1/16/2026,EA H5,Bald eagle,Wild bird,Morbidity/Mortality,PA Game Commission
1421,Pennsylvania,Chester,2025-12-22,1/16/2026,EA/AM H5N1,Canada goose,Wild bird,Morbidity/Mortality,PA Game Commission
1423,Pennsylvania,Lancaster,2025-12-19,1/16/2026,EA/AM H5N1,Snow goose,Wild bird,Morbidity/Mortality,PA Game Commission
1430,Pennsylvania,Northampton,2026-01-06,1/16/2026,EA/AM H5N1,Bufflehead,Wild bird,Morbidity/Mortality,PA Game Commission
1431,Pennsylvania,Franklin,2026-01-07,1/16/2026,EA H5,Canada goose,Wild bird,Morbidity/Mortality,PA Game Commission
1433,Pennsylvania,Columbia,2025-12-26,1/16/2026,EA/AM H5N1,Canada goose,Wild bird,Morbidity/Mortality,PA Game Commission
1434,Pennsylvania,Lehigh,2025-12-28,1/16/2026,EA H5,American crow,Wild bird,Morbidity/Mortality,PA Game Commission
1435,Pennsylvania,Northampton,2025-12-28,1/16/2026,EA/AM H5N1,Great horned owl,Wild bird,Morbidity/Mortality,PA Game Commission
1436,Pennsylvania,Dauphin,2025-12-20,1/16/2026,EA/AM H5N1,Canada goose,Wild bird,Morbidity/Mortality,PA Game Commission
1437,Pennsylvania,Northampton,2026-01-06,1/16/2026,EA H5,Bufflehead,Wild bird,Morbidity/Mortality,PA Game Commission
1438,Pennsylvania,Northampton,2026-01-07,1/16/2026,EA/AM H5N1,Pied-billed grebe,Wild bird,Morbidity/Mortality,PA Game Commission
1439,Pennsylvania,Montgomery,2026-01-06,1/16/2026,EA/AM H5N1,Canada goose,Wild bird,Morbidity/Mortality,PA Game Commission
1440,Pennsylvania,Bucks,2026-01-06,1/16/2026,EA/AM H5N1,Great horned owl,Wild bird,Morbidity/Mortality,PA Game Commission
1441,Pennsylvania,Crawford,2026-01-05,1/16/2026,EA/AM H5N1,Canada goose,Wild bird,Morbidity/Mortality,PA Game Commission
1442,Pennsylvania,Crawford,2026-01-05,1/16/2026,EA/AM H5N1,Canada goose,Wild bird,Morbidity/Mortality,PA Game Commission
1443,Pennsylvania,Lackawanna,2025-12-20,1/16/2026,EA H5,American crow,Wild bird,Morbidity/Mortality,PA Game Commission
1444,Pennsylvania,Centre,2025-12-15,1/16/2026,EA/AM H5N1,Trumpeter swan,Wild bird,Morbidity/Mortality,PA Game Commission
1445,Pennsylvania,Luzerne,2026-01-06,1/16/2026,EA/AM H5N1,Canada goose,Wild bird,Morbidity/Mortality,PA Game Commission
1688,Pennsylvania,Lehigh,2025-12-29,1/6/2026,EA/AM H5N1,Turkey vulture,Wild bird,Morbidity/Mortality,PA Game Commission
1689,Pennsylvania,Lehigh,2025-12-29,1/6/2026,EA/AM H5N1 mixed,Snow goose,Wild bird,Morbidity/Mortality,PA Game Commission
1764,Pennsylvania,York,2025-12-18,1/2/2026,EA H5,Mallard,Wild bird,Hunter harvest,NWDP
1850,Pennsylvania,Bucks,2025-12-17,12/31/2025,EA/AM H5N1,Red-tailed hawk,Wild bird,Morbidity/Mortality,PA Game Commission
1851,Pennsylvania,Lehigh,2025-12-16,12/31/2025,EA/AM H5N1,Snow goose,Wild bird,Morbidity/Mortality,PA Game Commission
1852,Pennsylvania,Westmoreland,2025-12-12,12/31/2025,EA/AM H5N1,Ross's goose,Wild bird,Morbidity/Mortality,PA Game Commission
1853,Pennsylvania,Somerset,2025-12-12,12/31/2025,EA/AM H5N1,Snow goose,Wild bird,Morbidity/Mortality,PA Game Commission
1854,Pennsylvania,Bucks,2025-12-15,12/31/2025,EA/AM H5N1,Snow goose,Wild bird,Morbidity/Mortality,PA Game Commission
1855,Pennsylvania,Northampton,2025-12-15,12/31/2025,EA/AM H5N1,Red-tailed hawk,Wild bird,Morbidity/Mortality,PA Game Commission
1940,Pennsylvania,Chester,2025-12-11,12/23/2025,EA/AM H5N1,Snow goose,Wild bird,Morbidity/Mortality,PA Game Commission
1949,Pennsylvania,Northampton,2025-12-12,12/23/2025,EA/AM H5N1,Snow goose,Wild bird,Morbidity/Mortality,PA Game Commission
2077,Pennsylvania,Northampton,2025-12-11,12/18/2025,EA H5,Snow goose,Wild bird,Morbidity/Mortality,PA Game Commission
2078,Pennsylvania,Northampton,2025-12-11,12/18/2025,EA/AM H5N1,Snow goose,Wild bird,Morbidity/Mortality,PA Game Commission
3061,Pennsylvania,Adams,2025-11-12,11/18/2025,EA/AM H5N1,Black vulture,Wild bird,Morbidity/Mortality,PA Game Commission
3300,Pennsylvania,Montgomery,2025-10-30,11/5/2025,EA/AM H5N1,Black swan,Captive wild bird,Morbidity/Mortality,Private (non-government) submission
3520,Pennsylvania,Westmoreland,2025-10-05,10/27/2025,EA H5,Canada goose,Wild bird,Morbidity/Mortality,PA Game Commission
3549,Pennsylvania,Crawford,2025-10-02,10/21/2025,EA H5,Canada goose,Wild bird,Morbidity/Mortality,PA Game Commission
3568,Pennsylvania,Crawford,2025-10-11,10/21/2025,EA H5,Blue-winged teal,Wild bird,Hunter harvest,NWDP
3569,Pennsylvania,Crawford,2025-10-11,10/21/2025,EA H5,Green-winged teal,Wild bird,Hunter harvest,NWDP
3570,Pennsylvania,Crawford,2025-10-11,10/21/2025,EA/AM H5N1,Green-winged teal,Wild bird,Hunter harvest,NWDP
3571,Pennsylvania,Crawford,2025-10-11,10/21/2025,EA H5,Green-winged teal,Wild bird,Hunter harvest,NWDP
3572,Pennsylvania,Crawford,2025-10-11,10/21/2025,EA/AM H5N1,Mallard,Wild bird,Hunter harvest,NWDP
4337,Pennsylvania,Bucks,2025-09-08,9/19/2025,EA/AM H5N1,Black vulture,Wild bird,Morbidity/Mortality,PA Game Commission
4338,Pennsylvania,Delaware,2025-09-04,9/19/2025,EA/AM H5N1,Black vulture,Wild bird,Morbidity/Mortality,PA Game Commission
4439,Pennsylvania,Northampton,2025-09-02,9/12/2025,EA/AM H5N1,Mallard,Wild bird,Morbidity/Mortality,PA Game Commission
4440,Pennsylvania,Northampton,2025-09-02,9/12/2025,EA/AM H5N1,Black vulture,Wild bird,Morbidity/Mortality,PA Game Commission
4441,Pennsylvania,Northampton,2025-09-02,9/12/2025,EA/AM H5N1,Black vulture,Wild bird,Morbidity/Mortality,PA Game Commission
4480,Pennsylvania,Dauphin,2025-08-13,8/21/2025,EA/AM H5N1,Black vulture,Wild bird,Morbidity/Mortality,NWDP
4481,Pennsylvania,Dauphin,2025-08-13,8/21/2025,EA/AM H5N1,Black vulture,Wild bird,Morbidity/Mortality,NWDP
4482,Pennsylvania,York,2025-07-28,8/7/2025,EA/AM H5N1,Turkey vulture,Wild bird,Morbidity/Mortality,PA Game Commission
4483,Pennsylvania,Adams,2025-07-25,8/7/2025,EA/AM H5N1,Black vulture,Wild bird,Morbidity/Mortality,PA Game Commission
4674,Pennsylvania,Franklin,2025-02-21,7/10/2025,EA/AM H5N1,Red-tailed hawk,Wild bird,Morbidity/Mortality,PA Game Commission
4679,Pennsylvania,York,2025-02-07,7/10/2025,EA/AM H5N1,Mute swan,Wild bird,Morbidity/Mortality,PA Game Commission
4680,Pennsylvania,Cumberland,2025-02-09,7/10/2025,EA/AM H5N1,Bald eagle,Wild bird,Morbidity/Mortality,PA Game Commission
4681,Pennsylvania,York,2025-02-21,7/10/2025,EA/AM H5N1,Turkey vulture,Wild bird,Morbidity/Mortality,PA Game Commission
4686,Pennsylvania,Lancaster,2025-01-30,7/10/2025,EA/AM H5N1,Tundra swan,Wild bird,Morbidity/Mortality,PA Game Commission
4687,Pennsylvania,Lancaster,2025-01-30,7/10/2025,EA/AM H5N1,Canada goose,Wild bird,Morbidity/Mortality,PA Game Commission
4688,Pennsylvania,Lancaster,2025-01-30,7/10/2025,EA/AM H5N1,Bald eagle,Wild bird,Morbidity/Mortality,PA Game Commission
4689,Pennsylvania,Bucks,2025-01-27,7/10/2025,EA/AM H5 mixed,Fish crow,Wild bird,Morbidity/Mortality,PA Game Commission
4703,Pennsylvania,Luzerne,2025-01-24,7/10/2025,EA/AM H5N1,Bald eagle,Wild bird,Morbidity/Mortality,PA Game Commission
4725,Pennsylvania,Lancaster,2025-03-27,7/7/2025,EA/AM H5N1,Black vulture,Wild bird,Morbidity/Mortality,PA Game Commission
4726,Pennsylvania,Lancaster,2025-03-27,7/7/2025,EA/AM H5N1,Black vulture,Wild bird,Morbidity/Mortality,PA Game Commission
4727,Pennsylvania,Lancaster,2025-03-27,7/7/2025,EA/AM H5N1,Black vulture,Wild bird,Morbidity/Mortality,PA Game Commission
4728,Pennsylvania,Lancaster,2025-03-27,7/7/2025,EA/AM H5N1,Black vulture,Wild bird,Morbidity/Mortality,PA Game Commission
4729,Pennsylvania,Lancaster,2025-03-27,7/7/2025,EA/AM H5N1,Black vulture,Wild bird,Morbidity/Mortality,PA Game Commission
4734,Pennsylvania,Erie,2025-02-20,7/7/2025,EA/AM H5N1,Herring gull,Wild bird,Morbidity/Mortality,PA Game Commission
4743,Pennsylvania,Adams,2025-03-26,7/7/2025,EA/AM H5N1,Black vulture,Wild bird,Morbidity/Mortality,PA Game Commission
4770,Pennsylvania,Monroe,2025-02-13,7/3/2025,EA/AM H5N1,Canada goose,Wild bird,Morbidity/Mortality,PA Game Commission
4771,Pennsylvania,Northampton,2025-02-13,7/3/2025,EA/AM H5N1,Bald eagle,Wild bird,Morbidity/Mortality,PA Game Commission
4772,Pennsylvania,Monroe,2025-02-16,7/3/2025,EA/AM H5N1,Bald eagle,Wild bird,Morbidity/Mortality,PA Game Commission
4773,Pennsylvania,Monroe,2025-02-16,7/3/2025,EA/AM H5N1,Canada goose,Wild bird,Morbidity/Mortality,PA Game Commission
4774,Pennsylvania,Susquehanna,2025-02-16,7/3/2025,EA/AM H5N1,Canada goose,Wild bird,Morbidity/Mortality,PA Game Commission
4775,Pennsylvania,Susquehanna,2025-02-16,7/3/2025,EA/AM H5N1,Bald eagle,Wild bird,Morbidity/Mortality,PA Game Commission
4776,Pennsylvania,Berks,2025-02-11,7/3/2025,EA/AM H5N1,Red-tailed hawk,Wild bird,Morbidity/Mortality,PA Game Commission
4777,Pennsylvania,Lancaster,2025-02-11,7/3/2025,EA/AM H5N1,Red-shouldered hawk,Wild bird,Morbidity/Mortality,PA Game Commission
4778,Pennsylvania,Erie,2025-02-20,7/3/2025,EA/AM H5N1,Red-tailed hawk,Wild bird,Morbidity/Mortality,PA Game Commission
4779,Pennsylvania,Erie,2025-02-20,7/3/2025,EA/AM H5N1,Great horned owl,Wild bird,Morbidity/Mortality,PA Game Commission
4780,Pennsylvania,Venango,2025-02-20,7/3/2025,EA/AM H5N1,Bald eagle,Wild bird,Morbidity/Mortality,PA Game Commission
4781,Pennsylvania,Bucks,2025-02-18,7/3/2025,EA/AM H5N1,Red-tailed hawk,Wild bird,Morbidity/Mortality,PA Game Commission
4782,Pennsylvania,Philadelphia,2025-02-18,7/3/2025,EA/AM H5N1,Red-tailed hawk,Wild bird,Morbidity/Mortality,PA Game Commission
4783,Pennsylvania,Berks,2025-02-18,7/3/2025,EA/AM H5N1,Cooper's hawk,Wild bird,Morbidity/Mortality,PA Game Commission
4798,Pennsylvania,Lancaster,2025-03-01,7/3/2025,EA/AM H5N1,Black vulture,Wild bird,Morbidity/Mortality,PA Game Commission
4799,Pennsylvania,Pike,2025-02-24,7/3/2025,EA H5,Canada goose,Wild bird,Morbidity/Mortality,PA Game Commission
4800,Pennsylvania,Cumberland,2025-02-28,7/3/2025,EA/AM H5N1,Red-tailed hawk,Wild bird,Morbidity/Mortality,PA Game Commission
4801,Pennsylvania,Clinton,2025-02-28,7/3/2025,EA/AM H5N1,Canada goose,Wild bird,Morbidity/Mortality,PA Game Commission
4802,Pennsylvania,Chester,2025-03-11,7/3/2025,EA/AM H5N1,Turkey vulture,Wild bird,Morbidity/Mortality,PA Game Commission
4803,Pennsylvania,Berks,2025-03-11,7/3/2025,EA/AM H5N1,Bald eagle,Wild bird,Morbidity/Mortality,PA Game Commission
4804,Pennsylvania,Northampton,2025-03-05,7/3/2025,EA/AM H5N1,Red-tailed hawk,Wild bird,Morbidity/Mortality,PA Game Commission
4805,Pennsylvania,Northampton,2025-03-05,7/3/2025,EA/AM H5N1,Bald eagle,Wild bird,Morbidity/Mortality,PA Game Commission
4806,Pennsylvania,Erie,2025-03-13,7/3/2025,EA/AM H5N1,Red-tailed hawk,Wild bird,Morbidity/Mortality,PA Game Commission
4807,Pennsylvania,Crawford,2025-03-13,7/3/2025,EA H5,Canada goose,Wild bird,Morbidity/Mortality,PA Game Commission
4808,Pennsylvania,Erie,2025-03-13,7/3/2025,EA/AM H5N1,Turkey vulture,Wild bird,Morbidity/Mortality,PA Game Commission
4809,Pennsylvania,Warren,2025-03-13,7/3/2025,EA/AM H5N1,Bald eagle,Wild bird,Morbidity/Mortality,PA Game Commission
4810,Pennsylvania,Erie,2025-03-12,7/3/2025,EA/AM H5N1,Snowy owl,Wild bird,Morbidity/Mortality,PA Game Commission
4851,Pennsylvania,Centre,2025-05-27,7/2/2025,EA/AM H5N1,Bald eagle,Wild bird,Morbidity/Mortality,PA Game Commission
4853,Pennsylvania,Delaware,2025-05-19,7/2/2025,EA/AM H5N1,Black vulture,Wild bird,Morbidity/Mortality,PA Game Commission
4854,Pennsylvania,Northampton,2025-05-15,7/2/2025,EA/AM H5N1,Black vulture,Wild bird,Morbidity/Mortality,PA Game Commission
4858,Pennsylvania,Berks,2025-02-27,7/2/2025,EA/AM H5N1,Cooper's hawk,Wild bird,Morbidity/Mortality,PA Game Commission
4859,Pennsylvania,Lehigh,2025-02-27,7/2/2025,EA/AM H5N1,Red-tailed hawk,Wild bird,Morbidity/Mortality,PA Game Commission
4860,Pennsylvania,Erie,2025-02-26,7/2/2025,EA/AM H5N1,Bald eagle,Wild bird,Morbidity/Mortality,PA Game Commission
4861,Pennsylvania,Lawrence,2025-02-25,7/2/2025,EA/AM H5N1,Canada goose,Wild bird,Morbidity/Mortality,PA Game Commission
4862,Pennsylvania,Bucks,2025-02-25,7/2/2025,EA/AM H5N1,Turkey vulture,Wild bird,Morbidity/Mortality,PA Game Commission
4863,Pennsylvania,Dauphin,2025-02-28,7/2/2025,EA/AM H5N1,Red-shouldered hawk,Wild bird,Morbidity/Mortality,PA Game Commission
4864,Pennsylvania,Lancaster,2025-02-28,7/2/2025,EA/AM H5N1,Red-tailed hawk,Wild bird,Morbidity/Mortality,PA Game Commission
4865,Pennsylvania,Lancaster,2025-02-17,7/2/2025,EA H5,Red-tailed hawk,Wild bird,Morbidity/Mortality,PA Game Commission
4866,Pennsylvania,Bucks,2025-02-25,7/2/2025,EA/AM H5N1,Turkey vulture,Wild bird,Morbidity/Mortality,PA Game Commission
4867,Pennsylvania,Chester,2025-03-01,7/2/2025,EA/AM H5N1,Turkey vulture,Wild bird,Morbidity/Mortality,PA Game Commission
4868,Pennsylvania,Berks,2025-03-03,7/2/2025,EA/AM H5N1,Turkey vulture,Wild bird,Morbidity/Mortality,PA Game Commission
4869,Pennsylvania,Berks,2025-03-05,7/2/2025,EA/AM H5N1,Red-tailed hawk,Wild bird,Morbidity/Mortality,PA Game Commission
4870,Pennsylvania,Chester,2025-03-05,7/2/2025,EA/AM H5N1,Red-shouldered hawk,Wild bird,Morbidity/Mortality,PA Game Commission
4871,Pennsylvania,Montgomery,2025-03-05,7/2/2025,EA/AM H5N1,Red-tailed hawk,Wild bird,Morbidity/Mortality,PA Game Commission
4916,Pennsylvania,Mercer,2025-02-10,7/2/2025,EA H5,Canada goose,Wild bird,Morbidity/Mortality,PA Department of Ag
4917,Pennsylvania,Lancaster,2025-02-04,7/2/2025,EA/AM H5N1,Snow goose,Wild bird,Morbidity/Mortality,PA Department of Ag
4918,Pennsylvania,Berks,2025-01-30,7/2/2025,EA/AM H5N1,Bald eagle,Wild bird,Morbidity/Mortality,PA Department of Ag
4919,Pennsylvania,Dauphin,2025-01-31,7/2/2025,EA/AM H5N1,Red-tailed hawk,Wild bird,Morbidity/Mortality,PA Game Commission
4920,Pennsylvania,Erie,2025-02-10,7/2/2025,EA/AM H5N1,Hooded merganser,Wild bird,Morbidity/Mortality,PA Department of Ag
4936,Pennsylvania,Berks,2025-02-27,7/2/2025,EA H5N1,Bald eagle,Wild bird,Morbidity/Mortality,PA Game Commission
4956,Pennsylvania,Lehigh,2025-06-03,7/2/2025,EA/AM H5N1,Black vulture,Wild bird,Morbidity/Mortality,PA Game Commission
4957,Pennsylvania,Lehigh,2025-06-03,7/2/2025,EA/AM H5N1 mixed,Black vulture,Wild bird,Morbidity/Mortality,PA Game Commission
4971,Pennsylvania,Berks,2025-02-11,7/2/2025,EA/AM H5N1,Bald eagle,Wild bird,Morbidity/Mortality,PA Game Commission
4972,Pennsylvania,Bucks,2025-02-11,7/2/2025,EA/AM H5N1,Black vulture,Wild bird,Morbidity/Mortality,PA Game Commission
4973,Pennsylvania,Bradford,2025-02-05,7/2/2025,EA/AM H5N1,Canada goose,Wild bird,Morbidity/Mortality,PA Game Commission
4974,Pennsylvania,Bradford,2025-02-05,7/2/2025,EA/AM H5N1,Canada goose,Wild bird,Morbidity/Mortality,PA Game Commission
4975,Pennsylvania,Northampton,2025-02-13,7/2/2025,EA/AM H5N1,Turkey vulture,Wild bird,Morbidity/Mortality,PA Game Commission
4976,Pennsylvania,Montgomery,2025-02-13,7/2/2025,EA/AM H5N1,Red-shouldered hawk,Wild bird,Morbidity/Mortality,PA Game Commission
4977,Pennsylvania,Philadelphia,2025-02-13,7/2/2025,EA/AM H5N1,Herring gull,Wild bird,Morbidity/Mortality,PA Game Commission
4978,Pennsylvania,Westmoreland,2025-02-13,7/2/2025,EA H5 mixed,Canada goose,Wild bird,Morbidity/Mortality,PA Game Commission
5025,Pennsylvania,Columbia,2025-01-31,7/1/2025,EA/AM H5N1,Canada goose,Wild bird,Morbidity/Mortality,PA Game Commission
5048,Pennsylvania,Berks,2025-02-05,7/1/2025,EA/AM H5N1,Red-tailed hawk,Wild bird,Morbidity/Mortality,PA Department of Ag
5049,Pennsylvania,Erie,2025-02-11,7/1/2025,EA/AM H5N1,Herring gull,Wild bird,Morbidity/Mortality,PA Department of Ag
5052,Pennsylvania,Berks,2025-01-31,7/1/2025,EA/AM H5N1,Bald eagle,Wild bird,Morbidity/Mortality,PA Department of Ag
5053,Pennsylvania,Bedford,2025-02-07,7/1/2025,EA/AM H5N1,Mallard,Wild bird,Morbidity/Mortality,PA Department of Ag
5113,Pennsylvania,Mifflin,2025-02-03,6/30/2025,EA/AM H5N1,Canada goose,Wild bird,Morbidity/Mortality,PA Game Commission
5148,Pennsylvania,Lawrence,2025-02-05,6/30/2025,EA/AM H5N1,Canada goose,Wild bird,Morbidity/Mortality,PA Game Commission
5149,Pennsylvania,Monroe,2025-01-27,6/30/2025,EA/AM H5N1,Hooded merganser,Wild bird,Morbidity/Mortality,PA Game Commission
5151,Pennsylvania,Crawford,2025-02-05,6/30/2025,EA/AM H5N1,Canada goose,Wild bird,Morbidity/Mortality,PA Game Commission
5176,Pennsylvania,Lancaster,2025-01-30,6/27/2025,EA/AM H5N1,Red-tailed hawk,Wild bird,Morbidity/Mortality,PA Game Commission
5177,Pennsylvania,Northumberland,2025-01-27,6/27/2025,EA/AM H5N1,Canada goose,Wild bird,Morbidity/Mortality,PA Game Commission
5193,Pennsylvania,Allegheny,2025-01-27,6/27/2025,EA/AM H5N1,Herring gull,Wild bird,Morbidity/Mortality,PA Game Commission
5194,Pennsylvania,Lycoming,2025-01-29,6/27/2025,EA/AM H5N1,Canada goose,Wild bird,Morbidity/Mortality,PA Game Commission
5195,Pennsylvania,Montgomery,2025-01-30,6/27/2025,EA/AM H5N1,Turkey vulture,Wild bird,Morbidity/Mortality,PA Game Commission
5196,Pennsylvania,Wyoming,2025-02-03,6/27/2025,EA/AM H5N1,Hooded merganser,Wild bird,Morbidity/Mortality,PA Game Commission
5197,Pennsylvania,Wyoming,2025-02-03,6/27/2025,EA/AM H5N1,Canada goose,Wild bird,Morbidity/Mortality,PA Game Commission
5198,Pennsylvania,Luzerne,2025-01-26,6/27/2025,EA H5,Canada goose,Wild bird,Morbidity/Mortality,PA Game Commission
5203,Pennsylvania,Philadelphia,2025-01-30,6/27/2025,EA H5,Canada goose,Wild bird,Morbidity/Mortality,PA Game Commission
5204,Pennsylvania,Northampton,2025-01-30,6/27/2025,EA/AM H5N1,Black vulture,Wild bird,Morbidity/Mortality,PA Game Commission
5261,Pennsylvania,Dauphin,2025-01-18,6/26/2025,EA/AM H5N1,Bald eagle,Wild bird,Morbidity/Mortality,PA Game Commission
5379,Pennsylvania,Cumberland,2025-02-03,6/24/2025,EA/AM H5N1,Canada goose,Wild bird,Morbidity/Mortality,PA Department of Ag
5380,Pennsylvania,Adams,2025-02-04,6/24/2025,EA/AM H5N1,Mallard,Wild bird,Morbidity/Mortality,PA Department of Ag
5381,Pennsylvania,Adams,2025-02-04,6/24/2025,EA/AM H5N1,Canada goose,Wild bird,Morbidity/Mortality,PA Department of Ag
5382,Pennsylvania,Philadelphia,2025-02-04,6/24/2025,EA/AM H5N1,Canada goose,Wild bird,Morbidity/Mortality,PA Department of Ag
5402,Pennsylvania,Adams,2025-01-28,6/24/2025,EA/AM H5N1,Canada goose,Wild bird,Morbidity/Mortality,PA Department of Ag
5403,Pennsylvania,Franklin,2025-01-28,6/24/2025,EA/AM H5N1,Canada goose,Wild bird,Morbidity/Mortality,PA Department of Ag
5404,Pennsylvania,Adams,2025-01-28,6/24/2025,EA/AM H5N1,Hooded merganser,Wild bird,Morbidity/Mortality,PA Department of Ag
5405,Pennsylvania,Adams,2025-01-28,6/24/2025,EA/AM H5N1,Great blue heron,Wild bird,Morbidity/Mortality,PA Department of Ag
5406,Pennsylvania,Adams,2025-01-28,6/24/2025,EA/AM H5N1,Red-shouldered hawk,Wild bird,Morbidity/Mortality,PA Department of Ag
5407,Pennsylvania,Lancaster,2025-01-28,6/24/2025,EA/AM H5N1,Wood duck,Wild bird,Morbidity/Mortality,PA Department of Ag
5451,Pennsylvania,Westmoreland,2025-03-11,6/23/2025,EA/AM H5N1,Red-tailed hawk,Wild bird,Morbidity/Mortality,PA Game Commission
5452,Pennsylvania,Westmoreland,2025-03-11,6/23/2025,EA/AM H5N1,Herring gull,Wild bird,Morbidity/Mortality,PA Game Commission
5462,Pennsylvania,Montgomery,2025-04-02,6/23/2025,EA/AM H5N1,Great horned owl,Wild bird,Morbidity/Mortality,PA Game Commission
5463,Pennsylvania,Dauphin,2025-03-17,6/23/2025,EA/AM H5N1,Black vulture,Wild bird,Morbidity/Mortality,Private (non-government) submission
5464,Pennsylvania,Dauphin,2025-03-31,6/23/2025,EA/AM H5N1,Black vulture,Wild bird,Morbidity/Mortality,Private (non-government) submission
5474,Pennsylvania,Bradford,2025-03-24,6/23/2025,EA H5,Bald eagle,Wild bird,Morbidity/Mortality,PA Game Commission
5475,Pennsylvania,Cumberland,2025-03-24,6/23/2025,EA/AM H5N1,Turkey vulture,Wild bird,Morbidity/Mortality,PA Game Commission
5476,Pennsylvania,Cumberland,2025-03-24,6/23/2025,EA/AM H5N1,Black vulture,Wild bird,Morbidity/Mortality,PA Game Commission
5638,Pennsylvania,Dauphin,2025-01-18,6/17/2025,EA/AM H5N1,Canada goose,Wild bird,Morbidity/Mortality,PA Game Commission
5642,Pennsylvania,Unknown,2025-04-09,6/17/2025,EA/AM H5N1,American crow,Wild bird,Morbidity/Mortality,PA Game Commission
5664,Pennsylvania,Dauphin,2025-01-18,6/17/2025,EA/AM H5N1,Canada goose,Wild bird,Morbidity/Mortality,PA Game Commission
5683,Pennsylvania,Lancaster,2025-04-02,6/17/2025,EA/AM H5N1,Red-tailed hawk,Wild bird,Morbidity/Mortality,PA Game Commission
5684,Pennsylvania,Franklin,2025-04-02,6/17/2025,EA/AM H5N1,Black vulture,Wild bird,Morbidity/Mortality,PA Game Commission
5685,Pennsylvania,Lancaster,2025-04-09,6/17/2025,EA/AM H5N1,Red-tailed hawk,Wild bird,Morbidity/Mortality,PA Game Commission
5686,Pennsylvania,Cumberland,2025-03-24,6/17/2025,EA/AM H5N1,Bald eagle,Wild bird,Morbidity/Mortality,PA Game Commission
5726,Pennsylvania,Schuylkill,2025-03-24,6/16/2025,EA/AM H5N1,Red-tailed hawk,Wild bird,Morbidity/Mortality,PA Game Commission
5727,Pennsylvania,Montgomery,2025-04-14,6/16/2025,EA/AM H5N1,Black vulture,Wild bird,Morbidity/Mortality,PA Game Commission
5737,Pennsylvania,Dauphin,2025-01-20,6/16/2025,EA H5,Canada goose,Wild bird,Morbidity/Mortality,PA Game Commission
5738,Pennsylvania,Dauphin,2025-01-18,6/16/2025,EA/AM H5N1,Cooper's hawk,Wild bird,Morbidity/Mortality,PA Game Commission
5739,Pennsylvania,Dauphin,2025-01-17,6/16/2025,EA/AM H5N1,Great horned owl,Wild bird,Morbidity/Mortality,PA Game Commission
5740,Pennsylvania,Dauphin,2025-01-17,6/16/2025,EA/AM H5N1,Great horned owl,Wild bird,Morbidity/Mortality,PA Game Commission
5741,Pennsylvania,Dauphin,2025-01-17,6/16/2025,EA/AM H5N1,Great horned owl,Wild bird,Morbidity/Mortality,PA Game Commission
5743,Pennsylvania,Dauphin,2025-01-20,6/16/2025,EA H5,Canada goose,Wild bird,Morbidity/Mortality,PA Game Commission
5774,Pennsylvania,Northumberland,2025-01-22,6/16/2025,EA/AM H5N1,Bald eagle,Wild bird,Morbidity/Mortality,PA Game Commission
5775,Pennsylvania,Northumberland,2025-01-22,6/16/2025,EA/AM H5N1,Cooper's hawk,Wild bird,Morbidity/Mortality,PA Game Commission
5776,Pennsylvania,Carbon,2025-01-22,6/16/2025,EA/AM H5N1,Snow goose,Wild bird,Morbidity/Mortality,PA Game Commission
5777,Pennsylvania,Pike,2025-01-22,6/16/2025,EA/AM H5N1,Snow goose,Wild bird,Morbidity/Mortality,PA Game Commission
5778,Pennsylvania,Lehigh,2025-01-16,6/16/2025,EA/AM H5N1,Red-tailed hawk,Wild bird,Morbidity/Mortality,PA Game Commission
5779,Pennsylvania,Berks,2025-01-16,6/16/2025,EA/AM H5N1,Snow goose,Wild bird,Morbidity/Mortality,PA Game Commission
5780,Pennsylvania,Northampton,2025-01-17,6/16/2025,EA/AM H5N1,Snow goose,Wild bird,Morbidity/Mortality,PA Game Commission
5787,Pennsylvania,Montgomery,2025-01-13,6/13/2025,EA/AM H5N1,Snow goose,Wild bird,Morbidity/Mortality,PA Game Commission
5788,Pennsylvania,Philadelphia,2025-01-13,6/13/2025,EA/AM H5N1,Snow goose,Wild bird,Morbidity/Mortality,PA Game Commission
5789,Pennsylvania,Lancaster,2025-01-13,6/13/2025,EA/AM H5N1,Snow goose,Wild bird,Morbidity/Mortality,PA Game Commission
5790,Pennsylvania,Lancaster,2025-01-13,6/13/2025,EA/AM H5N1,Canada goose,Wild bird,Morbidity/Mortality,PA Game Commission
5791,Pennsylvania,Berks,2025-01-13,6/13/2025,EA H5,Snow goose,Wild bird,Morbidity/Mortality,PA Game Commission
5792,Pennsylvania,Bucks,2025-01-13,6/13/2025,EA/AM H5N1,Snow goose,Wild bird,Morbidity/Mortality,PA Game Commission
5845,Pennsylvania,Lebanon,2025-01-07,6/12/2025,EA/AM H5N1,Snow goose,Wild bird,Morbidity/Mortality,PA Game Commission
5846,Pennsylvania,Lancaster,2025-01-03,6/12/2025,EA/AM H5N1,Snow goose,Wild bird,Morbidity/Mortality,PA Game Commission
5847,Pennsylvania,Mercer,2024-12-15,6/12/2025,EA/AM H5N1,Bald eagle,Wild bird,Morbidity/Mortality,PA Game Commission
5848,Pennsylvania,Erie,2024-12-18,6/12/2025,EA/AM H5N1,Snowy owl,Wild bird,Morbidity/Mortality,PA Game Commission
5850,Pennsylvania,Berks,2025-01-07,6/12/2025,EA/AM H5N1,Snow goose,Wild bird,Morbidity/Mortality,PA Game Commission
5851,Pennsylvania,Schuylkill,2025-01-08,6/12/2025,EA/AM H5N1,Canada goose,Wild bird,Morbidity/Mortality,PA Game Commission
5852,Pennsylvania,Northampton,2025-01-02,6/12/2025,EA/AM H5N1,Red-tailed hawk,Wild bird,Morbidity/Mortality,PA Game Commission
5854,Pennsylvania,Carbon,2025-01-02,6/12/2025,EA/AM H5N1,Red-tailed hawk,Wild bird,Morbidity/Mortality,PA Game Commission
5855,Pennsylvania,Berks,2025-01-08,6/12/2025,EA/AM H5N1,Snow goose,Wild bird,Morbidity/Mortality,PA Game Commission
5896,Pennsylvania,Dauphin,2025-01-07,6/11/2025,EA/AM H5N1,Snow goose,Wild bird,Morbidity/Mortality,Private (non-government) submission
6052,Pennsylvania,Northampton,2025-01-13,6/9/2025,EA/AM H5N1,Red-tailed hawk,Wild bird,Morbidity/Mortality,PA Game Commission
6101,Pennsylvania,Northampton,2025-01-13,6/6/2025,EA/AM H5N1,Great horned owl,Wild bird,Morbidity/Mortality,PA Game Commission
6102,Pennsylvania,Northampton,2025-01-15,6/6/2025,EA/AM H5N1,Bald eagle,Wild bird,Morbidity/Mortality,PA Game Commission
6103,Pennsylvania,Berks,2025-01-13,6/6/2025,EA/AM H5N1,Bald eagle,Wild bird,Morbidity/Mortality,PA Game Commission
6104,Pennsylvania,Northampton,2025-01-02,6/6/2025,EA/AM H5N1,Red-tailed hawk,Wild bird,Morbidity/Mortality,PA Game Commission
6105,Pennsylvania,Lehigh,2025-01-13,6/6/2025,EA/AM H5N1,American crow,Wild bird,Morbidity/Mortality,PA Game Commission
6106,Pennsylvania,Lehigh,2025-01-13,6/6/2025,EA/AM H5N1,American crow,Wild bird,Morbidity/Mortality,PA Game Commission
6133,Pennsylvania,Pike,2024-12-05,6/6/2025,EA H5,Bald eagle,Wild bird,Morbidity/Mortality,PA Game Commission
6235,Pennsylvania,Adams,2025-01-28,6/5/2025,EA H5,Canada goose,Wild bird,Morbidity/Mortality,PA Game Commission
6261,Pennsylvania,Lehigh,2025-04-21,6/4/2025,EA H5,Bald eagle,Wild bird,Morbidity/Mortality,PA Game Commission
6262,Pennsylvania,Chester,2025-04-17,6/4/2025,EA/AM H5N1,Black vulture,Wild bird,Morbidity/Mortality,PA Game Commission
6328,Pennsylvania,Chester,2025-04-28,6/2/2025,EA/AM H5N1,Black vulture,Wild bird,Morbidity/Mortality,PA Game Commission
6329,Pennsylvania,Montgomery,2025-04-29,6/2/2025,EA/AM H5N1,Bald eagle,Wild bird,Morbidity/Mortality,PA Game Commission
6371,Pennsylvania,Montgomery,2025-04-30,5/28/2025,EA/AM H5N1,Black vulture,Wild bird,Morbidity/Mortality,PA Game Commission
6372,Pennsylvania,Montgomery,2025-04-30,5/28/2025,EA/AM H5N1,Black vulture,Wild bird,Morbidity/Mortality,PA Game Commission
6404,Pennsylvania,Dauphin,2025-05-05,5/9/2025,EA/AM H5N1,Black vulture,Wild bird,Morbidity/Mortality,NWDP
6405,Pennsylvania,Dauphin,2025-05-05,5/9/2025,EA/AM H5N1,Black vulture,Wild bird,Morbidity/Mortality,NWDP
6406,Pennsylvania,Dauphin,2025-05-05,5/9/2025,EA/AM H5N1,Black vulture,Wild bird,Morbidity/Mortality,NWDP
6478,Pennsylvania,Lancaster,2025-04-08,4/21/2025,EA/AM H5N1,Black vulture,Wild bird,Morbidity/Mortality,NWDP
6479,Pennsylvania,Lancaster,2025-04-08,4/21/2025,EA/AM H5N1,Black vulture,Wild bird,Morbidity/Mortality,NWDP
6480,Pennsylvania,Lackawanna,2025-02-28,4/17/2025,EA/AM H5N1,Mute swan,Captive wild bird,Morbidity/Mortality,Private (non-government) submission
6512,Pennsylvania,York,2024-04-03,4/10/2025,EA/AM H5N1,Black vulture,Wild bird,Morbidity/Mortality,NWDP
6513,Pennsylvania,York,2025-04-03,4/10/2025,EA/AM H5N1,Black vulture,Wild bird,Morbidity/Mortality,NWDP
6514,Pennsylvania,York,2025-04-03,4/10/2025,EA/AM H5N1,Black vulture,Wild bird,Morbidity/Mortality,NWDP
6881,Pennsylvania,Mercer,2025-01-28,2/18/2025,EA H5,Canada goose,Wild bird,Morbidity/Mortality,PA Game Commission
6913,Pennsylvania,Cumberland,2025-01-30,2/10/2025,EA H5,Mallard,Wild bird,Live bird,NWDP
6914,Pennsylvania,Cumberland,2025-01-30,2/10/2025,EA H5N1,Mallard,Wild bird,Live bird,NWDP
6915,Pennsylvania,Cumberland,2025-01-30,2/10/2025,EA H5N1,Mallard,Wild bird,Live bird,NWDP
6918,Pennsylvania,Union,2025-01-29,2/10/2025,EA/AM H5N1,Mallard,Wild bird,Live bird,NWDP
6919,Pennsylvania,Union,2025-01-29,2/10/2025,EA H5N1 mixed,Mallard,Wild bird,Live bird,NWDP
6920,Pennsylvania,Union,2025-01-29,2/10/2025,EA H5N1,Mallard,Wild bird,Live bird,NWDP
6921,Pennsylvania,Union,2025-01-29,2/10/2025,EA H5N1,Mallard,Wild bird,Live bird,NWDP
6922,Pennsylvania,Union,2025-01-29,2/10/2025,EA H5N1,Mallard,Wild bird,Live bird,NWDP
6923,Pennsylvania,Union,2025-01-29,2/10/2025,EA H5N1,Mallard,Wild bird,Live bird,NWDP
6924,Pennsylvania,Union,2025-01-29,2/10/2025,EA/AM H5N1,Mallard,Wild bird,Live bird,NWDP
6925,Pennsylvania,Union,2025-01-29,2/10/2025,EA H5N1,Mallard,Wild bird,Live bird,NWDP
6926,Pennsylvania,Union,2025-01-29,2/10/2025,EA/AM H5N1,Mallard,Wild bird,Live bird,NWDP
6927,Pennsylvania,Union,2025-01-29,2/10/2025,EA H5N1 mixed,Mallard,Wild bird,Live bird,NWDP
6928,Pennsylvania,Union,2025-01-29,2/10/2025,EA/AM H5N1,Mallard,Wild bird,Live bird,NWDP
6929,Pennsylvania,Union,2025-01-29,2/10/2025,EA H5N1,Mallard,Wild bird,Live bird,NWDP
6930,Pennsylvania,Union,2025-01-29,2/10/2025,EA H5N1 mixed,Mallard,Wild bird,Live bird,NWDP
6931,Pennsylvania,Union,2025-01-29,2/10/2025,EA H5N1,Mallard,Wild bird,Live bird,NWDP
6981,Pennsylvania,Columbia,2025-01-25,2/6/2025,EA/AM H5N1,Goose (unidentified),Wild bird,Morbidity/Mortality,Private (non-government) submission
6982,Pennsylvania,Columbia,2025-01-25,2/6/2025,EA/AM H5N1,Goose (unidentified),Wild bird,Morbidity/Mortality,Private (non-government) submission
6983,Pennsylvania,Columbia,2025-01-25,2/6/2025,EA/AM H5N1,Goose (unidentified),Wild bird,Morbidity/Mortality,Private (non-government) submission
7134,Pennsylvania,Lancaster,2025-01-04,1/29/2025,EA H5,American black duck,Wild bird,Hunter harvest,NWDP
7211,Pennsylvania,Clinton,2025-01-06,1/28/2025,EA H5,American black duck,Wild bird,Hunter harvest,NWDP
7212,Pennsylvania,Lancaster,2025-01-13,1/28/2025,EA/AM H5N1,Mallard,Wild bird,Hunter harvest,NWDP
7213,Pennsylvania,Lancaster,2025-01-13,1/28/2025,EA/AM H5N1,Wild hybrid duck (Anatidae),Wild bird,Hunter harvest,NWDP
7214,Pennsylvania,Lancaster,2025-01-13,1/28/2025,EA/AM H5N1,Mallard,Wild bird,Hunter harvest,NWDP
7215,Pennsylvania,Lancaster,2025-01-13,1/28/2025,EA/AM H5N1,Mallard,Wild bird,Hunter harvest,NWDP
7216,Pennsylvania,Lancaster,2025-01-13,1/28/2025,EA/AM H5N1,Mallard,Wild bird,Hunter harvest,NWDP
7217,Pennsylvania,Lancaster,2025-01-13,1/28/2025,EA/AM H5N1,Mallard,Wild bird,Hunter harvest,NWDP
7218,Pennsylvania,Lancaster,2025-01-13,1/28/2025,EA/AM H5N1 mixed,Mallard,Wild bird,Hunter harvest,NWDP
7219,Pennsylvania,Lancaster,2025-01-13,1/28/2025,EA/AM H5N1,Mallard,Wild bird,Hunter harvest,NWDP
7220,Pennsylvania,Lancaster,2025-01-13,1/28/2025,EA/AM H5N1,Green-winged teal,Wild bird,Hunter harvest,NWDP
7221,Pennsylvania,Lancaster,2025-01-13,1/28/2025,EA/AM H5N1,Mallard,Wild bird,Hunter harvest,NWDP
7226,Pennsylvania,Lancaster,2025-01-16,1/27/2025,EA H5N1,Mallard,Wild bird,Hunter harvest,NWDP
7230,Pennsylvania,Lancaster,2025-01-04,1/27/2025,EA/AM H5N1,Snow goose,Wild bird,Hunter harvest,NWDP
7231,Pennsylvania,Lancaster,2025-01-02,1/27/2025,EA/AM H5N1,Mallard,Wild bird,Hunter harvest,NWDP
7232,Pennsylvania,Lancaster,2025-01-02,1/27/2025,EA H5 mixed,Mallard,Wild bird,Hunter harvest,NWDP
7233,Pennsylvania,Lancaster,2025-01-04,1/27/2025,EA H5,American black duck,Wild bird,Hunter harvest,NWDP
7234,Pennsylvania,Lancaster,2025-01-04,1/27/2025,EA H5,American black duck,Wild bird,Hunter harvest,NWDP
7235,Pennsylvania,Lancaster,2025-01-04,1/27/2025,EA/AM H5N1,American black duck,Wild bird,Hunter harvest,NWDP
7251,Pennsylvania,Lancaster,2025-01-16,1/27/2025,EA H5,Mallard,Wild bird,Hunter harvest,NWDP
7553,Pennsylvania,Lehigh,2024-12-30,1/6/2025,EA/AM H5N1,Snow goose,Wild bird,Morbidity/Mortality,NWDP
7554,Pennsylvania,Lehigh,2024-12-30,1/6/2025,EA/AM H5N1,Snow goose,Wild bird,Morbidity/Mortality,NWDP
7555,Pennsylvania,Lehigh,2024-12-30,1/6/2025,EA/AM H5N1,Snow goose,Wild bird,Morbidity/Mortality,NWDP
7556,Pennsylvania,Lehigh,2024-12-30,1/6/2025,EA/AM H5N1,Snow goose,Wild bird,Morbidity/Mortality,NWDP
7557,Pennsylvania,Lehigh,2024-12-30,1/6/2025,EA/AM H5N1,Snow goose,Wild bird,Morbidity/Mortality,NWDP
7558,Pennsylvania,Lehigh,2024-12-30,1/6/2025,EA/AM H5N1,Snow goose,Wild bird,Morbidity/Mortality,NWDP
7559,Pennsylvania,Lehigh,2024-12-30,1/6/2025,EA/AM H5N1,Snow goose,Wild bird,Morbidity/Mortality,NWDP
7560,Pennsylvania,Lehigh,2024-12-30,1/6/2025,EA/AM H5N1,Snow goose,Wild bird,Morbidity/Mortality,NWDP
7561,Pennsylvania,Lehigh,2024-12-30,1/6/2025,EA/AM H5N1,Snow goose,Wild bird,Morbidity/Mortality,NWDP
7562,Pennsylvania,Northampton,2024-12-30,1/6/2025,EA/AM H5N1,Snow goose,Wild bird,Morbidity/Mortality,NWDP
7563,Pennsylvania,Northampton,2024-12-30,1/6/2025,EA/AM H5N1,Snow goose,Wild bird,Morbidity/Mortality,NWDP
7564,Pennsylvania,Northampton,2024-12-30,1/6/2025,EA/AM H5N1,Snow goose,Wild bird,Morbidity/Mortality,NWDP
7565,Pennsylvania,Northampton,2024-12-30,1/6/2025,EA/AM H5N1,Snow goose,Wild bird,Morbidity/Mortality,NWDP
7566,Pennsylvania,Northampton,2024-12-30,1/6/2025,EA/AM H5N1,Snow goose,Wild bird,Morbidity/Mortality,NWDP
7567,Pennsylvania,Northampton,2024-12-30,1/6/2025,EA/AM H5N1,Snow goose,Wild bird,Morbidity/Mortality,NWDP
7568,Pennsylvania,Northampton,2024-12-30,1/6/2025,EA/AM H5N1,Snow goose,Wild bird,Morbidity/Mortality,NWDP
7569,Pennsylvania,Northampton,2024-12-30,1/6/2025,EA/AM H5N1,Snow goose,Wild bird,Morbidity/Mortality,NWDP
7570,Pennsylvania,Northampton,2024-12-30,1/6/2025,EA/AM H5N1,Snow goose,Wild bird,Morbidity/Mortality,NWDP
7571,Pennsylvania,Northampton,2024-12-30,1/6/2025,EA/AM H5N1,Snow goose,Wild bird,Morbidity/Mortality,NWDP
7572,Pennsylvania,Northampton,2024-12-30,1/6/2025,EA/AM H5N1,Snow goose,Wild bird,Morbidity/Mortality,NWDP
7573,Pennsylvania,Northampton,2024-12-30,1/6/2025,EA/AM H5N1,Snow goose,Wild bird,Morbidity/Mortality,NWDP
7574,Pennsylvania,Northampton,2024-12-30,1/6/2025,EA/AM H5N1,Snow goose,Wild bird,Morbidity/Mortality,NWDP
7575,Pennsylvania,Northampton,2024-12-30,1/6/2025,EA/AM H5N1,Snow goose,Wild bird,Morbidity/Mortality,NWDP
7576,Pennsylvania,Northampton,2024-12-30,1/6/2025,EA/AM H5N1,Snow goose,Wild bird,Morbidity/Mortality,NWDP
7577,Pennsylvania,Lehigh,2024-12-30,1/6/2025,EA/AM H5N1,Snow goose,Wild bird,Morbidity/Mortality,NWDP
7780,Pennsylvania,Perry,2024-12-17,12/26/2024,EA H5,American black duck,Wild bird,Hunter harvest,NWDP
8940,Pennsylvania,Lancaster,2023-12-25,10/30/2024,EA H5N1,American black duck,Wild bird,Hunter harvest,NWDP
8941,Pennsylvania,Lancaster,2023-12-25,10/30/2024,EA H5N1,Mallard,Wild bird,Hunter harvest,NWDP
8942,Pennsylvania,Lancaster,2023-12-25,10/30/2024,EA H5N1,American black duck,Wild bird,Hunter harvest,NWDP
9365,Pennsylvania,York,2023-12-19,9/5/2024,EA/AM H5N1,Ring-necked duck,Wild bird,Hunter harvest,NWDP
9945,Pennsylvania,Crawford,2024-05-01,6/3/2024,EA/AM H5N1,Red-tailed hawk,Wild bird,Morbidity/Mortality,PA Game Commission
9989,Pennsylvania,Monroe,2024-04-13,5/2/2024,EA/AM H5N1,Bald eagle,Wild bird,Morbidity/Mortality,PA Game Commission
10032,Pennsylvania,Northampton,2024-03-11,4/9/2024,EA H5N1,Bald eagle,Wild bird,Morbidity/Mortality,PA Game Commission
10036,Pennsylvania,Cumberland,2024-03-19,4/9/2024,EA H5N1,Mallard,Wild bird,Live bird,NWDP
10260,Pennsylvania,Union,2024-02-14,2/29/2024,EA/AM H5N1,Red-tailed hawk,Wild bird,Morbidity/Mortality,PA Game Commission
10261,Pennsylvania,Erie,2024-02-14,2/29/2024,EA H5N1,Red-tailed hawk,Wild bird,Morbidity/Mortality,PA Game Commission
10263,Pennsylvania,Erie,2024-02-14,2/29/2024,EA H5N1,Barred owl,Wild bird,Morbidity/Mortality,PA Game Commission
10341,Pennsylvania,Wyoming,2024-02-01,2/21/2024,EA/AM H5N1,Bald eagle,Wild bird,Morbidity/Mortality,PA Game Commission
10459,Pennsylvania,Berks,2024-01-29,2/12/2024,EA H5N1,House sparrow,Wild bird,Morbidity/Mortality,PA Game Commission
10482,Pennsylvania,Crawford,2024-01-24,2/9/2024,EA/AM H5N1,Canada goose,Wild bird,Morbidity/Mortality,PA Game Commission
10483,Pennsylvania,Lancaster,2024-01-26,2/9/2024,EA/AM H5N1,Red-tailed hawk,Wild bird,Morbidity/Mortality,PA Game Commission
10484,Pennsylvania,Lancaster,2024-01-29,2/9/2024,EA/AM H5N1,Red-tailed hawk,Wild bird,Morbidity/Mortality,PA Game Commission
10499,Pennsylvania,Lancaster,2023-12-19,2/9/2024,EA H5N1,American black duck,Wild bird,Hunter harvest,NWDP
10617,Pennsylvania,Fayette,2023-12-08,1/30/2024,EA/AM H5N1,Tundra swan,Wild bird,Morbidity/Mortality,PA Game Commission
10618,Pennsylvania,Mercer,2024-01-02,1/30/2024,EA H5N1,Ring-billed gull,Wild bird,Morbidity/Mortality,PA Game Commission
10619,Pennsylvania,Lebanon,2023-12-25,1/30/2024,EA/AM H5N1,Red-tailed hawk,Wild bird,Morbidity/Mortality,PA Game Commission
10707,Pennsylvania,Delaware,2023-02-15,1/5/2024,EA H5N1,Bald eagle,Wild bird,Morbidity/Mortality,SCWDS/USFWS National Eagle Repository
10708,Pennsylvania,Chester,2023-01-10,1/5/2024,EA H5N1,Bald eagle,Wild bird,Morbidity/Mortality,SCWDS/USFWS National Eagle Repository
10709,Pennsylvania,Schuylkill,2023-01-10,1/5/2024,EA H5N1,Bald eagle,Wild bird,Morbidity/Mortality,SCWDS/USFWS National Eagle Repository
12181,Pennsylvania,Dauphin,2023-09-15,9/26/2023,EA H5N1,Black vulture,Wild bird,Morbidity/Mortality,NWDP
12276,Pennsylvania,Wayne,2022-05-22,6/27/2023,EA H5N1,Bald eagle,Wild bird,Morbidity/Mortality,SCWDS/USFWS National Eagle Repository
12341,Pennsylvania,Butler,2023-04-01,5/30/2023,EA H5N1,Turkey vulture,Wild bird,Morbidity/Mortality,PA Game Commission
12342,Pennsylvania,Erie,2023-04-03,5/30/2023,EA/AM H5N1,Peregrine falcon,Wild bird,Morbidity/Mortality,PA Game Commission
12409,Pennsylvania,Chester,2023-04-06,5/16/2023,EA H5N1,Red-tailed hawk,Wild bird,Morbidity/Mortality,PA Game Commission
12411,Pennsylvania,Blair,2023-04-03,5/16/2023,EA/AM H5N1,Turkey vulture,Wild bird,Morbidity/Mortality,PA Game Commission
12412,Pennsylvania,Lancaster,2023-03-20,5/16/2023,EA/AM H5N1,Bald eagle,Wild bird,Morbidity/Mortality,PA Game Commission
12413,Pennsylvania,Huntingdon,2023-03-22,5/16/2023,EA/AM H5N1,Common raven,Wild bird,Morbidity/Mortality,PA Game Commission
12414,Pennsylvania,Dauphin,2023-03-14,5/16/2023,EA/AM H5N1,American crow,Wild bird,Morbidity/Mortality,PA Game Commission
12415,Pennsylvania,Chester,2023-04-06,5/16/2023,EA/AM H5N1,Black vulture,Wild bird,Morbidity/Mortality,PA Game Commission
12416,Pennsylvania,Lancaster,2023-03-17,5/16/2023,EA/AM H5N1,Turkey vulture,Wild bird,Morbidity/Mortality,PA Game Commission
12417,Pennsylvania,Schuylkill,2023-03-13,5/16/2023,EA/AM H5N1,Bald eagle,Wild bird,Morbidity/Mortality,PA Game Commission
12418,Pennsylvania,Lancaster,2023-04-06,5/16/2023,EA/AM H5N1,Black vulture,Wild bird,Morbidity/Mortality,PA Game Commission
12642,Pennsylvania,Lancaster,2023-03-03,3/28/2023,EA/AM H5N1,Red-tailed hawk,Wild bird,Morbidity/Mortality,PA Game Commission
12643,Pennsylvania,Lancaster,2023-02-24,3/28/2023,EA/AM H5N1,Red-tailed hawk,Wild bird,Morbidity/Mortality,PA Game Commission
12644,Pennsylvania,Lancaster,2023-02-28,3/28/2023,EA/AM H5N1,Red-tailed hawk,Wild bird,Morbidity/Mortality,PA Game Commission
12705,Pennsylvania,Centre,2023-02-14,3/8/2023,EA H5N1,Mallard,Wild bird,Live bird,NWDP
12742,Pennsylvania,Allegheny,2023-01-09,2/27/2023,EA/AM H5N1,Herring gull,Wild bird,Morbidity/Mortality,PA Game Commission
12743,Pennsylvania,Tioga,2023-02-15,2/27/2023,EA/AM H5N1,Canada goose,Wild bird,Morbidity/Mortality,PA Game Commission
12744,Pennsylvania,Tioga,2023-02-15,2/27/2023,EA/AM H5N1,Canada goose,Wild bird,Morbidity/Mortality,PA Game Commission
12750,Pennsylvania,Tioga,2023-02-15,2/27/2023,EA/AM H5N1,Canada goose,Wild bird,Morbidity/Mortality,PA Game Commission
12889,Pennsylvania,Lancaster,2023-01-31,2/10/2023,EA H5N1,Snow goose,Wild bird,Morbidity/Mortality,PA Game Commission
12899,Pennsylvania,Erie,2023-01-25,2/10/2023,EA/AM H5N1,Bald eagle,Wild bird,Morbidity/Mortality,PA Game Commission
12990,Pennsylvania,Northampton,2023-01-24,1/31/2023,EA/AM H5N1,Red-tailed hawk,Wild bird,Morbidity/Mortality,PA Game Commission
12991,Pennsylvania,Northampton,2023-01-24,1/31/2023,EA/AM H5N1,Red-tailed hawk,Wild bird,Morbidity/Mortality,PA Game Commission
12998,Pennsylvania,Centre,2023-01-14,1/31/2023,EA H5N1,Mallard,Wild bird,Hunter harvest,NWDP
13006,Pennsylvania,Schuylkill,2023-01-12,1/31/2023,EA H5N1,Mallard,Wild bird,Live bird,NWDP
13235,Pennsylvania,Berks,2022-12-19,1/13/2023,EA/AM H5N1,Bald eagle,Wild bird,Morbidity/Mortality,PA Game Commission
13236,Pennsylvania,Berks,2023-01-09,1/13/2023,EA/AM H5N1,Mute swan,Wild bird,Morbidity/Mortality,PA Game Commission
13237,Pennsylvania,Berks,2023-01-09,1/13/2023,EA/AM H5N1,Mute swan,Wild bird,Morbidity/Mortality,PA Game Commission
13351,Pennsylvania,Lancaster,2022-12-24,1/9/2023,EA/AM H5N1,Mallard,Wild bird,Hunter harvest,NWDP
13461,Pennsylvania,Franklin,2022-12-14,1/4/2023,EA H5N1,Mallard,Wild bird,Hunter harvest,NWDP
13514,Pennsylvania,Erie,2022-12-19,1/3/2023,EA/AM H5N1,White-winged scoter,Wild bird,Morbidity/Mortality,PA Game Commission
13537,Pennsylvania,Adams,2022-12-16,12/30/2022,EA H5N1,Black vulture,Wild bird,Morbidity/Mortality,PA Game Commission
13715,Pennsylvania,Chester,2022-10-25,12/20/2022,EA H5N1,Canada goose,Wild bird,Morbidity/Mortality,PA Game Commission
13862,Pennsylvania,Allegheny,2022-10-04,12/15/2022,EA H5N1,Canada goose,Wild bird,Morbidity/Mortality,PA Game Commission
13863,Pennsylvania,Centre,2022-12-05,12/15/2022,EA H5N1,Canada goose,Wild bird,Morbidity/Mortality,PA Game Commission
13864,Pennsylvania,Centre,2022-12-05,12/15/2022,EA H5N1,Canada goose,Wild bird,Morbidity/Mortality,PA Game Commission
13865,Pennsylvania,Lehigh,2022-11-29,12/15/2022,EA/AM H5N1,Black vulture,Wild bird,Morbidity/Mortality,PA Game Commission
13866,Pennsylvania,Chester,2022-11-14,12/15/2022,EA/AM H5N1,Black vulture,Wild bird,Morbidity/Mortality,PA Game Commission
13867,Pennsylvania,Berks,2022-11-22,12/15/2022,EA/AM H5N1,Black vulture,Wild bird,Morbidity/Mortality,PA Game Commission
13868,Pennsylvania,Berks,2022-10-28,12/15/2022,EA/AM H5N1,Black vulture,Wild bird,Morbidity/Mortality,PA Game Commission
13869,Pennsylvania,Chester,2022-10-19,12/15/2022,EA/AM H5N1,Black vulture,Wild bird,Morbidity/Mortality,PA Game Commission
13870,Pennsylvania,Chester,2022-10-19,12/15/2022,EA/AM H5N1,Black vulture,Wild bird,Morbidity/Mortality,PA Game Commission
13871,Pennsylvania,Bucks,2022-10-19,12/15/2022,EA/AM H5N1,Green-winged teal,Wild bird,Morbidity/Mortality,PA Game Commission
13882,Pennsylvania,Carbon,2022-10-21,12/15/2022,EA/AM H5N1,Bald eagle,Wild bird,Morbidity/Mortality,PA Game Commission
13884,Pennsylvania,Adams,2022-10-10,12/15/2022,EA/AM H5N1,Black vulture,Wild bird,Morbidity/Mortality,PA Game Commission
13885,Pennsylvania,Adams,2022-10-10,12/15/2022,EA/AM H5N1,Black vulture,Wild bird,Morbidity/Mortality,PA Game Commission
13886,Pennsylvania,Adams,2022-10-10,12/15/2022,EA/AM H5N1,Black vulture,Wild bird,Morbidity/Mortality,PA Game Commission
13887,Pennsylvania,Venango,2022-09-28,12/15/2022,EA H5N1,Canada goose,Wild bird,Morbidity/Mortality,PA Game Commission
13888,Pennsylvania,Lebanon,2022-10-03,12/15/2022,EA H5N1,Black vulture,Wild bird,Morbidity/Mortality,PA Game Commission
13889,Pennsylvania,Potter,2022-09-28,12/15/2022,EA H5N1,Mallard,Wild bird,Morbidity/Mortality,PA Game Commission
13890,Pennsylvania,Crawford,2022-09-28,12/15/2022,EA/AM H5N1,Bald eagle,Wild bird,Morbidity/Mortality,PA Game Commission
13891,Pennsylvania,Lackawanna,2022-09-23,12/15/2022,EA H5,Canada goose,Wild bird,Morbidity/Mortality,PA Game Commission
13892,Pennsylvania,Monroe,2022-10-02,12/15/2022,EA/AM H5N1,Mute swan,Wild bird,Morbidity/Mortality,PA Game Commission
13893,Pennsylvania,Monroe,2022-10-02,12/15/2022,EA/AM H5N1,Mute swan,Wild bird,Morbidity/Mortality,PA Game Commission
13894,Pennsylvania,Lancaster,2022-10-11,12/15/2022,EA/AM H5N1,Canada goose,Wild bird,Morbidity/Mortality,PA Game Commission
14207,Pennsylvania,Butler,2022-11-28,12/6/2022,EA H5N1,Canada goose,Wild bird,Morbidity/Mortality,PA Game Commission
15036,Pennsylvania,Cumberland,2022-10-28,11/8/2022,EA/AM H5N1,Black vulture,Wild bird,Morbidity/Mortality,NWDP
15037,Pennsylvania,Cumberland,2022-10-28,11/8/2022,EA H5N1,Black vulture,Wild bird,Morbidity/Mortality,NWDP
15038,Pennsylvania,Cumberland,2022-10-28,11/8/2022,EA/AM H5N1,Black vulture,Wild bird,Morbidity/Mortality,NWDP
15039,Pennsylvania,Cumberland,2022-10-28,11/8/2022,EA/AM H5N1,Black vulture,Wild bird,Morbidity/Mortality,NWDP
15199,Pennsylvania,Montgomery,2022-10-22,10/31/2022,EA/AM H5N1,Mute swan,Wild bird,Morbidity/Mortality,PA Game Commission
15808,Pennsylvania,Dauphin,2022-10-11,10/19/2022,EA/AM H5N1,Rhea (unidentified),Captive wild bird,Morbidity/Mortality,Private (non-government) submission
15809,Pennsylvania,Dauphin,2022-10-11,10/19/2022,EA/AM H5N1,Rhea (unidentified),Captive wild bird,Morbidity/Mortality,Private (non-government) submission
15810,Pennsylvania,Dauphin,2022-10-11,10/19/2022,EA/AM H5N1,Rhea (unidentified),Captive wild bird,Morbidity/Mortality,Private (non-government) submission
15812,Pennsylvania,Dauphin,2022-10-11,10/19/2022,EA/AM H5N1,Rhea (unidentified),Captive wild bird,Morbidity/Mortality,Private (non-government) submission
16045,Pennsylvania,Berks,2022-09-20,10/4/2022,EA/AM H5N1,Canada goose,Wild bird,Morbidity/Mortality,PA Game Commission
16046,Pennsylvania,Northampton,2022-09-20,10/4/2022,EA/AM H5N1,Black vulture,Wild bird,Morbidity/Mortality,PA Game Commission
16062,Pennsylvania,Mercer,2022-09-20,10/4/2022,EA H5N1,Canada goose,Wild bird,Morbidity/Mortality,PA Game Commission
16186,Pennsylvania,Lackawanna,2022-09-19,9/29/2022,EA H5N1,Canada goose,Wild bird,Morbidity/Mortality,PA Game Commission/USGS
16187,Pennsylvania,Lackawanna,2022-09-19,9/29/2022,EA H5N1,Canada goose,Wild bird,Morbidity/Mortality,PA Game Commission/USGS
16188,Pennsylvania,Lackawanna,2022-09-19,9/29/2022,EA/AM H5N1,Canada goose,Wild bird,Morbidity/Mortality,PA Game Commission/USGS
16283,Pennsylvania,Lackawanna,2022-09-17,9/23/2022,EA H5N1,Canada goose,Wild bird,Morbidity/Mortality,PA Game Commission
16284,Pennsylvania,Lackawanna,2022-09-17,9/23/2022,EA H5N1,Canada goose,Wild bird,Morbidity/Mortality,PA Game Commission
16463,Pennsylvania,Crawford,2022-08-30,9/19/2022,EA H5N1,Bald eagle,Wild bird,Morbidity/Mortality,PA Game Commission
16464,Pennsylvania,Chester,2022-09-13,9/19/2022,EA/AM H5N1,Black vulture,Wild bird,Morbidity/Mortality,PA Game Commission
16779,Pennsylvania,Bucks,2022-08-23,9/2/2022,EA/AM H5N1,Black vulture,Wild bird,Morbidity/Mortality,PA Game Commission
16880,Pennsylvania,Dauphin,2022-08-16,8/24/2022,EA/AM H5N1,Crane (unidentified),Captive wild bird,Morbidity/Mortality,Private (non-government) submission
16894,Pennsylvania,Northampton,2022-08-15,8/22/2022,EA/AM H5N1,Black vulture,Wild bird,Morbidity/Mortality,PA Game Commission
17124,Pennsylvania,Crawford,2022-05-10,7/15/2022,EA/AM H5N1,Wood duck,Wild bird,Morbidity/Mortality,PA Game Commission
17125,Pennsylvania,York,2022-05-11,7/15/2022,EA H5N1,Bald eagle,Wild bird,Morbidity/Mortality,PA Game Commission
17126,Pennsylvania,Dauphin,2022-05-02,7/15/2022,EA H5N1,Bald eagle,Wild bird,Morbidity/Mortality,PA Game Commission
17127,Pennsylvania,Lancaster,2022-05-02,7/15/2022,EA H5N1,Great horned owl,Wild bird,Morbidity/Mortality,PA Game Commission
17128,Pennsylvania,Columbia,2022-05-24,7/15/2022,EA H5N1,Bald eagle,Wild bird,Morbidity/Mortality,PA Game Commission
17129,Pennsylvania,Butler,2022-04-27,7/15/2022,EA/AM H5N1,Bald eagle,Wild bird,Morbidity/Mortality,PA Game Commission
17130,Pennsylvania,Crawford,2022-04-27,7/15/2022,EA/AM H5N1,Red-tailed hawk,Wild bird,Morbidity/Mortality,PA Game Commission
17131,Pennsylvania,Erie,2022-04-27,7/15/2022,EA/AM H5N1,Bald eagle,Wild bird,Morbidity/Mortality,PA Game Commission
17132,Pennsylvania,Erie,2022-04-27,7/15/2022,EA/AM H5N1,Herring gull,Wild bird,Morbidity/Mortality,PA Game Commission
17133,Pennsylvania,Franklin,2022-04-20,7/15/2022,EA/AM H5N1,Great horned owl,Wild bird,Morbidity/Mortality,PA Game Commission
17141,Pennsylvania,Montgomery,2022-07-08,7/14/2022,EA/AM H5N1,Black vulture,Wild bird,Morbidity/Mortality,PA Game Commission
17142,Pennsylvania,Montgomery,2022-07-08,7/14/2022,EA/AM H5N1,Black vulture,Wild bird,Morbidity/Mortality,PA Game Commission
17143,Pennsylvania,Montgomery,2022-07-08,7/14/2022,EA/AM H5N1,Black vulture,Wild bird,Morbidity/Mortality,PA Game Commission
17278,Pennsylvania,Crawford,2022-06-14,6/21/2022,EA/AM H5N1,Red-tailed hawk,Wild bird,Morbidity/Mortality,PA Game Commission
17279,Pennsylvania,Delaware,2022-06-07,6/21/2022,EA/AM H5N1,Black vulture,Wild bird,Morbidity/Mortality,PA Game Commission
17298,Pennsylvania,Dauphin,2022-06-10,6/16/2022,EA/AM H5N1,Black vulture,Wild bird,Morbidity/Mortality,PA Game Commission
17299,Pennsylvania,Dauphin,2022-06-10,6/16/2022,EA/AM H5N1,Black vulture,Wild bird,Morbidity/Mortality,PA Game Commission
17300,Pennsylvania,Dauphin,2022-06-10,6/16/2022,EA/AM H5N1,Black vulture,Wild bird,Morbidity/Mortality,PA Game Commission
17343,Pennsylvania,Dauphin,2022-06-07,6/14/2022,EA/AM H5N1,Black vulture,Wild bird,Morbidity/Mortality,NWDP
17344,Pennsylvania,Dauphin,2022-06-07,6/14/2022,EA/AM H5N1,Black vulture,Wild bird,Morbidity/Mortality,NWDP
17345,Pennsylvania,Dauphin,2022-06-06,6/14/2022,EA/AM H5N1,Black vulture,Wild bird,Morbidity/Mortality,NWDP
17346,Pennsylvania,Dauphin,2022-06-06,6/14/2022,EA/AM H5N1,Black vulture,Wild bird,Morbidity/Mortality,NWDP
17375,Pennsylvania,Montgomery,2022-06-03,6/9/2022,EA/AM H5N1,Black vulture,Wild bird,Morbidity/Mortality,PA Game Commission
17376,Pennsylvania,Montgomery,2022-06-03,6/9/2022,EA/AM H5N1,Black vulture,Wild bird,Morbidity/Mortality,PA Game Commission
17489,Pennsylvania,Franklin,2022-05-23,5/31/2022,EA H5N1,Canada goose,Wild bird,Morbidity/Mortality,PA Game Commission
17490,Pennsylvania,Franklin,2022-05-23,5/31/2022,EA H5N1,Canada goose,Wild bird,Morbidity/Mortality,PA Game Commission
17491,Pennsylvania,Lancaster,2022-05-12,5/31/2022,EA H5N1,Turkey vulture,Wild bird,Morbidity/Mortality,PA Game Commission
17492,Pennsylvania,Lancaster,2022-05-12,5/31/2022,EA/AM H5N1,Black vulture,Wild bird,Morbidity/Mortality,PA Game Commission
17493,Pennsylvania,Lancaster,2022-05-12,5/31/2022,EA/AM H5N1,Black vulture,Wild bird,Morbidity/Mortality,PA Game Commission
17494,Pennsylvania,Bucks,2022-05-25,5/31/2022,EA/AM H5N1,Black vulture,Wild bird,Morbidity/Mortality,PA Game Commission
17495,Pennsylvania,Franklin,2022-05-23,5/31/2022,EA H5N1,Canada goose,Wild bird,Morbidity/Mortality,PA Game Commission
17707,Pennsylvania,Chester,2022-05-05,5/17/2022,EA/AM H5N1,Black vulture,Wild bird,Morbidity/Mortality,PA Game Commission
18395,Pennsylvania,Franklin,2022-04-14,4/19/2022,EA/AM H5N1,Canada goose,Wild bird,Morbidity/Mortality,PA Game Commission
18717,Pennsylvania,Crawford,2022-03-25,4/5/2022,EA H5N1,Bald eagle,Wild bird,Morbidity/Mortality,PA Game Commission
18718,Pennsylvania,Crawford,2022-03-25,4/5/2022,EA H5N1,Redhead duck,Wild bird,Morbidity/Mortality,PA Game Commission
18879,Pennsylvania,Venango,2022-03-21,3/28/2022,EA H5N1,Merganser (unidentified),Wild bird,Morbidity/Mortality,PA Game Commission
18880,Pennsylvania,Venango,2022-03-21,3/28/2022,EA H5N1,Merganser (unidentified),Wild bird,Morbidity/Mortality,PA Game Commission
18881,Pennsylvania,Venango,2022-03-21,3/28/2022,EA H5N1,Merganser (unidentified),Wild bird,Morbidity/Mortality,PA Game Commission
18882,Pennsylvania,Venango,2022-03-21,3/28/2022,EA H5N1,Merganser (unidentified),Wild bird,Morbidity/Mortality,PA Game Commission
18883,Pennsylvania,Venango,2022-03-21,3/28/2022,EA H5N1,Merganser (unidentified),Wild bird,Morbidity/Mortality,PA Game Commission
18935,Pennsylvania,Chester,2022-03-19,3/24/2022,EA H5N1,Bald eagle,Wild bird,Morbidity/Mortality,PA Game Commission
