Transition,Count,source_tree
ancestor_non-border,1,h5nx_pa
non-border_border,131,h5nx_pa
non-border_PA,43,h5nx_pa
border_PA,34,h5nx_pa
PA_border,8,h5nx_pa
border_non-border,66,h5nx_pa
PA_non-border,2,h5nx_pa
ancestor_non-border,1,h5nx_ns
non-border_border,144,h5nx_ns
non-border_PA,37,h5nx_ns
border_non-border,102,h5nx_ns
border_PA,37,h5nx_ns
PA_border,8,h5nx_ns
PA_non-border,9,h5nx_ns
ancestor_non-border,1,h5nx_pb1
non-border_border,138,h5nx_pb1
non-border_PA,35,h5nx_pb1
PA_border,9,h5nx_pb1
border_PA,35,h5nx_pb1
border_non-border,52,h5nx_pb1
PA_non-border,5,h5nx_pb1
ancestor_non-border,1,h5nx_na
non-border_PA,45,h5nx_na
PA_border,11,h5nx_na
non-border_border,137,h5nx_na
border_PA,29,h5nx_na
border_non-border,63,h5nx_na
PA_non-border,6,h5nx_na
ancestor_non-border,1,h5nx_ha
non-border_border,132,h5nx_ha
non-border_PA,34,h5nx_ha
border_PA,35,h5nx_ha
border_non-border,63,h5nx_ha
PA_non-border,4,h5nx_ha
PA_border,10,h5nx_ha
ancestor_non-border,1,h5nx_mp
non-border_border,161,h5nx_mp
border_non-border,75,h5nx_mp
border_PA,26,h5nx_mp
non-border_PA,50,h5nx_mp
PA_border,14,h5nx_mp
PA_non-border,10,h5nx_mp
ancestor_non-border,1,h5nx_pb2
non-border_border,136,h5nx_pb2
non-border_PA,37,h5nx_pb2
border_non-border,57,h5nx_pb2
PA_non-border,3,h5nx_pb2
border_PA,31,h5nx_pb2
PA_border,9,h5nx_pb2
ancestor_non-border,1,h5nx_np
non-border_border,129,h5nx_np
non-border_PA,41,h5nx_np
border_PA,34,h5nx_np
border_non-border,66,h5nx_np
PA_border,10,h5nx_np
PA_non-border,1,h5nx_np
